-0.00,-0.00,-0.00,-0.00,1.59
-0.00,-0.00,-0.00,-0.00,1.59
-0.00,-0.00,-0.00,-0.00,1.59
-0.00,-0.00,-0.00,-0.00,1.59
-0.00,-0.00,-0.00,-0.00,1.59
-0.00,-0.00,-0.00,-0.00,1.59
-0.00,-0.00,-0.00,-0.00,1.59
-0.00,-0.00,-0.00,-0.00,1.59
-0.00,-0.00,-0.00,-0.00,1.59
-0.00,-0.00,-0.00,-0.00,1.59
-0.00,-0.00,-0.00,-0.00,1.59
-0.00,-0.00,-0.00,-0.00,1.59
-0.00,-0.00,-0.00,-0.00,1.59
-0.00,-0.00,-0.00,-0.00,1.59
0.03,0.03,-0.00,-0.00,1.59
1.28,1.28,11.62,9.34,9.08
2.49,2.49,26.42,20.44,21.72
2.87,2.87,44.81,39.24,38.58
4.76,4.76,52.48,45.69,47.69
15.69,15.69,72.03,56.13,67.47
13.80,13.80,77.72,65.54,71.72
13.01,13.01,74.47,62.74,71.44
13.17,13.17,79.26,71.86,72.35
14.23,14.23,74.33,64.47,72.34
15.65,15.65,74.47,71.21,73.67
16.49,16.49,75.49,70.80,73.66
15.85,15.85,76.48,71.49,74.09
16.90,16.90,72.98,73.58,72.19
17.45,17.45,69.98,73.54,72.85
16.96,16.96,65.82,73.92,73.98
15.87,15.87,66.92,71.52,72.66
15.50,15.50,61.79,73.76,73.12
16.77,16.77,59.08,74.80,74.42
17.79,17.79,61.58,69.55,74.77
20.36,20.36,59.66,75.15,73.49
22.16,22.16,58.69,68.79,74.08
25.34,25.34,57.06,77.91,73.31
24.17,24.17,58.86,65.99,75.76
22.82,22.82,59.02,75.45,75.19
22.48,22.48,56.63,68.92,75.34
22.34,22.34,58.84,73.59,76.28
20.91,20.91,58.56,73.94,76.02
20.52,20.52,58.98,72.28,76.97
21.97,21.97,58.37,71.57,76.53
23.11,23.11,58.11,72.64,75.64
21.73,21.73,59.36,75.41,75.98
20.40,20.40,59.72,74.42,74.16
15.21,15.21,64.28,73.29,74.30
13.85,13.85,66.01,74.38,75.14
14.97,14.97,63.01,78.55,74.18
18.42,18.42,61.61,72.69,75.24
21.95,21.95,61.06,74.36,74.50
21.13,21.13,60.83,70.88,74.03
21.59,21.59,60.35,74.09,75.22
21.72,21.72,59.16,68.54,73.68
23.50,23.50,59.46,70.68,75.20
22.44,22.44,59.83,67.76,73.99
23.41,23.41,60.62,72.53,73.59
22.96,22.96,59.54,72.54,74.21
22.15,22.15,59.16,74.54,75.06
21.67,21.67,60.67,75.31,74.25
21.44,21.44,62.85,76.69,74.39
22.95,22.95,60.60,70.65,74.27
25.55,25.55,58.62,75.85,73.94
27.89,27.89,57.70,75.74,72.34
26.41,26.41,58.11,73.31,75.22
28.32,28.32,59.06,73.11,74.87
29.06,29.06,58.48,66.56,75.94
27.81,27.81,60.04,76.10,78.56
25.92,25.92,59.12,62.64,77.91
25.25,25.25,59.34,74.87,78.04
24.70,24.70,58.54,66.86,77.10
22.62,22.62,59.98,72.15,76.55
20.61,20.61,59.37,69.90,77.44
24.07,24.07,59.99,61.80,74.05
21.73,21.73,60.55,68.44,72.42
21.18,21.18,58.36,65.35,72.16
21.13,21.13,60.21,68.37,72.14
21.06,21.06,60.33,70.89,72.95
19.19,19.19,59.19,66.97,71.27
20.98,20.98,58.60,68.44,69.91
22.11,22.11,58.87,71.05,71.38
23.42,23.42,60.18,66.25,70.04
22.80,22.80,59.75,64.45,70.93
23.96,23.96,59.28,63.82,73.58
23.96,23.96,58.91,65.11,71.97
24.01,24.01,58.29,70.69,72.03
24.01,24.01,58.45,69.87,73.50
25.53,25.53,59.78,69.53,73.78
25.06,25.06,60.87,68.85,75.43
23.30,23.30,58.04,68.86,75.64
24.43,24.43,57.55,67.27,75.50
23.87,23.87,57.54,66.39,74.17
21.31,21.31,58.09,70.37,75.00
20.79,20.79,56.85,71.51,75.25
22.78,22.78,57.80,69.51,73.78
25.33,25.33,56.52,67.54,77.31
25.83,25.83,56.39,71.95,78.52
27.15,27.15,56.15,70.45,78.97
27.58,27.58,57.23,69.56,79.13
25.55,25.55,58.36,66.61,79.03
21.89,21.89,61.22,70.08,78.74
16.89,16.89,65.95,66.59,79.64
14.25,14.25,68.02,70.41,77.99
14.55,14.55,65.05,64.92,75.35
21.36,21.36,63.50,68.51,75.87
23.60,23.60,61.97,62.40,77.20
25.92,25.92,60.63,65.73,75.00
24.90,24.90,58.18,62.71,75.26
25.55,25.55,56.55,68.47,76.71
28.06,28.06,57.79,66.95,75.22
29.36,29.36,57.67,63.14,75.03
28.58,28.58,57.12,70.87,73.64
27.77,27.77,55.98,64.78,75.34
27.87,27.87,56.22,72.22,74.43
24.26,24.26,56.01,70.11,74.42
18.58,18.58,60.61,73.02,75.74
20.76,20.76,58.67,73.12,75.70
25.72,25.72,55.06,69.75,75.79
28.60,28.60,54.14,75.44,75.79
30.50,30.50,53.09,64.75,77.21
27.86,27.86,56.02,70.95,76.98
29.11,29.11,55.37,64.53,75.19
29.78,29.78,54.26,68.70,76.08
30.64,30.64,54.75,72.19,78.11
29.33,29.33,53.66,63.27,77.98
30.58,30.58,51.91,72.87,76.39
31.30,31.30,53.71,67.38,75.98
31.18,31.18,54.18,68.37,74.44
29.07,29.07,51.59,70.71,69.93
28.70,28.70,50.43,72.70,75.53
27.68,27.68,50.05,73.35,75.50
29.47,29.47,51.53,66.51,74.30
28.12,28.12,51.94,64.26,73.44
27.28,27.28,50.62,73.03,74.77
27.02,27.02,51.40,69.92,73.00
29.01,29.01,49.65,68.31,74.13
28.80,28.80,50.88,72.03,75.58
29.15,29.15,49.79,71.95,74.12
30.91,30.91,50.62,72.47,73.84
28.54,28.54,51.30,72.45,76.25
29.64,29.64,50.66,72.92,73.64
26.29,26.29,53.03,73.25,75.10
23.12,23.12,56.50,71.09,75.69
20.15,20.15,63.24,72.35,76.97
20.75,20.75,57.30,71.36,76.99
22.84,22.84,51.94,67.20,77.25
25.49,25.49,49.58,71.95,77.13
29.03,29.03,47.29,71.39,75.26
28.59,28.59,44.94,71.60,76.89
28.32,28.32,43.45,72.99,78.62
28.95,28.95,42.65,75.62,76.96
30.83,30.83,41.93,73.53,77.02
29.92,29.92,42.92,74.07,79.29
28.53,28.53,46.84,73.48,77.82
27.35,27.35,51.88,71.74,75.11
25.71,25.71,56.24,65.77,72.09
19.99,19.99,61.84,72.60,74.19
16.65,16.65,66.72,70.28,75.55
18.65,18.65,66.17,67.74,72.78
23.86,23.86,62.72,70.71,76.99
27.35,27.35,59.36,66.27,73.50
29.26,29.26,56.09,70.21,75.13
29.11,29.11,54.35,69.04,73.72
27.82,27.82,53.23,66.46,74.13
28.56,28.56,53.12,67.65,73.67
28.34,28.34,50.12,68.21,74.63
27.26,27.26,50.26,66.69,73.09
26.58,26.58,48.77,69.28,73.60
28.09,28.09,48.93,66.48,72.38
24.95,24.95,51.09,64.01,74.04
24.25,24.25,56.39,70.27,75.28
24.63,24.63,59.75,63.69,74.47
24.84,24.84,53.42,68.74,75.87
25.36,25.36,47.96,73.24,76.83
27.61,27.61,45.84,69.08,76.71
29.99,29.99,45.46,75.06,76.03
31.29,31.29,43.37,74.08,79.19
30.55,30.55,42.83,72.44,77.55
29.84,29.84,41.81,76.51,78.92
29.32,29.32,41.75,73.97,77.97
29.15,29.15,42.21,72.56,79.19
30.09,30.09,42.62,77.09,77.12
31.72,31.72,45.43,71.94,74.55
31.04,31.04,45.72,70.37,73.52
34.25,34.25,43.55,72.79,73.40
32.94,32.94,39.94,70.25,74.16
31.71,31.71,38.25,69.59,73.63
32.01,32.01,38.15,67.86,72.51
34.21,34.21,38.53,66.66,74.33
31.63,31.63,37.78,69.23,73.36
32.69,32.69,38.41,69.55,73.60
34.24,34.24,38.74,68.10,72.49
32.66,32.66,39.07,68.18,72.35
32.27,32.27,39.07,62.98,75.66
32.22,32.22,40.41,65.26,74.60
31.70,31.70,38.71,68.42,75.33
32.17,32.17,40.64,65.38,74.88
30.30,30.30,43.92,65.87,75.04
28.24,28.24,51.73,70.17,76.64
29.66,29.66,49.70,69.69,77.44
29.95,29.95,42.57,69.37,76.21
31.83,31.83,37.45,71.98,76.63
32.31,32.31,35.95,72.49,77.50
31.75,31.75,33.95,66.37,76.62
32.87,32.87,33.14,72.21,73.61
33.64,33.64,32.45,73.36,76.22
32.57,32.57,32.60,73.43,76.34
34.24,34.24,31.63,73.19,79.36
35.86,35.86,33.24,76.01,78.12
33.83,33.83,42.59,74.85,80.92
31.06,31.06,51.68,74.12,81.23
26.24,26.24,57.79,75.82,80.85
21.58,21.58,64.79,74.64,78.95
19.50,19.50,66.68,74.93,78.63
22.59,22.59,63.09,75.34,76.66
26.38,26.38,60.15,74.43,77.52
30.50,30.50,55.41,73.06,77.28
32.48,32.48,52.06,73.88,77.90
35.15,35.15,48.52,72.19,78.92
33.44,33.44,45.20,72.65,77.57
34.15,34.15,44.50,71.05,75.45
32.83,32.83,44.60,73.94,75.89
33.58,33.58,42.08,70.18,76.42
33.71,33.71,41.32,68.65,75.46
29.29,29.29,43.72,74.31,77.91
26.43,26.43,47.14,66.50,77.53
24.42,24.42,57.85,64.37,74.94
26.35,26.35,51.06,74.60,77.34
28.44,28.44,44.35,68.70,76.75
31.00,31.00,39.87,70.91,75.55
35.32,35.32,38.12,76.26,75.39
34.41,34.41,36.52,70.70,76.16
32.33,32.33,36.17,70.27,77.09
32.38,32.38,36.18,77.70,77.96
31.94,31.94,36.23,71.50,76.92
34.27,34.27,38.82,70.11,78.73
34.49,34.49,40.10,73.48,77.86
33.21,33.21,42.35,71.88,75.81
31.37,31.37,41.32,65.11,74.01
34.26,34.26,38.92,72.49,72.96
34.99,34.99,37.48,76.49,76.27
32.94,32.94,33.87,64.83,76.45
33.87,33.87,35.14,74.63,74.91
32.91,32.91,35.83,68.10,76.19
32.27,32.27,35.82,72.30,74.90
31.66,31.66,35.56,69.50,71.96
30.98,30.98,35.62,78.74,75.04
30.79,30.79,36.73,74.09,73.15
31.54,31.54,37.00,75.41,73.39
32.99,32.99,37.72,74.33,73.71
31.54,31.54,37.86,74.91,75.85
29.47,29.47,38.97,73.77,75.79
29.11,29.11,44.27,73.74,75.67
25.77,25.77,50.23,73.85,75.94
27.74,27.74,55.16,75.85,77.34
28.66,28.66,46.24,75.04,79.52
28.19,28.19,41.83,75.01,77.38
29.23,29.23,42.75,75.95,77.36
29.62,29.62,46.54,74.87,79.14
30.95,30.95,43.77,75.40,79.71
32.98,32.98,43.13,72.82,79.99
31.54,31.54,43.06,72.97,80.57
32.27,32.27,42.59,73.59,80.73
34.15,34.15,42.47,73.07,81.19
32.87,32.87,44.91,72.12,79.05
31.23,31.23,50.05,72.41,75.87
28.17,28.17,55.91,71.12,74.43
26.71,26.71,61.09,70.82,74.12
24.22,24.22,63.07,70.02,73.09
26.17,26.17,63.13,68.62,75.00
28.09,28.09,60.82,67.31,77.08
30.92,30.92,55.77,67.10,75.74
31.74,31.74,53.54,65.74,77.94
32.11,32.11,46.54,66.08,76.67
32.03,32.03,45.56,70.23,77.63
34.81,34.81,44.23,70.73,78.45
33.24,33.24,42.97,72.01,77.06
34.10,34.10,40.82,74.80,78.09
35.76,35.76,40.61,75.59,77.55
34.90,34.90,42.88,74.86,78.01
33.25,33.25,43.93,74.60,77.91
33.80,33.80,51.47,75.39,77.62
33.09,33.09,50.01,74.86,76.72
30.43,30.43,46.04,74.60,77.98
31.04,31.04,43.50,75.72,79.48
31.75,31.75,42.00,76.68,79.51
31.47,31.47,41.77,74.77,80.10
31.95,31.95,39.64,75.46,81.52
32.75,32.75,39.16,75.58,80.23
34.59,34.59,40.94,76.55,80.05
35.55,35.55,42.87,76.35,82.15
34.58,34.58,38.97,74.82,80.25
34.58,34.58,39.39,74.25,76.80
34.11,34.11,40.95,72.56,76.43
32.88,32.88,37.47,73.25,75.29
33.22,33.22,37.65,71.43,75.87
30.97,30.97,36.24,70.90,75.82
30.46,30.46,35.16,71.50,76.70
31.76,31.76,34.31,70.32,76.06
32.40,32.40,35.35,72.45,76.81
33.27,33.27,34.32,75.29,77.05
33.15,33.15,33.11,75.62,76.78
29.23,29.23,35.18,74.18,76.33
28.10,28.10,36.71,73.30,75.29
29.88,29.88,39.26,72.98,76.80
29.73,29.73,38.88,72.24,76.35
32.02,32.02,38.37,72.82,76.85
32.26,32.26,39.92,70.18,77.03
31.56,31.56,42.44,67.80,78.01
32.21,32.21,47.81,68.05,77.07
32.97,32.97,42.83,68.40,77.19
33.77,33.77,39.79,69.37,78.01
32.35,32.35,39.37,70.37,79.55
30.21,30.21,37.04,74.36,79.27
29.08,29.08,36.23,74.20,75.54
32.44,32.44,34.81,75.05,73.35
32.59,32.59,37.22,74.52,72.68
34.89,34.89,40.01,74.48,77.41
35.24,35.24,45.84,75.07,81.16
35.15,35.15,46.89,74.34,79.38
36.66,36.66,50.35,76.28,81.27
33.91,33.91,56.81,78.70,80.26
31.55,31.55,60.92,77.90,79.11
26.88,26.88,65.68,77.75,79.63
25.43,25.43,66.21,78.59,79.07
28.41,28.41,62.73,78.83,78.81
31.90,31.90,60.56,77.78,78.06
33.43,33.43,54.87,78.47,78.14
33.70,33.70,50.97,77.95,76.87
34.43,34.43,48.30,77.51,78.22
34.01,34.01,45.62,78.17,75.94
36.53,36.53,44.75,76.13,77.63
37.26,37.26,47.85,75.07,77.26
37.09,37.09,47.06,75.45,75.99
36.31,36.31,47.97,73.29,76.45
31.49,31.49,53.55,73.31,78.53
29.19,29.19,55.11,76.14,75.62
29.68,29.68,61.00,76.55,75.96
30.77,30.77,54.94,76.48,76.99
32.48,32.48,54.57,78.03,78.42
31.99,31.99,50.68,77.17,78.33
32.41,32.41,49.05,77.51,78.88
31.71,31.71,48.22,78.63,77.33
31.31,31.31,48.15,77.05,78.08
30.25,30.25,47.67,77.03,78.70
30.47,30.47,49.80,78.13,80.63
32.92,32.92,46.75,77.10,80.46
33.52,33.52,46.59,76.56,77.80
32.17,32.17,48.03,77.13,75.67
34.04,34.04,43.89,77.66,74.95
35.78,35.78,41.38,76.79,74.46
34.98,34.98,39.61,74.16,75.14
34.94,34.94,39.50,72.26,78.27
34.54,34.54,39.93,72.13,77.93
33.02,33.02,40.13,74.64,75.41
32.28,32.28,39.58,73.83,75.68
32.42,32.42,40.66,69.54,75.20
33.39,33.39,39.75,72.73,75.00
31.92,31.92,40.54,76.98,74.93
33.30,33.30,40.86,74.67,76.84
31.21,31.21,41.23,74.68,77.14
30.45,30.45,43.23,75.21,77.00
30.40,30.40,47.66,76.98,77.13
26.15,26.15,54.22,76.56,77.08
25.71,25.71,62.06,75.49,77.90
26.28,26.28,61.56,73.00,77.55
28.01,28.01,56.14,72.57,78.83
29.31,29.31,55.86,74.16,80.08
30.40,30.40,53.03,70.61,80.10
29.84,29.84,53.56,70.47,78.07
29.59,29.59,49.89,67.95,80.37
28.56,28.56,51.32,71.01,80.86
30.31,30.31,51.76,66.52,80.76
33.13,33.13,50.89,71.47,82.93
31.66,31.66,51.40,64.67,81.05
30.34,30.34,51.41,68.53,77.94
27.09,27.09,54.52,66.96,77.00
24.59,24.59,55.90,67.85,74.13
21.77,21.77,61.33,68.07,75.14
22.54,22.54,63.92,67.24,76.05
26.61,26.61,62.57,68.61,77.92
31.48,31.48,59.74,69.58,76.17
32.65,32.65,55.61,69.47,78.05
34.41,34.41,52.25,69.30,77.39
32.77,32.77,51.38,70.18,77.99
31.88,31.88,50.73,66.45,76.73
34.69,34.69,49.18,72.19,77.45
36.85,36.85,49.44,70.40,77.96
35.84,35.84,47.54,72.79,78.69
34.88,34.88,49.93,71.09,78.17
32.32,32.32,50.18,70.41,79.95
32.53,32.53,51.76,70.39,79.58
34.53,34.53,55.75,71.42,78.82
34.50,34.50,54.09,70.35,77.02
33.02,33.02,52.81,67.71,77.90
32.50,32.50,54.97,73.66,80.64
31.96,31.96,52.77,72.58,79.77
30.85,30.85,52.82,71.97,78.29
32.53,32.53,52.32,68.20,81.70
30.52,30.52,49.55,72.45,81.25
31.80,31.80,50.63,72.30,81.37
33.45,33.45,51.66,71.41,81.68
32.87,32.87,48.74,70.95,80.09
33.46,33.46,48.73,71.18,77.64
33.75,33.75,48.37,70.04,75.90
35.01,35.01,46.69,68.00,75.59
34.48,34.48,49.78,68.87,75.95
35.68,35.68,47.86,68.84,77.42
35.26,35.26,48.00,68.25,76.42
35.04,35.04,48.27,66.69,76.73
33.79,33.79,49.24,73.16,77.00
33.73,33.73,48.29,69.73,76.94
33.75,33.75,46.68,70.46,76.83
34.04,34.04,45.83,70.22,76.98
33.18,33.18,46.94,72.07,78.94
33.79,33.79,47.94,68.58,77.37
35.36,35.36,47.32,67.92,78.43
33.90,33.90,48.64,71.74,76.59
31.92,31.92,51.45,70.97,76.57
31.68,31.68,54.36,72.84,78.89
32.68,32.68,59.39,71.48,79.10
32.65,32.65,55.93,72.83,79.28
31.28,31.28,56.43,69.41,77.87
30.56,30.56,56.00,71.22,80.14
29.32,29.32,55.43,73.78,77.40
30.42,30.42,53.13,70.78,75.10
31.28,31.28,50.31,72.42,73.55
33.38,33.38,51.23,75.38,76.20
34.31,34.31,56.77,77.94,78.82
35.37,35.37,57.96,75.49,81.85
35.42,35.42,60.95,74.36,80.01
33.99,33.99,61.12,74.20,82.77
33.59,33.59,61.72,76.18,81.75
27.20,27.20,64.33,76.43,80.45
22.98,22.98,67.92,72.98,79.52
24.82,24.82,66.45,71.26,78.23
26.04,26.04,63.51,75.27,79.30
30.21,30.21,59.76,77.17,78.80
30.48,30.48,55.37,73.22,78.50
32.71,32.71,53.67,73.87,77.20
32.05,32.05,49.66,73.61,76.42
34.91,34.91,48.99,76.81,76.07
35.40,35.40,51.18,73.82,76.05
35.12,35.12,49.90,70.50,76.76
34.90,34.90,48.83,71.85,76.36
33.98,33.98,50.38,75.32,79.73
31.42,31.42,53.05,76.13,78.41
31.23,31.23,58.34,73.22,79.11
29.47,29.47,61.06,71.78,77.60
31.21,31.21,58.08,74.93,79.39
34.32,34.32,57.62,78.46,79.77
33.85,33.85,56.63,72.89,79.39
33.24,33.24,54.79,73.63,80.80
34.66,34.66,54.42,73.21,78.61
32.97,32.97,54.28,74.19,80.38
33.99,33.99,53.02,71.49,80.73
33.22,33.22,52.78,69.28,82.13
31.89,31.89,53.12,69.97,81.58
33.05,33.05,52.20,72.57,80.87
32.28,32.28,51.45,75.23,76.30
33.06,33.06,46.27,71.39,78.77
33.69,33.69,44.77,72.30,75.92
34.67,34.67,41.83,76.80,75.90
35.17,35.17,40.31,70.28,73.88
33.76,33.76,39.19,75.60,77.45
34.93,34.93,42.12,74.97,76.66
33.57,33.57,40.70,65.63,77.51
33.08,33.08,41.30,76.89,76.14
32.88,32.88,40.79,71.25,76.95
32.53,32.53,40.98,76.74,76.86
29.75,29.75,42.27,74.32,76.97
29.80,29.80,42.54,73.30,76.60
29.78,29.78,43.29,76.12,77.08
29.37,29.37,46.47,70.78,77.36
27.29,27.29,52.84,79.93,75.95
25.23,25.23,61.32,73.55,79.42
26.49,26.49,62.69,76.76,80.67
27.85,27.85,59.26,76.50,76.61
28.90,28.90,56.82,77.57,76.84
29.90,29.90,58.59,78.02,79.06
32.73,32.73,56.71,74.59,78.92
30.94,30.94,54.29,76.56,80.75
34.73,34.73,56.20,76.92,82.68
34.94,34.94,53.48,75.75,82.19
33.52,33.52,52.33,78.73,81.57
32.31,32.31,49.09,75.67,80.85
32.27,32.27,45.39,77.34,80.05
28.97,28.97,48.89,76.30,74.70
23.29,23.29,56.14,75.02,74.69
18.83,18.83,65.06,75.58,75.54
18.21,18.21,66.15,74.91,75.73
23.10,23.10,63.99,77.12,76.80
26.52,26.52,58.78,74.17,75.21
28.52,28.52,56.20,76.59,75.80
30.03,30.03,53.10,76.69,75.00
32.00,32.00,49.55,74.14,76.39
32.75,32.75,46.85,75.72,77.79
32.76,32.76,46.14,74.01,77.85
32.42,32.42,46.29,73.76,78.50
33.64,33.64,45.43,71.09,78.30
32.16,32.16,46.32,73.51,79.23
34.41,34.41,47.30,74.81,77.81
30.76,30.76,49.89,73.80,76.92
33.05,33.05,57.98,76.69,75.60
34.13,34.13,52.25,73.69,73.80
33.95,33.95,49.95,76.99,74.73
34.15,34.15,45.83,74.65,75.80
32.29,32.29,43.50,73.80,80.06
32.26,32.26,42.24,74.34,78.58
33.53,33.53,42.65,74.93,80.00
36.78,36.78,44.83,73.88,78.92
36.35,36.35,46.54,74.22,79.80
35.80,35.80,46.28,74.03,80.51
35.78,35.78,45.51,76.31,79.77
32.51,32.51,41.90,72.90,76.41
34.78,34.78,41.41,75.12,75.65
32.38,32.38,41.86,72.91,74.05
33.93,33.93,43.00,74.36,72.72
33.00,33.00,42.54,72.17,75.96
32.76,32.76,40.79,75.16,74.93
32.64,32.64,42.09,71.44,76.89
29.24,29.24,42.40,73.46,77.13
27.97,27.97,42.16,70.11,76.69
25.35,25.35,41.00,70.76,76.14
28.16,28.16,42.67,72.88,76.77
30.84,30.84,41.90,65.77,76.39
32.20,32.20,42.59,73.95,76.67
31.06,31.06,41.35,67.36,77.33
32.10,32.10,43.01,68.71,76.43
28.17,28.17,46.19,68.55,77.93
25.75,25.75,52.48,67.79,76.82
26.58,26.58,56.09,75.87,77.91
26.25,26.25,51.56,69.53,77.98
30.70,30.70,48.33,76.74,77.61
32.91,32.91,44.94,65.01,79.97
34.08,34.08,43.88,74.17,77.36
31.54,31.54,42.75,75.08,76.39
30.14,30.14,46.07,68.55,75.89
32.34,32.34,50.64,72.57,78.40
34.38,34.38,57.62,70.82,77.91
35.44,35.44,59.00,68.85,81.77
34.77,34.77,59.30,71.03,81.35
31.28,31.28,58.97,68.10,80.20
29.22,29.22,60.18,76.46,82.01
25.00,25.00,61.99,65.35,81.77
21.27,21.27,63.14,75.72,80.41
24.25,24.25,60.87,67.47,77.54
27.69,27.69,59.05,68.91,75.90
30.59,30.59,54.84,74.18,78.12
30.97,30.97,51.36,64.95,77.55
32.73,32.73,50.13,75.41,76.12
34.98,34.98,48.15,64.69,75.63
34.27,34.27,46.64,73.72,74.72
35.57,35.57,48.06,68.27,75.99
34.22,34.22,48.71,70.14,76.58
31.80,31.80,47.28,72.73,78.21
29.61,29.61,47.66,67.43,75.50
25.47,25.47,50.49,74.25,78.00
21.30,21.30,56.43,64.89,75.97
20.84,20.84,54.73,70.78,74.13
25.07,25.07,53.10,68.91,78.51
29.19,29.19,52.95,68.12,78.82
30.72,30.72,50.77,73.67,78.81
31.74,31.74,51.00,66.34,79.74
32.83,32.83,50.95,72.95,78.96
32.02,32.02,50.96,69.80,79.36
31.11,31.11,49.10,70.23,78.55
31.64,31.64,49.35,70.64,78.64
29.50,29.50,49.53,71.88,78.55
30.21,30.21,47.81,70.98,74.19
30.49,30.49,46.79,71.08,73.20
32.47,32.47,45.53,72.00,74.50
33.95,33.95,47.99,71.62,77.21
31.87,31.87,44.91,77.06,73.31
28.15,28.15,44.05,72.68,75.39
27.99,27.99,42.97,73.79,74.93
28.82,28.82,41.34,73.61,76.36
30.27,30.27,40.29,79.74,76.09
30.30,30.30,38.98,77.42,76.82
31.44,31.44,40.41,78.57,77.88
31.23,31.23,39.17,76.42,78.32
28.64,28.64,39.38,69.41,77.26
30.80,30.80,40.90,76.03,77.19
28.96,28.96,40.97,73.54,77.40
26.82,26.82,47.38,74.09,76.96
23.38,23.38,53.24,77.39,75.39
21.39,21.39,59.00,74.47,74.66
21.71,21.71,57.96,72.15,75.55
24.24,24.24,57.52,74.60,76.36
27.22,27.22,57.82,74.12,79.06
29.08,29.08,54.53,71.35,77.93
29.79,29.79,53.92,76.93,80.12
29.88,29.88,53.49,70.97,78.58
29.03,29.03,54.14,73.24,79.32
29.88,29.88,55.82,74.22,81.00
31.63,31.63,57.33,74.17,80.70
30.40,30.40,55.16,77.30,77.09
29.83,29.83,54.16,77.40,76.19
26.38,26.38,55.36,75.27,75.98
21.76,21.76,58.03,77.38,74.49
18.55,18.55,63.67,76.85,75.03
19.71,19.71,64.63,74.64,76.56
23.88,23.88,62.62,77.52,75.81
25.70,25.70,60.87,75.77,74.75
29.59,29.59,55.76,76.88,75.31
31.10,31.10,51.50,77.97,75.58
30.07,30.07,49.75,76.09,75.21
28.81,28.81,47.73,78.17,76.37
29.03,29.03,47.89,76.33,76.17
31.09,31.09,46.42,76.29,75.87
29.26,29.26,44.59,78.63,75.63
30.32,30.32,42.23,77.93,75.47
29.72,29.72,42.09,77.50,76.37
29.96,29.96,40.82,78.18,76.41
27.14,27.14,41.11,79.97,75.09
27.19,27.19,40.06,78.57,76.31
27.79,27.79,41.51,80.16,79.83
28.83,28.83,40.06,81.41,78.38
29.16,29.16,40.16,77.38,77.73
32.32,32.32,40.07,81.35,78.53
31.62,31.62,38.93,78.10,80.10
31.84,31.84,41.57,76.49,79.40
32.92,32.92,42.45,78.73,80.08
34.02,34.02,45.28,76.00,80.25
30.96,30.96,42.44,77.31,78.01
27.08,27.08,41.15,76.81,75.44
26.47,26.47,39.55,78.85,73.29
26.78,26.78,39.77,76.49,74.73
26.91,26.91,39.77,81.30,72.44
30.24,30.24,38.62,79.22,75.19
31.46,31.46,36.01,76.80,73.69
30.55,30.55,37.58,76.29,75.22
31.02,31.02,37.12,76.18,76.04
28.89,28.89,35.41,77.09,77.39
29.76,29.76,37.30,71.39,74.94
30.39,30.39,37.36,77.48,77.85
32.97,32.97,36.73,75.60,77.93
32.16,32.16,36.19,70.43,76.84
30.50,30.50,38.12,73.85,76.59
29.70,29.70,40.87,72.78,76.20
24.43,24.43,45.71,68.23,76.63
23.25,23.25,51.76,69.65,76.93
23.55,23.55,52.40,72.44,78.76
28.30,28.30,48.09,68.44,77.30
31.79,31.79,45.63,71.72,79.34
33.87,33.87,45.02,73.49,77.71
33.02,33.02,43.79,76.06,77.48
33.32,33.32,44.98,75.47,76.71
32.51,32.51,47.27,79.34,77.38
34.83,34.83,54.50,77.46,76.75
36.19,36.19,59.39,75.77,82.10
33.15,33.15,59.86,77.49,81.66
32.11,32.11,59.45,76.15,82.19
30.68,30.68,60.86,77.37,80.54
29.58,29.58,60.48,76.75,82.44
27.88,27.88,60.99,77.16,81.21
28.16,28.16,62.17,77.09,81.94
31.55,31.55,59.01,76.73,81.94
33.72,33.72,57.07,77.66,81.65
35.36,35.36,54.07,75.94,83.50
36.05,36.05,51.49,72.76,82.73
36.66,36.66,50.88,75.50,83.05
37.92,37.92,46.67,71.53,80.51
36.59,36.59,45.01,73.60,81.42
35.04,35.04,50.42,76.35,80.71
33.51,33.51,51.89,74.65,79.37
34.11,34.11,47.78,75.52,78.94
32.44,32.44,48.82,77.24,80.74
29.96,29.96,48.25,74.76,80.89
25.62,25.62,53.89,74.32,79.51
26.55,26.55,51.67,71.67,80.95
26.11,26.11,49.42,72.85,81.32
28.09,28.09,49.40,69.08,80.02
30.51,30.51,47.34,69.87,79.33
33.24,33.24,48.38,74.84,80.02
33.90,33.90,47.69,74.74,81.12
35.33,35.33,47.78,74.78,80.38
36.47,36.47,47.78,75.01,81.46
39.06,39.06,50.19,72.82,82.17
36.38,36.38,51.44,72.16,80.29
36.18,36.18,50.23,75.19,77.49
34.96,34.96,46.98,71.46,74.18
35.11,35.11,47.87,73.46,75.28
34.93,34.93,48.81,76.60,75.18
34.60,34.60,48.86,71.54,75.05
34.46,34.46,49.99,76.61,75.34
32.88,32.88,51.84,74.17,74.98
33.16,33.16,51.82,75.26,74.67
34.34,34.34,50.87,73.73,76.01
31.09,31.09,49.51,73.73,75.56
32.13,32.13,49.98,75.37,77.61
32.91,32.91,50.49,74.39,77.70
34.69,34.69,51.09,74.52,77.07
36.02,36.02,52.44,75.81,76.88
36.33,36.33,51.61,74.77,79.16
34.69,34.69,52.46,75.46,77.28
33.04,33.04,56.42,74.70,79.53
32.56,32.56,57.84,75.33,79.90
35.02,35.02,53.94,75.24,79.14
34.05,34.05,55.64,74.59,80.89
35.81,35.81,53.35,74.23,80.03
34.30,34.30,52.30,73.87,79.25
34.46,34.46,53.35,75.33,80.63
35.47,35.47,51.93,75.21,81.07
35.75,35.75,51.72,74.48,80.27
36.35,36.35,53.39,74.95,81.98
38.48,38.48,51.50,75.27,80.42
37.76,37.76,52.89,74.03,79.88
35.39,35.39,50.33,73.80,80.06
36.54,36.54,47.92,75.14,78.43
35.79,35.79,44.37,75.95,80.95
35.70,35.70,44.25,76.16,79.97
35.19,35.19,44.69,76.14,79.18
36.31,36.31,45.71,74.78,80.16
39.48,39.48,44.59,73.69,77.09
39.52,39.52,44.21,72.40,79.32
38.44,38.44,43.77,71.37,78.74
37.06,37.06,42.65,70.36,79.61
37.14,37.14,43.43,71.29,79.84
36.88,36.88,45.91,74.43,77.94
39.13,39.13,44.25,74.31,77.80
39.00,39.00,45.25,73.88,78.60
37.83,37.83,44.86,74.75,78.11
38.46,38.46,43.52,73.84,77.08
38.83,38.83,45.07,73.03,77.90
40.00,40.00,45.50,70.72,74.95
38.74,38.74,44.26,72.55,76.81
39.43,39.43,46.49,73.67,78.11
38.90,38.90,42.97,69.83,77.07
37.93,37.93,42.69,69.36,79.57
36.99,36.99,42.67,71.27,80.91
36.75,36.75,43.61,73.87,80.60
37.00,37.00,44.18,74.78,79.67
38.52,38.52,45.29,73.92,80.28
37.47,37.47,44.68,73.97,80.91
35.93,35.93,41.21,74.24,79.21
36.73,36.73,44.58,74.06,75.85
35.68,35.68,45.16,74.21,77.58
36.66,36.66,44.03,75.29,74.30
36.32,36.32,43.55,74.96,76.27
34.82,34.82,44.76,73.90,75.10
32.69,32.69,44.40,70.09,76.14
33.44,33.44,42.97,68.69,77.51
33.72,33.72,44.83,67.82,77.26
34.29,34.29,44.56,70.87,77.05
33.48,33.48,43.68,73.91,78.70
34.28,34.28,45.63,75.16,75.96
34.48,34.48,45.14,74.76,77.38
32.35,32.35,45.04,74.80,76.58
33.90,33.90,44.89,74.54,76.96
35.33,35.33,44.45,75.82,76.78
34.62,34.62,42.22,77.23,77.60
33.25,33.25,41.56,76.53,77.45
32.01,32.01,42.60,76.20,78.01
30.21,30.21,44.08,76.45,77.61
27.58,27.58,44.27,74.48,77.73
27.13,27.13,44.95,75.69,79.00
28.64,28.64,43.19,74.89,77.23
30.95,30.95,41.71,75.80,77.76
31.17,31.17,42.02,77.04,79.01
33.60,33.60,43.79,75.18,80.01
34.59,34.59,43.04,75.57,80.01
34.44,34.44,40.69,77.74,81.63
32.53,32.53,45.93,77.22,82.06
33.29,33.29,44.79,77.05,81.74
35.57,35.57,45.46,77.93,81.05
35.18,35.18,46.09,78.26,81.65
32.44,32.44,44.83,78.04,80.35
31.49,31.49,44.65,78.38,79.58
32.90,32.90,46.81,77.68,79.60
31.49,31.49,45.56,76.93,78.97
31.51,31.51,47.66,76.70,77.53
31.88,31.88,46.46,74.29,77.69
29.11,29.11,46.03,74.54,76.28
28.81,28.81,44.62,76.07,78.44
29.17,29.17,44.25,75.37,77.81
29.10,29.10,43.92,75.90,78.95
29.61,29.61,44.31,77.01,79.35
28.29,28.29,44.06,76.46,78.05
27.02,27.02,45.49,75.96,80.33
28.20,28.20,46.91,77.34,77.90
26.43,26.43,44.71,76.86,79.25
25.51,25.51,48.01,76.56,80.17
27.80,27.80,46.22,75.71,79.62
28.29,28.29,47.01,67.35,79.66
27.10,27.10,45.03,71.80,80.18
25.82,25.82,46.42,71.55,79.65
25.22,25.22,47.54,71.17,81.82
22.76,22.76,49.07,67.53,81.55
23.16,23.16,48.17,66.40,82.31
25.63,25.63,48.25,70.18,80.37
25.29,25.29,50.33,70.42,78.58
25.30,25.30,46.96,69.93,78.83
26.98,26.98,46.85,73.79,77.26
27.89,27.89,47.41,76.34,78.41
27.14,27.14,48.00,70.74,78.07
26.15,26.15,49.76,77.73,77.48
25.71,25.71,49.30,79.48,76.85
23.40,23.40,48.48,77.08,77.67
22.92,22.92,49.70,74.03,76.96
21.87,21.87,49.65,78.94,77.51
23.99,23.99,50.11,77.76,77.45
21.03,21.03,49.76,74.11,77.23
20.46,20.46,49.66,74.65,77.74
20.27,20.27,49.16,77.01,79.12
22.65,22.65,49.14,75.00,77.75
24.25,24.25,47.59,75.51,78.66
23.03,23.03,49.74,75.04,77.25
23.24,23.24,50.41,74.97,78.51
24.77,24.77,49.01,74.50,80.24
28.33,28.33,50.78,77.61,81.02
26.93,26.93,50.67,77.78,80.54
23.48,23.48,51.13,73.79,79.73
23.17,23.17,52.59,77.24,80.77
23.68,23.68,53.31,77.17,82.42
23.12,23.12,53.05,78.02,81.14
23.13,23.13,54.42,76.30,82.45
23.93,23.93,52.96,78.76,81.43
23.88,23.88,54.57,77.84,81.47
22.32,22.32,53.34,77.53,81.45
20.77,20.77,51.65,77.04,79.14
20.14,20.14,50.91,76.84,80.36
20.95,20.95,52.26,74.83,80.60
22.27,22.27,54.48,78.32,80.75
21.95,21.95,54.03,77.75,80.50
20.96,20.96,53.87,75.04,81.14
22.13,22.13,53.25,77.53,78.76
23.15,23.15,55.36,78.93,79.23
21.48,21.48,54.44,76.99,80.32
18.83,18.83,54.37,75.04,80.34
19.86,19.86,54.86,77.52,80.52
21.33,21.33,55.19,77.44,80.13
21.88,21.88,55.23,77.94,80.19
21.54,21.54,57.63,76.50,81.91
20.44,20.44,54.67,76.05,80.45
20.30,20.30,55.88,75.24,80.48
22.92,22.92,55.37,76.96,78.14
25.68,25.68,54.97,72.84,80.35
25.03,25.03,54.75,67.10,79.85
24.03,24.03,55.63,70.26,80.41
24.59,24.59,54.92,68.34,79.87
22.58,22.58,54.76,70.50,80.04
22.65,22.65,55.64,69.59,81.54
23.87,23.87,55.62,71.01,81.47
24.57,24.57,57.18,71.53,81.41
25.22,25.22,56.50,75.49,80.02
25.10,25.10,55.90,74.44,78.97
24.06,24.06,57.47,73.94,80.71
21.08,21.08,56.87,75.15,79.41
18.38,18.38,56.28,75.43,81.29
18.85,18.85,56.53,71.43,79.77
19.92,19.92,55.30,69.44,81.60
15.55,15.55,56.12,71.02,80.11
15.30,15.30,55.87,72.04,80.83
16.09,16.09,56.47,70.64,80.40
18.84,18.84,57.54,70.13,80.61
18.33,18.33,56.73,71.60,80.61
20.08,20.08,56.08,72.19,78.95
20.86,20.86,56.27,76.10,79.85
21.90,21.90,56.30,74.41,79.42
23.79,23.79,58.15,72.54,79.77
21.36,21.36,55.51,73.95,81.01
23.05,23.05,54.69,75.26,78.56
21.83,21.83,57.16,75.02,79.98
19.37,19.37,55.56,75.59,79.89
20.78,20.78,54.22,74.68,80.01
23.01,23.01,56.72,75.79,81.51
19.68,19.68,56.76,77.07,79.50
21.47,21.47,56.76,77.07,78.88
22.53,22.53,56.67,74.14,78.65
23.20,23.20,56.59,74.76,79.36
23.26,23.26,57.39,75.49,81.29
24.73,24.73,56.58,73.74,85.12
24.33,24.33,55.72,68.93,83.50
24.65,24.65,58.28,70.90,84.43
20.59,20.59,55.78,67.63,83.92
19.27,19.27,55.28,67.34,84.30
19.39,19.39,56.89,66.04,82.46
23.46,23.46,55.93,69.12,82.56
25.79,25.79,57.48,67.85,83.87
25.91,25.91,57.43,68.79,82.82
26.13,26.13,56.47,70.08,84.57
23.82,23.82,54.48,70.17,85.42
26.13,26.13,53.18,71.91,83.43
28.08,28.08,52.41,72.40,82.95
30.04,30.04,53.78,72.30,82.29
31.58,31.58,54.04,70.79,83.88
25.89,25.89,54.18,72.97,80.28
11.75,11.75,52.90,69.14,82.84
5.03,5.03,52.77,70.77,81.88
7.85,7.85,52.13,70.36,81.92
12.93,12.93,53.26,68.55,82.63
10.88,10.88,51.69,69.36,83.94
6.42,6.42,54.70,70.78,82.37
5.30,5.30,53.57,71.71,83.37
3.92,3.92,54.04,69.70,82.66
3.12,3.12,53.86,74.00,82.07
4.05,4.05,53.48,73.90,84.74
6.67,6.67,50.33,70.91,82.98
11.72,11.72,50.57,70.52,84.09
20.34,20.34,51.97,73.51,83.97
25.41,25.41,54.86,71.96,82.79
23.83,23.83,62.61,70.74,80.63
15.21,15.21,70.42,67.72,79.24
7.50,7.50,83.53,70.46,78.81
10.33,10.33,88.87,65.30,72.47
12.10,12.10,88.51,55.01,72.36
14.87,14.87,89.11,62.35,72.08
18.24,18.24,88.89,63.86,72.84
18.95,18.95,86.06,67.53,73.68
16.51,16.51,87.66,68.64,71.94
15.94,15.94,90.08,67.35,73.59
19.34,19.34,92.78,69.53,74.33
24.20,24.20,91.05,70.57,73.29
28.46,28.46,87.19,67.49,74.36
31.46,31.46,87.30,66.91,73.84
34.64,34.64,85.71,75.01,74.98
49.46,49.46,79.67,66.55,79.63
52.09,52.09,69.16,70.25,85.98
57.44,57.44,68.05,64.68,85.75
60.48,60.48,72.20,72.13,83.98
59.45,59.45,77.79,76.96,83.55
57.59,57.59,82.57,74.42,81.68
56.19,56.19,85.69,82.29,80.95
56.75,56.75,86.55,77.54,79.36
58.68,58.68,86.40,79.77,83.52
59.30,59.30,87.81,83.55,84.00
61.16,61.16,87.92,82.00,83.97
61.30,61.30,86.81,85.91,85.24
59.36,59.36,84.65,80.78,84.60
57.23,57.23,81.62,82.98,86.18
53.74,53.74,81.28,86.85,85.08
55.28,55.28,78.03,79.97,84.80
59.27,59.27,72.01,86.41,86.05
63.28,63.28,65.18,76.60,86.27
64.44,64.44,59.47,80.23,86.31
60.93,60.93,56.80,78.06,85.26
59.61,59.61,56.84,79.60,84.06
59.18,59.18,58.32,80.29,84.05
60.02,60.02,58.72,81.22,85.09
58.77,58.77,57.17,78.77,82.56
48.42,48.42,56.81,76.95,82.66
49.17,49.17,56.08,78.64,80.06
53.63,53.63,59.99,77.96,80.69
52.28,52.28,69.03,77.22,78.06
49.00,49.00,73.65,75.90,77.18
49.57,49.57,84.41,71.38,81.54
43.40,43.40,87.33,72.97,81.72
48.94,48.94,89.05,75.20,82.01
56.44,56.44,88.55,74.16,81.66
59.93,59.93,87.14,73.68,81.77
59.26,59.26,86.38,70.96,81.24
63.23,63.23,89.30,74.04,81.57
65.40,65.40,85.49,73.37,83.17
61.46,61.46,79.47,79.07,82.06
55.51,55.51,69.15,77.19,82.39
43.49,43.49,72.01,75.44,84.22
39.58,39.58,72.80,79.98,81.19
44.69,44.69,71.94,71.95,80.64
48.68,48.68,75.88,78.78,79.94
51.64,51.64,82.97,80.13,81.95
39.12,39.12,80.17,69.41,83.40
38.39,38.39,76.85,60.72,82.63
44.37,44.37,75.26,52.62,80.76
45.11,45.11,74.62,48.84,82.34
35.94,35.94,72.35,38.03,81.67
50.79,50.79,71.02,40.61,84.26
53.61,53.61,70.74,44.64,84.86
53.81,53.81,67.10,45.26,82.86
54.00,54.00,66.17,43.09,82.48
52.80,52.80,64.49,44.57,81.66
49.47,49.47,64.85,42.28,81.10
45.73,45.73,70.25,38.67,80.09
24.61,24.61,79.08,38.48,78.10
21.63,21.63,89.33,43.43,79.18
25.65,25.65,88.74,50.33,81.08
24.09,24.09,89.81,54.97,77.64
29.28,29.28,90.21,53.55,73.58
32.80,32.80,86.94,57.54,73.78
38.77,38.77,89.39,59.87,72.79
39.17,39.17,90.08,63.28,76.79
42.81,42.81,91.19,64.66,81.45
44.74,44.74,91.23,65.05,81.45
41.76,41.76,89.78,66.61,83.67
39.33,39.33,87.28,71.26,82.75
39.35,39.35,83.97,69.47,85.20
36.02,36.02,81.74,66.78,84.02
34.68,34.68,70.49,73.32,84.03
33.25,33.25,67.19,65.01,86.68
32.24,32.24,69.28,74.16,85.37
34.39,34.39,68.19,73.19,83.39
31.59,31.59,62.26,74.13,80.95
28.70,28.70,64.36,77.45,76.02
20.98,20.98,68.32,75.02,70.29
23.14,23.14,82.26,75.42,79.09
24.09,24.09,89.53,74.67,81.86
29.54,29.54,88.86,75.69,78.22
33.13,33.13,91.58,68.22,75.04
32.96,32.96,90.08,63.55,74.76
35.35,35.35,91.13,72.83,75.63
32.23,32.23,88.17,74.76,76.31
34.58,34.58,90.77,70.02,78.99
34.30,34.30,91.45,75.20,80.80
38.07,38.07,91.14,69.80,79.99
34.68,34.68,89.47,76.97,79.48
31.87,31.87,88.51,74.14,79.52
30.11,30.11,89.47,73.80,81.24
31.40,31.40,87.02,75.08,79.41
31.58,31.58,80.92,78.14,79.85
32.46,32.46,70.95,77.38,81.51
37.18,37.18,66.39,71.37,81.29
37.83,37.83,61.48,77.83,80.57
38.35,38.35,62.26,73.70,80.23
28.28,28.28,65.70,78.89,77.68
28.51,28.51,72.72,74.81,74.94
31.56,31.56,86.13,74.72,77.99
29.47,29.47,88.95,66.24,76.41
34.76,34.76,88.86,63.88,76.44
34.86,34.86,91.37,59.61,78.34
38.16,38.16,89.25,58.42,76.16
39.35,39.35,87.40,60.84,76.50
39.05,39.05,89.25,62.83,76.08
40.21,40.21,93.00,65.20,79.75
40.78,40.78,91.49,63.00,83.47
40.22,40.22,88.13,66.24,82.08
37.58,37.58,89.79,67.62,78.04
35.78,35.78,88.99,63.74,75.18
36.43,36.43,86.14,72.14,74.06
38.41,38.41,79.18,66.49,73.70
38.81,38.81,67.20,70.31,74.06
37.30,37.30,68.99,71.67,77.68
37.77,37.77,70.28,68.68,75.08
39.31,39.31,63.40,72.40,74.39
38.92,38.92,57.29,72.81,74.14
36.69,36.69,56.43,75.14,72.94
34.58,34.58,58.74,76.02,74.23
34.30,34.30,67.91,68.36,76.50
33.83,33.83,61.47,73.93,77.75
36.79,36.79,57.84,75.29,79.23
40.23,40.23,56.19,73.80,80.16
37.75,37.75,55.27,78.15,81.07
34.75,34.75,54.57,73.51,75.67
32.70,32.70,55.54,76.50,67.50
34.70,34.70,66.84,73.85,69.18
36.82,36.82,57.30,74.78,69.55
38.78,38.78,52.64,77.55,74.05
37.99,37.99,54.75,77.00,73.90
36.84,36.84,52.86,78.36,74.17
37.28,37.28,54.61,72.84,73.78
37.04,37.04,62.57,77.18,73.45
29.22,29.22,67.97,76.71,74.83
29.88,29.88,62.40,76.79,76.71
31.91,31.91,57.55,78.77,76.76
33.56,33.56,53.84,76.07,75.11
34.35,34.35,59.33,78.62,75.63
28.21,28.21,67.48,72.86,73.83
23.79,23.79,77.07,77.62,74.36
27.57,27.57,87.45,70.43,70.90
35.87,35.87,88.37,73.26,70.84
40.03,40.03,89.74,76.24,77.14
41.48,41.48,90.78,69.52,73.64
41.56,41.56,86.60,74.58,71.95
40.07,40.07,88.66,75.40,72.66
37.18,37.18,87.24,74.32,74.60
37.97,37.97,86.19,77.12,75.02
38.29,38.29,78.98,72.13,76.56
39.80,39.80,69.99,75.05,74.18
36.34,36.34,71.71,69.41,73.62
31.49,31.49,71.36,80.04,66.15
22.92,22.92,71.30,72.87,65.03
27.61,27.61,82.59,76.95,67.33
25.77,25.77,83.43,82.15,63.63
24.40,24.40,79.72,67.27,65.52
28.37,28.37,76.76,59.58,67.74
32.80,32.80,74.59,49.89,74.34
30.88,30.88,74.28,44.79,74.82
28.96,28.96,72.39,38.63,75.57
28.87,28.87,70.99,40.73,79.48
21.10,21.10,68.84,37.48,80.30
16.88,16.88,65.70,31.01,81.00
13.89,13.89,65.39,26.45,75.03
10.16,10.16,62.71,24.06,74.14
7.26,7.26,65.15,18.50,71.24
5.06,5.06,65.39,17.90,65.90
6.73,6.73,82.05,28.48,71.10
6.83,6.83,89.77,32.26,65.86
15.97,15.97,89.35,37.13,69.81
19.53,19.53,91.36,35.08,73.25
18.13,18.13,89.94,22.96,71.61
12.15,12.15,92.98,25.09,68.31
7.06,7.06,88.78,40.25,67.23
7.14,7.14,91.02,38.09,67.52
6.36,6.36,91.51,38.73,67.08
4.00,4.00,92.08,49.58,68.42
3.00,3.00,89.61,51.60,77.54
3.25,3.25,88.81,48.18,80.39
2.78,2.78,89.95,46.77,78.40
4.30,4.30,87.04,45.10,78.25
5.29,5.29,78.35,42.91,73.79
6.08,6.08,64.65,39.35,75.21
15.38,15.38,59.33,34.79,76.03
23.15,23.15,59.85,37.91,77.22
24.69,24.69,58.13,33.55,74.41
18.55,18.55,66.29,25.96,74.01
7.84,7.84,69.90,32.44,71.81
4.39,4.39,86.56,35.31,72.21
1.59,1.59,89.71,45.34,68.22
2.51,2.51,89.44,49.63,70.07
5.56,5.56,91.86,47.51,72.30
6.63,6.63,91.60,38.02,75.08
4.96,4.96,89.68,40.48,77.74
2.74,2.74,90.32,50.79,77.25
1.53,1.53,91.92,53.10,75.71
1.36,1.36,90.97,52.77,75.53
2.44,2.44,88.69,47.74,76.03
5.82,5.82,90.38,55.50,76.09
7.50,7.50,91.05,56.03,73.96
5.88,5.88,89.36,53.01,73.37
8.14,8.14,84.10,44.06,74.91
10.12,10.12,75.11,45.63,71.67
8.57,8.57,61.98,35.93,73.93
13.82,13.82,60.78,35.30,75.17
14.92,14.92,65.01,38.54,71.11
11.34,11.34,61.40,32.56,63.03
6.06,6.06,57.73,33.56,57.13
3.06,3.06,65.77,37.51,58.63
10.17,10.17,90.86,38.10,64.53
10.38,10.38,88.58,48.51,65.05
13.49,13.49,90.33,56.81,70.12
15.91,15.91,88.69,53.61,70.75
16.24,16.24,89.29,58.15,71.83
13.20,13.20,86.39,60.48,73.66
8.93,8.93,91.64,61.86,70.67
13.55,13.55,92.96,65.43,68.00
24.62,24.62,88.86,65.07,68.99
31.71,31.71,90.58,67.67,71.85
32.38,32.38,89.59,69.89,70.65
30.28,30.28,87.56,65.61,69.61
31.26,31.26,82.25,70.92,68.46
42.09,42.09,77.18,72.89,75.33
49.31,49.31,75.61,68.92,82.53
60.45,60.45,75.64,72.16,82.54
67.08,67.08,74.37,72.14,82.06
69.03,69.03,74.51,74.95,80.49
70.44,70.44,72.69,76.30,77.80
72.43,72.43,72.77,75.41,77.20
74.11,74.11,73.44,76.11,78.84
75.59,75.59,75.66,74.20,86.55
77.30,77.30,73.97,74.64,86.71
77.38,77.38,73.97,77.65,85.57
76.43,76.43,72.93,75.95,86.06
73.91,73.91,71.93,76.32,86.92
70.86,70.86,71.73,72.17,87.04
70.07,70.07,73.24,75.38,83.32
71.71,71.71,72.83,75.56,84.48
72.97,72.97,70.41,76.04,83.51
74.08,74.08,70.90,78.36,82.92
73.50,73.50,69.16,70.47,82.20
72.57,72.57,68.65,76.57,80.70
72.41,72.41,68.71,75.11,79.52
72.69,72.69,69.82,74.68,81.08
72.43,72.43,69.33,77.88,80.02
66.93,66.93,65.84,77.14,80.12
50.01,50.01,63.58,78.95,79.82
42.95,42.95,62.42,74.89,80.03
54.61,54.61,67.09,76.91,78.30
48.16,48.16,71.93,76.13,73.29
52.40,52.40,78.25,77.07,77.48
54.68,54.68,85.88,70.34,81.60
55.27,55.27,86.77,73.57,82.85
61.33,61.33,90.55,70.93,81.53
66.21,66.21,88.18,71.45,82.03
69.21,69.21,87.20,73.09,80.68
71.02,71.02,86.04,71.59,80.62
71.87,71.87,87.86,72.68,81.77
71.28,71.28,85.74,74.08,83.43
65.28,65.28,76.79,70.54,79.85
61.58,61.58,75.42,78.42,81.38
50.92,50.92,73.60,72.80,80.37
44.74,44.74,74.74,76.18,79.20
45.63,45.63,73.30,75.32,76.94
49.40,49.40,83.89,75.97,78.24
49.83,49.83,84.82,81.04,78.84
43.74,43.74,81.29,74.95,79.68
46.32,46.32,78.22,77.77,80.10
45.63,45.63,76.46,77.25,80.63
42.84,42.84,75.22,78.93,81.69
48.31,48.31,73.15,78.93,81.43
48.60,48.60,73.42,78.27,81.15
49.62,49.62,70.20,79.70,82.83
48.16,48.16,67.26,75.88,81.88
45.45,45.45,66.43,79.59,79.00
44.77,44.77,65.11,78.57,79.12
39.83,39.83,67.54,83.73,77.54
38.27,38.27,72.71,70.30,75.05
41.75,41.75,86.87,58.28,77.14
38.20,38.20,88.39,50.00,76.63
41.62,41.62,89.10,58.62,77.19
39.58,39.58,91.35,58.66,72.87
41.89,41.89,88.99,55.44,70.02
44.89,44.89,87.09,57.46,72.34
51.57,51.57,88.77,61.82,71.43
58.39,58.39,92.38,59.69,76.88
57.61,57.61,91.14,63.96,77.79
60.14,60.14,87.00,59.95,79.58
61.20,61.20,89.08,65.14,81.12
67.37,67.37,87.87,66.38,81.55
66.74,66.74,84.27,72.05,81.63
67.33,67.33,77.75,69.41,81.79
67.97,67.97,70.41,66.42,83.07
67.35,67.35,70.41,72.43,84.71
66.92,66.92,68.22,73.72,83.46
68.43,68.43,62.69,75.58,82.34
64.82,64.82,64.37,74.67,79.56
54.99,54.99,66.91,79.08,75.71
50.61,50.61,71.87,76.02,73.70
50.52,50.52,87.95,75.64,81.93
53.21,53.21,88.83,72.58,79.31
55.32,55.32,90.57,67.23,75.83
49.95,49.95,91.36,70.43,74.64
51.99,51.99,89.56,71.43,73.75
55.02,55.02,89.96,70.62,76.69
58.42,58.42,91.93,75.09,77.60
63.99,63.99,90.84,71.29,79.48
65.74,65.74,87.93,72.92,79.35
64.78,64.78,90.51,73.92,79.36
62.52,62.52,91.30,72.69,77.54
64.29,64.29,90.59,74.85,77.32
62.88,62.88,86.98,68.66,78.82
61.67,61.67,83.87,77.62,78.73
66.43,66.43,78.16,76.65,81.23
71.96,71.96,71.76,74.67,81.83
72.46,72.46,69.37,74.84,80.94
67.66,67.66,68.37,77.33,78.52
60.26,60.26,68.22,76.83,74.87
55.81,55.81,71.05,72.37,70.39
54.08,54.08,78.99,77.39,73.53
55.01,55.01,89.45,72.75,76.97
53.47,53.47,88.57,65.36,76.69
56.41,56.41,90.49,61.21,73.64
53.20,53.20,91.16,55.92,77.25
56.40,56.40,87.76,61.38,74.63
57.23,57.23,90.02,60.94,74.72
57.15,57.15,91.29,62.55,76.33
55.56,55.56,89.82,60.84,80.38
56.35,56.35,91.37,66.87,79.38
56.60,56.60,91.07,64.70,74.77
55.86,55.86,88.95,69.02,74.56
51.12,51.12,84.65,63.10,71.91
50.34,50.34,83.09,66.52,73.25
53.20,53.20,75.45,72.91,74.31
52.29,52.29,67.29,66.63,73.77
48.70,48.70,67.82,72.36,74.78
50.71,50.71,64.15,74.21,78.47
52.20,52.20,55.69,74.45,76.64
47.05,47.05,51.20,76.39,72.65
44.17,44.17,52.09,72.23,72.94
41.54,41.54,63.34,77.34,75.99
43.81,43.81,63.35,76.09,76.63
45.30,45.30,56.67,77.53,74.69
45.61,45.61,56.14,78.05,76.12
45.42,45.42,55.40,73.31,78.58
40.54,40.54,52.26,74.81,77.42
34.16,34.16,50.51,76.80,72.50
37.37,37.37,63.50,77.03,69.80
35.00,35.00,61.98,79.32,70.43
37.40,37.40,55.30,72.59,71.85
38.80,38.80,55.46,76.46,72.66
32.18,32.18,53.00,75.46,73.18
32.31,32.31,54.93,75.03,74.12
29.15,29.15,57.91,77.48,74.21
32.05,32.05,68.34,78.31,75.33
27.39,27.39,66.61,78.45,74.65
27.47,27.47,63.50,72.49,77.81
27.81,27.81,60.65,75.49,76.27
25.04,25.04,59.28,76.59,74.44
17.84,17.84,62.61,74.89,72.05
15.46,15.46,71.05,76.51,69.92
15.63,15.63,82.55,76.60,70.54
18.08,18.08,88.33,71.22,66.38
27.12,27.12,88.74,73.03,71.42
31.65,31.65,89.80,69.99,73.33
30.32,30.32,89.80,76.38,72.79
25.26,25.26,86.19,73.63,73.42
22.52,22.52,88.53,76.62,73.24
21.34,21.34,89.79,73.42,75.14
23.94,23.94,84.86,77.84,75.38
26.67,26.67,72.17,71.30,73.77
30.07,30.07,68.42,78.60,73.26
28.27,28.27,71.37,77.03,68.01
19.56,19.56,71.86,75.16,62.81
9.94,9.94,65.59,77.99,61.60
6.84,6.84,87.77,74.98,65.34
6.16,6.16,82.63,80.21,62.30
8.71,8.71,80.19,76.71,65.13
11.19,11.19,78.93,78.08,68.91
10.97,10.97,77.44,77.27,70.57
9.97,9.97,77.33,78.33,73.74
9.45,9.45,76.88,78.82,76.98
8.84,8.84,72.95,75.91,79.92
6.79,6.79,72.28,78.20,80.91
5.59,5.59,72.49,77.63,78.64
7.77,7.77,70.48,78.92,74.37
7.40,7.40,69.52,73.60,68.21
4.87,4.87,68.21,82.15,60.74
8.91,8.91,73.48,70.15,56.37
6.68,6.68,90.16,57.04,58.07
5.21,5.21,89.70,56.91,55.74
3.36,3.36,91.49,49.55,59.46
6.53,6.53,90.79,47.41,63.26
6.56,6.56,91.76,42.41,69.17
6.56,6.56,90.25,55.61,71.16
10.59,10.59,91.30,55.20,72.22
13.63,13.63,91.47,55.02,72.95
13.63,13.63,88.17,51.83,72.76
16.14,16.14,90.55,56.39,73.46
15.41,15.41,91.57,50.01,72.14
15.16,15.16,90.67,55.92,71.27
14.73,14.73,86.89,52.37,69.25
16.92,16.92,84.10,51.97,70.66
22.74,22.74,80.83,59.42,74.57
24.07,24.07,77.86,48.65,74.26
24.82,24.82,76.25,53.79,74.78
27.50,27.50,74.37,50.97,74.93
24.20,24.20,74.14,38.86,74.67
17.87,17.87,74.66,35.74,71.59
16.26,16.26,78.80,27.83,71.41
13.03,13.03,89.58,31.63,67.75
17.91,17.91,88.57,37.08,71.38
24.41,24.41,90.44,30.17,73.81
27.92,27.92,91.41,22.69,75.12
26.32,26.32,90.30,11.76,75.10
21.95,21.95,92.34,23.43,73.17
24.44,24.44,90.46,28.26,70.48
25.64,25.64,88.59,41.69,70.03
23.05,23.05,91.30,45.13,69.79
21.75,21.75,91.69,44.37,73.21
21.97,21.97,91.24,44.75,72.83
19.48,19.48,87.46,51.91,73.51
20.68,20.68,86.92,50.28,77.57
26.75,26.75,83.27,47.46,80.15
28.87,28.87,67.43,43.25,80.93
31.53,31.53,60.13,45.35,79.98
33.16,33.16,62.21,58.56,79.25
32.96,32.96,58.90,58.44,76.81
26.28,26.28,71.34,54.68,75.23
19.34,19.34,72.23,47.37,65.20
23.35,23.35,80.85,48.43,65.60
31.51,31.51,89.58,47.70,58.15
33.21,33.21,89.66,54.43,57.16
24.94,24.94,91.07,54.63,56.71
24.87,24.87,88.72,55.95,60.17
27.15,27.15,88.40,59.52,59.52
26.98,26.98,89.28,65.00,58.29
34.85,34.85,89.94,61.90,58.63
36.03,36.03,93.11,63.84,57.13
37.98,37.98,91.80,67.84,57.16
36.42,36.42,89.14,67.00,57.59
32.04,32.04,86.72,70.54,58.65
32.35,32.35,86.12,70.79,62.99
41.45,41.45,81.14,64.46,72.34
54.36,54.36,75.84,72.83,82.87
57.83,57.83,75.04,66.44,84.37
60.42,60.42,75.59,76.51,81.39
61.38,61.38,74.84,75.70,80.38
60.23,60.23,72.44,72.81,79.76
61.86,61.86,70.88,76.79,80.55
66.50,66.50,70.74,77.13,79.43
67.34,67.34,73.45,77.95,83.90
67.91,67.91,72.25,78.68,86.80
70.36,70.36,71.69,74.98,83.98
71.20,71.20,71.32,78.17,84.91
69.52,69.52,70.62,76.79,84.82
67.21,67.21,70.46,77.43,84.49
61.64,61.64,71.03,76.98,81.92
60.86,60.86,75.30,75.07,82.36
64.68,64.68,73.07,76.57,82.16
65.93,65.93,71.87,75.37,82.25
65.42,65.42,72.24,77.51,80.24
64.09,64.09,71.00,77.52,82.67
62.23,62.23,69.95,77.37,81.98
64.32,64.32,69.60,78.46,79.87
68.20,68.20,71.92,74.06,80.96
66.01,66.01,68.36,79.48,80.82
57.78,57.78,66.78,76.16,81.44
49.48,49.48,64.70,78.56,79.73
48.90,48.90,64.67,77.85,80.22
54.99,54.99,69.65,77.36,77.86
44.84,44.84,73.71,77.17,75.69
48.88,48.88,84.38,72.85,79.94
48.83,48.83,86.38,70.71,80.69
57.64,57.64,88.87,72.99,80.97
63.96,63.96,90.13,74.54,80.48
67.76,67.76,87.38,74.34,79.83
70.51,70.51,85.24,71.90,80.04
72.51,72.51,89.70,75.56,80.38
73.27,73.27,87.49,70.58,82.90
71.75,71.75,79.34,76.74,80.23
65.73,65.73,71.58,76.83,79.93
60.58,60.58,72.25,76.66,82.31
53.88,53.88,73.05,79.44,78.88
49.98,49.98,75.07,71.46,79.60
44.00,44.00,76.81,78.10,77.61
46.08,46.08,87.06,79.96,78.00
40.72,40.72,81.11,71.14,80.06
34.43,34.43,79.33,62.85,79.39
28.97,28.97,78.37,52.69,79.59
29.30,29.30,77.93,55.90,80.64
29.52,29.52,76.86,63.46,80.95
38.13,38.13,74.69,69.17,82.93
37.15,37.15,74.02,72.75,83.32
42.32,42.32,71.43,75.00,82.74
39.51,39.51,69.86,76.27,78.42
30.16,30.16,68.01,78.65,79.68
25.34,25.34,68.15,74.74,77.65
15.11,15.11,70.44,74.13,76.30
14.13,14.13,79.14,77.73,77.19
12.87,12.87,88.78,72.62,75.42
17.46,17.46,88.02,74.63,78.11
21.93,21.93,89.03,75.99,76.00
23.89,23.89,90.01,74.74,78.15
20.57,20.57,90.34,70.31,74.15
27.57,27.57,94.28,69.44,69.83
30.26,30.26,92.73,71.89,73.67
34.70,34.70,89.12,68.78,82.57
30.72,30.72,91.08,70.08,83.01
24.68,24.68,81.63,73.71,82.36
17.54,17.54,88.30,74.79,83.72
23.12,23.12,82.96,71.83,84.98
29.88,29.88,77.57,72.01,84.22
25.44,25.44,73.95,72.48,85.21
22.29,22.29,70.37,66.24,87.33
18.42,18.42,69.82,76.61,87.36
19.27,19.27,62.28,75.43,83.65
19.07,19.07,60.36,77.67,82.37
14.75,14.75,68.16,78.12,79.95
6.13,6.13,69.31,73.97,72.39
4.68,4.68,81.75,75.25,77.57
8.46,8.46,88.53,73.87,82.94
13.15,13.15,88.73,75.35,79.72
16.80,16.80,92.79,66.38,75.08
17.62,17.62,90.41,62.02,73.71
15.24,15.24,90.28,71.46,73.69
10.56,10.56,89.43,72.46,72.51
10.84,10.84,89.70,72.18,77.05
14.90,14.90,91.81,76.21,79.70
19.09,19.09,92.49,66.31,77.55
19.51,19.51,90.05,74.42,78.46
16.75,16.75,88.21,70.74,79.93
14.30,14.30,85.88,76.73,81.02
13.22,13.22,76.39,76.77,81.56
8.61,8.61,80.75,72.57,81.38
6.29,6.29,86.24,77.64,82.01
4.82,4.82,85.01,72.39,81.11
5.47,5.47,83.65,80.70,80.29
7.00,7.00,81.91,81.45,79.64
9.15,9.15,77.17,77.84,76.39
13.38,13.38,79.65,81.05,72.55
15.50,15.50,84.26,80.31,76.75
10.22,10.22,89.00,72.38,75.84
9.28,9.28,90.23,64.98,77.09
14.09,14.09,89.56,51.39,76.35
18.76,18.76,89.13,59.42,76.91
21.58,21.58,88.81,62.38,77.91
24.10,24.10,87.67,59.20,77.34
26.02,26.02,92.67,65.04,76.08
25.38,25.38,92.34,63.64,77.25
25.15,25.15,88.86,65.54,78.30
24.10,24.10,88.99,61.49,79.36
24.26,24.26,89.08,66.05,77.16
21.05,21.05,86.76,72.83,75.01
16.02,16.02,80.43,69.31,75.72
28.77,28.77,67.01,72.03,78.50
30.34,30.34,68.07,70.54,82.65
24.28,24.28,67.95,73.90,77.84
29.59,29.59,59.82,72.41,75.31
31.08,31.08,54.93,73.37,74.38
27.38,27.38,55.15,76.73,74.20
22.07,22.07,57.50,76.56,75.04
19.60,19.60,68.50,76.65,76.37
18.08,18.08,59.90,77.36,74.83
22.31,22.31,54.16,76.92,73.39
24.66,24.66,51.65,74.80,71.80
20.67,20.67,46.67,77.43,69.32
20.52,20.52,46.87,76.43,66.63
19.05,19.05,53.67,77.17,63.90
13.54,13.54,67.37,74.84,66.05
16.70,16.70,56.93,77.24,66.72
16.36,16.36,55.13,77.75,71.67
19.71,19.71,55.00,79.05,74.49
16.17,16.17,55.53,79.41,74.48
9.00,9.00,55.13,75.44,75.02
4.15,4.15,59.09,78.32,74.55
4.48,4.48,68.52,76.56,76.84
2.79,2.79,60.72,78.40,74.07
7.38,7.38,58.97,78.14,76.84
13.25,13.25,57.77,77.01,78.76
12.60,12.60,59.94,78.84,78.27
7.54,7.54,68.66,73.92,76.65
5.10,5.10,77.68,76.01,73.99
4.25,4.25,86.71,71.34,72.03
6.59,6.59,87.49,72.63,66.69
9.18,9.18,89.53,77.52,67.06
15.38,15.38,90.82,71.18,70.56
15.64,15.64,87.42,76.28,73.97
15.34,15.34,88.65,72.91,74.43
18.23,18.23,89.34,75.97,74.27
15.56,15.56,85.51,78.43,75.58
12.63,12.63,80.71,74.02,75.44
12.44,12.44,69.90,78.10,74.50
12.69,12.69,71.49,72.99,71.99
7.49,7.49,73.16,79.38,67.30
1.99,1.99,71.99,70.30,65.53
6.28,6.28,80.34,77.86,67.67
6.55,6.55,83.81,81.30,65.84
4.62,4.62,79.75,66.12,66.58
4.95,4.95,78.24,57.55,70.17
5.99,5.99,76.51,48.22,71.88
9.71,9.71,75.97,43.49,72.06
11.83,11.83,74.35,25.44,75.03
14.98,14.98,71.95,36.10,79.79
13.87,13.87,70.52,31.80,81.81
12.46,12.46,67.84,26.83,82.36
12.56,12.56,65.65,23.75,78.96
11.21,11.21,64.74,20.87,74.43
8.02,8.02,69.04,14.56,72.25
4.42,4.42,72.04,9.45,68.02
6.76,6.76,80.55,16.61,70.74
5.63,5.63,89.51,25.25,66.23
14.89,14.89,89.06,29.00,70.49
23.75,23.75,91.92,26.79,72.29
17.34,17.34,90.15,16.43,63.60
10.87,10.87,92.38,19.73,64.88
10.89,10.89,90.20,32.98,65.84
13.13,13.13,89.22,33.92,70.21
6.94,6.94,90.78,38.18,72.42
5.83,5.83,91.81,50.79,75.08
7.25,7.25,90.80,51.67,76.67
7.40,7.40,88.14,46.99,77.36
4.36,4.36,89.56,43.74,76.01
5.63,5.63,87.14,45.13,76.87
7.90,7.90,80.38,44.42,77.80
7.96,7.96,63.24,30.90,76.16
12.26,12.26,60.70,26.75,74.83
18.40,18.40,60.67,30.52,75.17
20.43,20.43,57.36,26.42,72.95
15.31,15.31,66.55,21.32,71.29
4.97,4.97,69.84,21.31,71.41
3.36,3.36,84.60,11.03,74.20
2.39,2.39,89.53,23.00,66.91
11.68,11.68,90.92,29.24,66.82
20.63,20.63,90.82,27.69,70.71
27.06,27.06,91.49,19.64,75.07
26.46,26.46,91.96,17.93,77.50
21.43,21.43,89.05,30.68,76.74
15.96,15.96,91.72,32.11,75.58
14.34,14.34,91.25,41.33,73.15
17.61,17.61,90.33,49.47,76.10
19.56,19.56,88.56,51.44,75.99
17.38,17.38,91.14,47.64,74.72
11.48,11.48,90.02,41.18,73.42
13.01,13.01,85.58,32.27,74.14
13.38,13.38,75.90,20.74,73.08
14.87,14.87,62.25,16.52,74.29
19.23,19.23,59.74,26.44,74.53
20.55,20.55,59.49,34.12,72.78
15.15,15.15,56.66,31.67,65.26
7.11,7.11,61.81,32.42,61.25
3.01,3.01,65.79,39.87,62.47
12.30,12.30,90.49,38.01,67.90
20.02,20.02,88.30,48.11,66.95
16.19,16.19,90.41,54.02,71.24
21.67,21.67,90.10,52.45,71.46
24.35,24.35,89.10,56.41,73.01
20.19,20.19,85.56,60.89,73.53
12.13,12.13,91.17,59.53,71.92
8.23,8.23,93.32,61.65,72.45
12.75,12.75,89.54,64.03,72.37
19.64,19.64,89.94,65.24,76.53
20.43,20.43,90.07,68.14,75.24
13.61,13.61,88.15,66.58,72.53
8.57,8.57,83.35,72.37,71.74
14.25,14.25,77.21,72.91,73.55
19.41,19.41,77.10,68.47,81.86
22.98,22.98,76.71,71.99,82.10
25.94,25.94,76.16,73.47,79.73
24.42,24.42,74.01,77.26,78.95
21.10,21.10,72.95,75.32,77.49
22.92,22.92,73.38,76.30,79.65
27.22,27.22,74.00,79.34,77.46
30.18,30.18,76.30,72.58,84.82
27.57,27.57,73.91,77.85,85.89
22.81,22.81,73.22,76.79,84.95
23.43,23.43,71.97,78.19,85.91
21.15,21.15,73.07,77.03,85.99
20.49,20.49,72.19,72.50,86.68
21.87,21.87,73.53,78.08,82.27
22.61,22.61,73.66,75.74,81.66
18.50,18.50,74.78,77.65,83.03
17.11,17.11,75.63,78.14,82.97
14.31,14.31,74.70,74.30,82.68
16.02,16.02,73.63,80.46,80.50
15.94,15.94,72.85,80.61,79.74
17.66,17.66,74.47,81.35,78.53
15.49,15.49,79.28,82.17,80.51
14.76,14.76,84.05,81.80,80.42
13.04,13.04,75.88,85.62,78.29
13.32,13.32,71.98,80.61,80.01
13.26,13.26,72.89,84.83,79.45
15.38,15.38,73.96,81.65,77.10
14.86,14.86,79.51,71.50,78.31
9.13,9.13,85.31,71.43,82.31
13.04,13.04,86.30,74.46,81.62
14.09,14.09,89.38,70.65,81.11
14.25,14.25,88.43,67.91,81.60
17.77,17.77,84.69,70.90,82.09
20.33,20.33,85.30,71.08,78.19
17.86,17.86,85.00,70.36,78.88
18.06,18.06,83.45,75.82,81.00
23.76,23.76,79.40,74.11,80.15
25.35,25.35,83.95,77.37,79.52
25.59,25.59,79.08,74.69,81.08
19.69,19.69,84.02,74.39,79.19
12.13,12.13,85.38,73.10,77.28
13.50,13.50,85.37,75.19,78.51
16.91,16.91,83.77,72.73,78.56
22.50,22.50,86.77,73.52,78.49
25.20,25.20,86.11,74.38,78.35
22.03,22.03,83.46,72.43,77.72
14.95,14.95,85.91,72.74,79.83
16.21,16.21,83.79,70.82,82.04
21.71,21.71,83.82,71.19,82.19
18.16,18.16,86.78,77.67,82.40
14.35,14.35,76.80,68.70,80.79
14.30,14.30,69.40,56.63,79.21
13.90,13.90,70.44,51.56,80.62
15.33,15.33,69.88,44.65,75.92
14.93,14.93,73.44,40.02,73.64
13.67,13.67,85.65,39.94,77.18
14.62,14.62,88.60,46.24,77.57
18.67,18.67,89.69,54.94,78.33
16.36,16.36,89.72,53.07,76.01
17.62,17.62,89.48,54.07,73.10
19.63,19.63,88.21,55.43,73.91
22.81,22.81,86.90,57.98,73.85
27.78,27.78,93.08,65.53,76.61
32.30,32.30,91.73,62.72,81.08
32.66,32.66,87.69,61.92,83.64
26.75,26.75,87.60,65.75,83.99
21.05,21.05,87.66,65.56,83.44
21.92,21.92,84.92,70.15,85.94
18.55,18.55,78.23,68.37,84.24
15.21,15.21,72.71,66.08,85.54
13.17,13.17,72.03,69.26,87.50
14.49,14.49,71.46,73.42,84.62
15.77,15.77,68.17,75.28,82.24
16.45,16.45,68.16,73.87,81.25
13.04,13.04,69.73,77.65,76.10
6.10,6.10,72.17,74.15,72.80
2.86,2.86,87.42,76.11,81.12
4.55,4.55,88.34,73.27,79.69
12.27,12.27,90.34,70.53,75.06
14.70,14.70,92.50,68.06,73.00
11.57,11.57,90.22,72.11,73.63
8.23,8.23,87.80,72.78,73.96
9.21,9.21,92.05,75.59,73.98
7.90,7.90,91.10,68.63,78.23
5.74,5.74,87.92,70.91,78.41
4.41,4.41,89.39,72.09,78.25
7.20,7.20,90.75,75.09,77.72
12.68,12.68,90.52,74.58,78.46
12.46,12.46,88.39,72.14,78.61
4.78,4.78,83.62,77.80,77.74
1.35,1.35,77.92,73.52,78.96
2.86,2.86,73.02,73.57,80.29
3.75,3.75,71.04,75.02,80.24
5.12,5.12,70.29,77.78,79.49
2.94,2.94,68.56,76.06,76.30
0.38,0.38,70.36,73.94,71.79
0.04,0.04,77.02,74.98,72.66
0.04,0.04,87.73,71.65,76.59
1.92,1.92,85.91,66.40,75.32
8.25,8.25,90.91,62.98,74.33
11.35,11.35,92.63,58.88,72.52
6.70,6.70,90.08,58.06,75.66
7.65,7.65,91.23,59.47,76.28
8.79,8.79,92.14,61.02,75.07
10.09,10.09,90.02,62.92,73.43
7.12,7.12,91.61,64.12,72.98
10.07,10.07,91.06,66.80,73.66
11.23,11.23,89.56,70.66,75.28
10.90,10.90,86.79,64.04,75.21
18.10,18.10,82.79,69.91,76.49
21.71,21.71,79.34,73.45,75.96
27.91,27.91,74.99,65.43,80.07
28.23,28.23,74.05,72.94,81.80
19.55,19.55,72.51,73.26,80.77
8.26,8.26,71.71,76.30,74.79
5.45,5.45,70.97,76.14,73.55
7.19,7.19,68.91,73.05,73.45
8.57,8.57,70.02,75.75,75.70
9.63,9.63,70.69,75.94,77.14
7.08,7.08,67.87,78.97,75.51
9.66,9.66,68.27,78.66,72.16
12.79,12.79,67.47,74.28,69.60
9.70,9.70,67.63,77.18,66.61
1.94,1.94,72.19,75.07,62.49
0.02,0.02,81.41,75.54,67.22
0.06,0.06,84.86,74.19,69.47
1.72,1.72,88.14,73.12,68.09
1.46,1.46,92.40,69.71,67.80
1.05,1.05,90.04,66.18,68.10
0.40,0.40,91.82,72.15,68.02
0.33,0.33,90.07,69.22,68.17
0.05,0.05,91.75,71.99,68.39
0.00,0.00,91.57,77.81,68.17
-0.00,-0.00,90.85,71.38,69.93
-0.00,-0.00,90.36,73.79,69.62
0.02,0.02,86.28,74.23,72.57
0.33,0.33,89.84,76.08,72.25
2.65,2.65,88.21,75.55,74.37
2.13,2.13,82.47,78.17,75.22
1.02,1.02,77.45,79.02,72.77
0.46,0.46,76.00,72.78,70.68
0.27,0.27,74.73,78.31,72.17
0.01,0.01,78.07,76.18,71.36
0.31,0.31,79.53,77.46,71.13
0.86,0.86,75.53,77.70,73.38
0.21,0.21,76.83,77.45,75.56
0.03,0.03,76.53,78.17,74.44
-0.00,-0.00,77.29,74.26,73.57
-0.00,-0.00,80.97,80.47,71.84
-0.00,-0.00,82.10,78.32,69.75
-0.00,-0.00,82.58,75.33,67.51
-0.00,-0.00,84.78,77.38,66.51
-0.00,-0.00,86.08,76.18,69.89
-0.00,-0.00,87.45,73.92,66.89
0.00,0.00,88.97,73.58,68.63
0.00,0.00,92.23,66.80,66.85
0.03,0.03,91.46,73.75,68.69
0.52,0.52,85.35,74.55,71.01
2.82,2.82,92.36,74.83,67.42
7.53,7.53,92.11,70.29,68.40
10.24,10.24,92.24,72.03,69.29
8.81,8.81,89.31,67.86,68.95
11.34,11.34,89.54,73.80,72.82
10.17,10.17,91.23,70.74,74.83
7.79,7.79,90.34,75.58,74.85
3.87,3.87,81.23,70.39,72.59
1.70,1.70,79.75,63.74,69.51
1.44,1.44,80.82,59.27,70.32
0.10,0.10,81.95,53.70,67.91
-0.00,-0.00,81.15,50.57,67.07
-0.00,-0.00,83.67,47.39,65.30
0.09,0.09,85.75,44.77,65.27
0.81,0.81,83.44,46.94,68.79
4.36,4.36,82.58,44.13,71.00
12.21,12.21,83.86,37.51,72.46
14.44,14.44,83.56,41.02,70.63
12.78,12.78,84.70,37.80,72.86
7.23,7.23,82.30,34.02,73.71
0.97,0.97,77.15,31.34,71.02
0.21,0.21,78.71,36.45,69.39
0.16,0.16,84.35,43.86,63.49
-0.00,-0.00,86.36,45.33,61.39
0.02,0.02,90.61,41.61,61.19
1.56,1.56,88.12,39.65,65.72
6.75,6.75,91.43,41.94,71.42
10.77,10.77,92.11,41.83,73.04
8.93,8.93,90.89,40.34,68.29
12.66,12.66,88.31,47.43,65.17
12.51,12.51,90.56,51.60,67.80
11.86,11.86,90.04,51.34,69.10
10.32,10.32,92.53,52.87,70.05
7.71,7.71,91.21,62.03,65.60
3.34,3.34,84.42,56.06,62.32
1.52,1.52,84.95,61.00,59.79
0.60,0.60,83.49,63.82,57.50
2.16,2.16,87.58,60.35,55.26
3.94,3.94,82.91,56.39,56.10
7.01,7.01,76.46,54.55,56.31
9.55,9.55,79.94,55.93,55.98
11.53,11.53,83.40,55.70,56.36
15.50,15.50,80.96,51.53,57.44
12.88,12.88,80.35,56.60,57.90
6.37,6.37,76.80,47.40,57.85
4.53,4.53,77.56,47.18,59.44
3.44,3.44,79.19,54.02,59.02
5.61,5.61,75.96,54.69,57.77
9.11,9.11,79.56,55.08,59.07
14.33,14.33,80.71,48.23,69.75
15.83,15.83,87.53,54.09,74.62
16.56,16.56,86.65,59.20,75.13
16.61,16.61,91.51,63.18,77.41
16.09,16.09,91.45,60.85,74.63
16.72,16.72,91.49,54.00,76.15
16.82,16.82,91.56,50.51,76.83
18.85,18.85,88.79,53.07,77.52
25.93,25.93,91.20,59.23,77.42
28.12,28.12,91.42,65.39,75.26
26.64,26.64,91.48,70.15,79.27
27.59,27.59,89.35,69.34,76.60
27.29,27.29,89.38,70.58,76.58
24.69,24.69,88.65,72.20,77.18
25.11,25.11,82.96,59.56,77.00
21.38,21.38,78.72,72.98,83.47
22.00,22.00,75.80,74.59,82.30
18.58,18.58,74.92,76.43,81.05
14.56,14.56,75.74,78.73,82.10
8.50,8.50,75.74,73.24,79.51
4.14,4.14,73.55,77.73,79.11
3.72,3.72,75.47,76.67,81.89
7.70,7.70,73.48,78.20,87.20
16.74,16.74,74.22,79.01,87.10
24.49,24.49,73.71,74.95,86.28
29.77,29.77,74.84,77.41,85.48
28.72,28.72,76.52,76.73,85.00
19.76,19.76,76.98,77.40,85.44
9.13,9.13,82.25,75.12,83.25
7.81,7.81,84.53,62.40,81.60
7.59,7.59,87.26,57.85,79.76
2.90,2.90,89.67,53.70,80.30
5.29,5.29,90.38,49.53,78.98
9.43,9.43,91.07,53.26,79.70
8.94,8.94,89.86,56.70,78.69
4.39,4.39,91.97,61.36,78.21
4.21,4.21,90.42,64.64,77.67
4.70,4.70,89.79,68.60,75.92
4.94,4.94,89.71,71.76,77.26
2.44,2.44,90.78,74.21,76.80
0.58,0.58,89.99,64.69,78.92
0.89,0.89,85.93,71.98,79.19
7.73,7.73,80.80,71.42,84.08
14.50,14.50,78.10,74.23,85.78
19.30,19.30,75.43,77.35,83.51
18.87,18.87,74.22,73.58,81.32
17.03,17.03,75.75,79.00,81.47
17.10,17.10,74.39,77.38,80.63
15.85,15.85,76.69,80.23,81.67
14.86,14.86,73.99,77.77,83.86
16.98,16.98,74.23,75.94,83.93
25.89,25.89,71.95,77.08,79.10
29.26,29.26,72.82,76.62,79.76
24.15,24.15,73.74,77.89,79.48
13.88,13.88,74.58,78.15,76.97
14.60,14.60,75.68,77.76,75.85
16.41,16.41,86.83,72.03,79.02
18.44,18.44,85.84,62.15,80.46
21.59,21.59,89.63,54.90,80.67
25.02,25.02,90.37,52.32,80.02
27.81,27.81,92.07,56.63,80.21
28.87,28.87,90.83,57.07,78.97
30.78,30.78,91.73,61.54,81.24
28.96,28.96,90.70,61.79,79.98
26.88,26.88,88.49,66.05,79.67
23.43,23.43,91.00,66.90,80.62
21.01,21.01,91.45,69.92,79.92
17.07,17.07,90.32,68.50,80.82
15.55,15.55,85.81,67.89,78.62
24.32,24.32,86.02,70.10,80.32
26.64,26.64,80.69,76.18,79.65
21.20,21.20,75.13,68.65,78.81
13.51,13.51,73.56,77.44,79.14
13.57,13.57,72.87,76.34,78.81
16.74,16.74,72.69,76.08,80.32
15.21,15.21,71.05,79.06,83.46
14.65,14.65,71.05,73.14,85.93
15.37,15.37,73.54,77.48,83.29
14.81,14.81,73.46,78.15,79.37
13.19,13.19,74.76,78.33,81.90
11.77,11.77,74.10,79.54,81.57
11.29,11.29,73.30,75.71,81.79
11.44,11.44,76.78,76.97,81.79
12.22,12.22,79.64,73.41,82.92
7.76,7.76,83.57,67.41,81.58
5.82,5.82,87.36,57.16,80.82
5.79,5.79,89.32,62.92,79.13
5.81,5.81,91.38,62.68,76.29
8.27,8.27,89.62,63.05,74.20
11.01,11.01,91.91,59.59,73.90
13.63,13.63,89.32,62.14,78.28
15.53,15.53,89.96,65.77,81.18
12.01,12.01,90.42,67.49,80.93
10.24,10.24,91.57,68.97,78.19
9.91,9.91,89.89,73.90,75.95
9.24,9.24,87.76,67.95,77.50
11.23,11.23,89.08,74.78,78.67
16.99,16.99,84.15,64.94,81.70
17.32,17.32,77.95,76.55,83.98
17.99,17.99,75.36,73.70,84.48
17.21,17.21,73.83,77.72,85.21
18.09,18.09,74.06,78.05,83.00
16.64,16.64,73.03,74.46,82.73
14.58,14.58,71.40,78.18,83.91
12.23,12.23,69.85,78.12,82.34
9.92,9.92,71.72,78.62,83.46
12.65,12.65,70.62,79.33,81.35
15.15,15.15,70.75,77.41,82.41
19.52,19.52,72.23,76.56,82.76
9.24,9.24,73.28,76.08,80.32
12.70,12.70,76.21,77.82,76.68
22.54,22.54,81.93,76.38,76.08
20.05,20.05,87.34,68.96,75.94
9.83,9.83,89.01,61.26,71.95
5.80,5.80,90.24,54.32,71.65
8.32,8.32,92.22,53.80,72.94
9.66,9.66,93.40,54.75,71.54
10.48,10.48,88.82,55.45,72.34
10.65,10.65,91.36,61.41,73.95
9.10,9.10,91.72,66.39,72.99
5.68,5.68,91.40,66.42,74.52
4.91,4.91,88.17,69.76,75.26
7.21,7.21,91.56,67.05,78.36
8.88,8.88,90.04,65.26,75.38
10.74,10.74,87.36,72.85,76.52
17.24,17.24,80.41,68.15,76.73
15.75,15.75,77.44,76.83,76.60
12.69,12.69,73.27,74.23,76.49
9.89,9.89,71.81,75.20,77.07
5.96,5.96,70.63,78.29,78.53
3.79,3.79,69.98,77.31,78.72
4.55,4.55,68.99,78.41,77.62
6.97,6.97,69.18,78.87,80.52
5.72,5.72,68.97,75.88,84.04
4.42,4.42,67.44,77.50,83.75
2.75,2.75,69.09,76.40,84.53
4.29,4.29,71.11,76.57,84.15
7.41,7.41,74.85,77.65,83.60
10.76,10.76,75.78,77.91,79.13
8.28,8.28,82.04,72.49,79.78
5.85,5.85,85.32,63.06,79.66
5.91,5.91,88.78,60.65,77.55
5.09,5.09,91.65,59.18,78.62
7.19,7.19,91.52,55.33,78.02
9.42,9.42,89.38,59.60,77.43
9.19,9.19,91.77,62.56,76.50
8.30,8.30,89.99,61.18,75.57
9.95,9.95,88.69,65.03,77.33
10.35,10.35,89.44,70.21,76.54
7.91,7.91,91.57,67.88,73.95
4.89,4.89,91.94,70.20,75.17
3.60,3.60,87.23,70.61,75.93
8.56,8.56,85.20,68.66,75.44
11.41,11.41,80.80,75.49,76.42
8.74,8.74,75.48,69.41,75.96
8.70,8.70,72.19,77.04,75.61
10.53,10.53,73.10,76.38,77.17
8.84,8.84,71.96,79.68,78.72
11.40,11.40,71.67,78.82,79.13
12.14,12.14,70.10,76.08,77.78
13.05,13.05,70.83,77.78,81.20
13.81,13.81,70.33,76.46,82.90
12.35,12.35,68.83,79.22,83.48
10.04,10.04,68.16,77.57,82.30
8.24,8.24,70.23,78.73,80.98
6.13,6.13,72.94,78.28,77.26
6.20,6.20,77.34,74.05,76.86
1.68,1.68,87.65,74.38,73.46
8.00,8.00,85.79,65.01,74.57
14.22,14.22,90.45,54.46,76.47
20.15,20.15,92.25,51.08,76.71
24.35,24.35,90.99,60.59,76.28
25.79,25.79,92.99,57.62,75.35
26.03,26.03,89.87,57.65,76.32
26.35,26.35,88.74,60.91,76.72
25.56,25.56,91.63,66.60,76.28
19.77,19.77,92.00,68.55,74.38
14.07,14.07,91.07,67.41,73.62
7.90,7.90,87.16,69.81,76.60
3.24,3.24,88.82,71.12,75.87
7.77,7.77,85.32,67.40,75.67
9.75,9.75,77.97,76.34,77.43
9.46,9.46,74.56,71.75,77.01
7.07,7.07,72.38,77.37,76.85
2.15,2.15,72.12,78.13,78.39
0.99,0.99,70.15,75.56,76.70
1.33,1.33,67.83,75.88,74.20
2.04,2.04,68.95,78.26,76.40
3.29,3.29,68.12,75.86,76.12
2.15,2.15,69.41,78.82,78.03
1.65,1.65,69.02,75.76,79.62
2.51,2.51,69.48,78.06,80.33
6.16,6.16,73.26,71.65,82.26
4.93,4.93,79.34,77.16,81.28
5.65,5.65,83.70,76.18,79.04
7.84,7.84,85.65,66.79,75.67
4.53,4.53,87.51,59.95,75.47
0.29,0.29,89.56,54.55,76.96
1.19,1.19,91.08,55.55,74.36
1.22,1.22,92.56,62.47,72.84
0.28,0.28,88.58,63.80,71.49
0.51,0.51,90.67,60.17,72.70
0.92,0.92,91.32,66.16,77.68
0.50,0.50,90.75,69.92,75.55
0.27,0.27,89.77,70.15,72.72
0.91,0.91,89.12,74.69,73.64
2.00,2.00,89.53,72.04,73.98
3.78,3.78,86.87,74.42,77.96
8.62,8.62,81.28,69.61,78.42
10.57,10.57,77.34,74.23,79.32
8.08,8.08,76.39,75.71,79.99
5.40,5.40,77.39,76.58,81.45
4.11,4.11,76.09,77.77,81.88
3.43,3.43,74.87,76.94,80.33
6.78,6.78,72.45,77.90,79.59
17.86,17.86,71.16,77.16,79.89
22.59,22.59,69.72,78.20,81.08
20.41,20.41,70.83,77.57,82.52
11.06,11.06,69.23,75.51,79.77
4.78,4.78,68.43,79.56,76.42
2.57,2.57,72.01,77.23,74.29
3.11,3.11,73.68,79.95,71.91
8.45,8.45,82.85,73.16,76.49
10.66,10.66,86.05,66.84,79.26
14.85,14.85,88.32,54.87,79.99
19.72,19.72,92.03,56.81,79.92
22.24,22.24,91.00,58.44,80.17
22.16,22.16,89.06,60.99,79.49
21.21,21.21,91.67,69.44,78.43
20.36,20.36,89.89,72.19,77.06
21.56,21.56,89.31,72.35,79.44
25.79,25.79,87.07,77.25,80.75
21.60,21.60,89.07,76.85,81.29
18.07,18.07,89.97,77.58,80.04
15.16,15.16,87.36,77.80,81.04
14.30,14.30,80.53,77.69,81.59
16.32,16.32,77.13,80.98,84.24
14.48,14.48,73.63,83.57,84.96
16.39,16.39,70.46,84.77,83.45
16.63,16.63,71.22,85.17,83.04
16.45,16.45,71.65,84.86,84.41
14.68,14.68,70.11,84.56,83.52
19.36,19.36,68.86,84.13,83.22
22.40,22.40,71.62,84.11,86.03
22.59,22.59,67.57,84.71,86.39
24.17,24.17,67.92,85.53,85.00
25.70,25.70,66.69,84.30,84.67
21.57,21.57,67.61,83.82,82.21
18.12,18.12,73.57,83.79,82.86
18.93,18.93,76.85,83.05,82.19
14.70,14.70,83.93,78.24,82.87
9.42,9.42,85.20,71.65,82.84
6.84,6.84,88.30,61.55,82.11
5.87,5.87,90.47,57.69,81.68
8.29,8.29,88.49,61.29,83.53
7.88,7.88,92.00,62.39,78.15
9.68,9.68,90.19,70.79,80.84
11.73,11.73,87.21,74.12,80.72
11.23,11.23,89.35,77.21,79.81
12.62,12.62,89.37,78.04,80.49
12.45,12.45,89.63,78.17,79.20
9.54,9.54,88.08,81.65,76.83
9.31,9.31,84.02,82.29,79.87
12.12,12.12,80.31,82.29,80.73
12.72,12.72,75.98,84.47,83.24
12.14,12.14,73.87,84.79,82.21
13.40,13.40,71.58,84.42,83.85
13.29,13.29,70.64,83.94,82.29
13.91,13.91,70.10,84.31,83.09
14.65,14.65,70.19,84.69,81.01
17.12,17.12,68.87,85.54,84.09
25.77,25.77,68.08,84.50,83.86
20.78,20.78,67.37,83.61,83.14
19.52,19.52,67.16,83.57,83.16
16.63,16.63,66.82,84.50,81.87
17.80,17.80,68.15,85.30,80.48
13.01,13.01,73.54,86.16,77.28
7.68,7.68,78.53,83.37,77.43
7.85,7.85,85.91,74.01,79.62
15.97,15.97,86.97,64.31,80.23
22.72,22.72,90.90,60.14,78.83
27.15,27.15,89.31,58.50,78.48
29.86,29.86,92.00,58.46,76.55
31.05,31.05,89.37,63.03,77.39
27.85,27.85,90.11,72.95,76.01
24.48,24.48,89.97,75.90,77.89
22.67,22.67,90.79,78.88,76.31
20.55,20.55,89.12,77.12,78.55
20.52,20.52,86.93,80.86,78.08
13.65,13.65,88.42,81.79,78.14
9.27,9.27,82.77,80.46,79.37
10.33,10.33,79.69,80.12,79.01
11.42,11.42,74.96,83.28,79.85
11.67,11.67,71.42,83.80,78.45
15.65,15.65,71.83,83.76,80.57
16.99,16.99,70.44,85.55,80.09
17.58,17.58,69.52,84.73,80.24
17.61,17.61,67.98,83.88,81.46
15.14,15.14,66.93,84.10,84.64
14.85,14.85,67.21,84.29,84.91
13.40,13.40,65.97,84.70,83.96
13.96,13.96,64.13,84.16,86.16
17.90,17.90,64.08,85.19,86.18
18.48,18.48,68.38,84.35,86.02
14.89,14.89,72.04,83.75,86.34
12.04,12.04,80.21,80.85,84.80
8.79,8.79,84.12,73.92,85.22
10.80,10.80,87.59,65.57,83.24
15.71,15.71,90.90,60.04,80.99
18.39,18.39,89.67,60.34,81.19
20.36,20.36,88.99,61.16,78.87
19.62,19.62,91.29,65.87,77.23
18.84,18.84,90.03,71.00,79.13
16.84,16.84,88.51,74.04,79.00
11.25,11.25,87.81,76.63,78.19
6.67,6.67,88.28,77.95,75.33
5.30,5.30,90.26,79.60,77.73
4.27,4.27,87.88,80.55,75.16
6.71,6.71,80.66,80.79,78.03
9.46,9.46,77.72,81.97,80.43
11.89,11.89,74.69,84.72,83.19
14.16,14.16,72.94,86.20,81.73
19.18,19.18,71.72,84.96,82.93
20.66,20.66,70.67,84.22,82.36
21.02,21.02,68.75,83.98,82.00
18.50,18.50,68.23,85.20,80.92
16.17,16.17,66.93,85.77,79.95
15.20,15.20,67.94,86.08,81.44
15.33,15.33,68.64,84.80,79.99
16.87,16.87,67.59,84.38,82.30
19.08,19.08,69.04,84.52,84.30
13.14,13.14,71.01,84.73,80.48
4.08,4.08,75.11,83.83,79.46
0.28,0.28,85.69,79.91,77.36
0.67,0.67,85.74,64.37,78.47
2.80,2.80,90.42,57.24,75.01
9.36,9.36,91.84,56.60,73.98
16.13,16.13,91.81,64.50,73.77
13.78,13.78,92.88,70.25,73.86
12.09,12.09,91.62,69.22,72.89
16.35,16.35,86.88,69.41,75.38
18.03,18.03,85.35,77.75,75.10
16.01,16.01,91.33,79.13,73.58
13.52,13.52,90.95,79.82,75.53
11.28,11.28,84.27,78.29,77.55
6.42,6.42,78.70,78.25,78.77
5.83,5.83,78.56,82.57,79.26
9.28,9.28,76.93,86.11,81.38
8.75,8.75,73.44,85.31,80.82
8.60,8.60,71.11,87.08,80.95
9.05,9.05,69.63,86.24,80.30
12.92,12.92,67.77,88.52,80.20
13.84,13.84,67.22,85.66,78.44
10.40,10.40,63.71,87.29,77.97
8.68,8.68,63.47,85.92,77.58
10.98,10.98,63.85,86.59,79.81
9.51,9.51,63.78,86.68,81.33
11.16,11.16,64.15,85.51,81.33
7.25,7.25,68.45,87.11,80.49
4.09,4.09,72.96,85.02,78.12
1.09,1.09,78.46,86.16,77.54
1.43,1.43,82.85,80.25,76.97
4.97,4.97,87.58,72.06,77.91
7.27,7.27,91.37,60.73,77.15
8.58,8.58,90.97,62.60,77.09
12.98,12.98,90.47,65.91,76.12
11.76,11.76,90.83,68.88,75.37
9.61,9.61,88.65,71.22,76.04
8.81,8.81,84.73,68.77,76.66
5.79,5.79,89.95,74.82,75.48
3.97,3.97,92.30,80.81,72.25
3.99,3.99,87.68,77.87,74.45
6.70,6.70,83.22,77.45,75.25
12.35,12.35,78.20,79.01,76.48
16.56,16.56,80.46,83.44,74.81
17.33,17.33,76.67,84.99,75.22
15.02,15.02,73.44,87.16,76.07
8.77,8.77,70.75,85.82,77.62
5.47,5.47,70.42,88.18,76.62
7.24,7.24,68.59,86.34,78.78
12.11,12.11,66.23,88.31,77.90
12.58,12.58,64.96,86.12,79.23
17.47,17.47,64.14,87.57,79.60
17.86,17.86,63.47,86.11,79.24
16.63,16.63,64.32,86.93,77.72
14.67,14.67,66.00,87.19,79.64
14.41,14.41,69.23,86.24,77.88
7.02,7.02,75.17,87.26,75.47
3.47,3.47,82.53,82.27,75.43
1.30,1.30,85.90,76.92,74.19
1.36,1.36,87.54,63.31,71.11
2.18,2.18,91.31,56.20,74.30
7.50,7.50,91.83,58.51,75.10
6.90,6.90,92.04,67.37,74.39
6.04,6.04,91.47,67.04,74.49
7.91,7.91,90.47,63.85,76.56
10.48,10.48,85.84,70.87,77.57
13.39,13.39,90.79,75.63,76.69
18.23,18.23,89.47,76.91,77.22
19.18,19.18,89.51,75.44,78.08
15.20,15.20,79.57,76.57,78.37
11.00,11.00,79.95,79.15,77.94
16.07,16.07,79.82,83.68,78.40
15.50,15.50,74.90,84.39,76.74
10.80,10.80,70.94,85.27,76.46
9.24,9.24,70.52,88.02,78.02
11.40,11.40,69.19,84.50,76.11
14.34,14.34,66.97,85.36,76.14
17.39,17.39,66.19,84.33,77.74
16.56,16.56,67.92,87.67,78.86
16.52,16.52,66.42,84.96,79.18
17.86,17.86,67.95,86.92,80.12
20.19,20.19,68.63,84.63,81.12
20.74,20.74,70.45,84.94,81.11
19.94,19.94,71.79,85.78,79.76
22.54,22.54,76.80,83.28,78.98
19.82,19.82,83.46,83.18,77.89
11.62,11.62,87.51,74.25,75.52
8.93,8.93,90.04,61.14,75.55
10.36,10.36,87.66,37.18,74.15
16.84,16.84,90.25,35.36,75.59
18.95,18.95,89.06,33.61,71.88
17.43,17.43,90.28,34.62,71.80
16.28,16.28,89.63,42.58,73.61
15.34,15.34,86.43,38.31,73.68
14.01,14.01,89.39,43.10,72.90
10.58,10.58,90.99,48.29,74.71
7.30,7.30,89.40,48.44,75.36
8.81,8.81,84.91,38.29,77.54
12.21,12.21,82.50,41.52,77.87
12.47,12.47,77.35,42.67,77.98
10.11,10.11,73.32,44.38,79.20
9.62,9.62,73.54,45.96,82.48
11.18,11.18,72.50,51.86,82.07
9.18,9.18,71.50,46.28,82.44
7.11,7.11,71.89,54.65,81.18
5.23,5.23,73.36,51.99,81.75
3.79,3.79,70.65,58.11,81.58
3.14,3.14,69.89,50.33,81.90
5.74,5.74,69.11,47.99,80.83
9.38,9.38,69.69,62.09,80.41
11.38,11.38,70.08,60.92,76.73
11.35,11.35,71.84,56.88,72.08
8.15,8.15,79.66,58.43,75.76
2.30,2.30,86.96,52.64,72.39
8.12,8.12,87.10,59.77,74.49
18.44,18.44,90.69,58.36,79.71
18.71,18.71,92.30,54.04,77.05
24.23,24.23,90.97,52.54,76.73
28.06,28.06,92.67,56.74,78.57
27.06,27.06,88.65,58.40,76.61
25.88,25.88,90.64,63.56,78.32
26.39,26.39,91.52,65.40,76.42
22.68,22.68,91.52,71.50,77.58
17.35,17.35,90.27,69.87,76.41
10.83,10.83,87.83,66.19,76.35
6.44,6.44,88.53,74.15,78.97
12.37,12.37,83.03,66.57,80.85
16.46,16.46,76.84,75.65,83.68
15.54,15.54,72.36,75.20,82.82
15.14,15.14,70.31,78.93,79.22
15.33,15.33,70.58,79.79,81.61
12.37,12.37,70.26,73.02,80.71
6.90,6.90,66.36,78.14,80.56
10.49,10.49,65.67,76.65,83.02
17.46,17.46,66.21,78.02,88.16
18.67,18.67,66.46,77.93,87.91
22.25,22.25,66.19,75.73,88.03
18.57,18.57,64.94,79.04,87.47
14.97,14.97,71.04,73.62,86.31
11.74,11.74,73.92,78.72,82.99
8.66,8.66,80.73,75.51,82.90
5.49,5.49,84.37,65.01,84.24
8.66,8.66,86.97,59.02,84.35
13.36,13.36,87.55,55.21,83.29
16.65,16.65,89.85,51.58,83.39
14.76,14.76,92.25,57.95,83.12
12.60,12.60,88.23,60.07,81.73
7.87,7.87,91.38,65.79,81.49
11.46,11.46,90.89,66.79,79.35
19.14,19.14,90.31,69.52,81.97
22.64,22.64,88.82,69.68,79.56
20.95,20.95,91.06,70.74,79.72
18.24,18.24,90.16,69.12,78.21
21.09,21.09,86.73,73.64,78.59
18.69,18.69,80.18,72.22,84.41
24.52,24.52,77.71,74.66,86.07
23.61,23.61,73.09,76.66,81.83
20.15,20.15,71.11,75.08,81.84
17.43,17.43,71.21,78.74,83.10
17.84,17.84,68.59,79.48,81.82
15.37,15.37,67.92,79.80,83.26
18.77,18.77,67.56,79.05,83.23
22.74,22.74,69.90,76.88,83.73
22.93,22.93,68.28,78.52,80.30
17.64,17.64,68.20,76.59,83.00
15.18,15.18,68.25,78.48,78.70
10.89,10.89,73.54,78.61,79.98
10.86,10.86,75.17,79.35,77.51
14.82,14.82,85.78,72.21,81.49
18.76,18.76,85.25,61.86,82.12
21.74,21.74,88.80,57.42,82.78
27.23,27.23,91.61,54.46,81.08
28.83,28.83,91.21,58.70,80.42
31.23,31.23,90.03,58.24,79.95
33.32,33.32,91.40,60.63,80.74
32.43,32.43,90.91,61.84,80.83
31.82,31.82,88.59,68.64,80.35
31.70,31.70,89.58,70.04,80.20
25.81,25.81,91.05,72.46,79.45
21.21,21.21,90.84,69.10,82.50
26.83,26.83,86.98,69.84,81.18
27.91,27.91,83.87,69.38,83.06
22.32,22.32,80.65,77.11,80.94
17.30,17.30,75.35,71.82,80.84
16.53,16.53,72.36,78.45,80.31
17.10,17.10,70.56,77.70,79.76
21.00,21.00,69.73,79.38,79.79
14.43,14.43,69.70,79.45,80.14
23.90,23.90,67.88,76.38,78.14
30.26,30.26,70.96,78.57,81.06
27.39,27.39,70.42,77.62,82.12
19.89,19.89,72.07,78.15,81.95
18.27,18.27,73.48,78.06,83.03
16.50,16.50,72.19,78.03,81.64
17.50,17.50,71.22,78.46,77.98
22.26,22.26,78.00,74.04,80.14
23.19,23.19,82.93,70.23,84.83
19.57,19.57,84.95,62.61,86.81
21.14,21.14,88.31,56.97,84.58
27.60,27.60,91.08,57.66,82.73
29.52,29.52,90.65,61.00,81.01
26.84,26.84,91.60,61.36,81.51
28.99,28.99,89.24,66.56,79.24
32.25,32.25,88.74,65.81,81.73
28.02,28.02,90.48,65.89,80.65
20.89,20.89,91.10,70.40,81.08
20.52,20.52,91.16,72.44,79.41
20.96,20.96,87.40,73.43,80.57
20.31,20.31,87.98,73.85,80.72
27.77,27.77,84.24,69.07,81.39
28.31,28.31,77.20,75.30,81.42
22.87,22.87,73.60,73.10,80.75
14.22,14.22,72.12,75.87,81.53
17.05,17.05,71.54,77.25,83.23
20.00,20.00,69.82,74.47,80.69
21.88,21.88,68.50,78.53,81.14
18.26,18.26,66.12,76.87,81.80
16.46,16.46,65.97,78.42,83.98
16.73,16.73,67.38,78.31,82.99
18.39,18.39,67.47,77.88,82.97
26.47,26.47,68.90,78.02,82.88
26.84,26.84,70.35,75.07,80.47
18.37,18.37,75.46,77.61,79.64
9.87,9.87,80.68,76.79,77.83
4.16,4.16,87.94,69.44,77.02
6.03,6.03,87.80,63.92,75.07
9.29,9.29,90.55,59.05,73.19
10.88,10.88,91.79,59.20,73.46
12.47,12.47,93.76,60.18,75.45
15.27,15.27,89.14,61.51,72.54
19.39,19.39,90.78,64.70,76.09
21.33,21.33,91.79,64.69,72.09
20.98,20.98,91.32,68.67,75.76
18.21,18.21,89.76,70.54,74.95
13.58,13.58,89.34,72.00,75.21
10.07,10.07,89.97,70.25,75.78
7.30,7.30,87.92,73.10,78.21
13.01,13.01,81.12,71.33,78.03
11.87,11.87,77.88,73.89,78.36
12.98,12.98,74.12,75.42,77.01
15.55,15.55,72.13,75.28,77.08
20.49,20.49,71.12,78.68,77.43
18.09,18.09,70.54,77.17,77.09
14.62,14.62,68.86,77.90,80.23
13.99,13.99,67.07,78.51,78.15
16.31,16.31,66.05,77.67,80.13
20.46,20.46,67.36,77.43,82.28
22.61,22.61,68.57,76.26,81.77
20.22,20.22,69.53,78.86,80.32
14.04,14.04,71.10,76.67,80.69
10.47,10.47,74.77,79.15,78.94
12.74,12.74,84.24,74.76,78.99
11.69,11.69,83.60,65.78,77.73
13.70,13.70,88.55,65.79,78.90
17.37,17.37,91.72,60.25,78.86
18.46,18.46,90.35,58.00,78.32
18.44,18.44,89.97,62.64,79.88
14.20,14.20,91.37,63.91,78.45
12.16,12.16,90.79,61.59,77.54
10.55,10.55,89.55,66.41,75.80
8.48,8.48,87.87,69.16,74.59
7.18,7.18,91.04,71.80,73.73
8.81,8.81,91.71,69.95,76.26
9.16,9.16,88.93,70.36,77.64
6.84,6.84,83.89,72.59,77.51
9.23,9.23,80.80,75.55,76.56
11.72,11.72,75.99,69.91,77.02
14.47,14.47,73.28,74.84,76.72
12.55,12.55,72.61,77.85,77.41
9.52,9.52,71.27,77.17,77.10
17.64,17.64,69.33,79.29,77.55
21.70,21.70,69.25,78.18,80.61
15.57,15.57,69.92,80.55,81.83
12.15,12.15,69.81,75.65,82.14
21.63,21.63,68.86,79.02,81.82
27.70,27.70,69.07,78.19,81.18
26.14,26.14,69.69,80.24,79.18
17.66,17.66,74.31,78.08,76.85
4.74,4.74,78.46,76.65,75.95
2.29,2.29,86.91,72.89,72.34
5.98,5.98,85.66,64.18,71.90
16.72,16.72,90.34,57.99,75.53
18.25,18.25,92.81,53.77,74.97
22.44,22.44,90.95,60.51,76.64
25.68,25.68,92.90,63.55,78.81
28.05,28.05,90.93,66.15,79.36
27.84,27.84,88.72,63.61,78.76
26.14,26.14,90.68,67.18,77.48
21.42,21.42,92.23,69.72,77.94
12.47,12.47,91.45,71.58,78.35
5.89,5.89,88.23,70.42,77.62
5.43,5.43,87.50,73.09,79.82
6.58,6.58,85.35,67.83,76.48
7.47,7.47,77.96,74.23,77.78
9.57,9.57,75.17,73.04,77.54
6.53,6.53,72.92,78.69,76.63
2.90,2.90,72.09,77.31,77.66
1.41,1.41,71.05,76.99,77.39
0.13,0.13,71.71,77.29,76.87
0.19,0.19,68.73,75.63,76.89
0.81,0.81,67.15,79.48,77.43
1.67,1.67,67.79,77.79,77.99
1.30,1.30,69.45,79.30,80.38
2.97,2.97,68.05,79.38,79.88
8.94,8.94,70.21,74.64,79.86
17.03,17.03,74.28,78.01,79.77
18.34,18.34,79.83,76.09,80.33
15.05,15.05,84.51,68.82,77.97
6.62,6.62,85.91,66.09,77.71
1.34,1.34,90.79,59.32,75.88
0.71,0.71,89.90,54.95,77.15
1.73,1.73,92.14,62.39,73.36
6.35,6.35,89.54,63.06,76.05
9.50,9.50,89.02,65.79,72.99
8.39,8.39,90.54,70.49,76.38
4.56,4.56,90.75,70.06,74.21
1.80,1.80,90.72,70.23,75.78
0.44,0.44,88.00,74.56,73.61
0.15,0.15,89.73,74.33,76.19
0.31,0.31,87.35,75.44,77.41
1.40,1.40,80.28,70.40,77.04
0.10,0.10,75.77,75.54,78.70
0.01,0.01,75.29,75.71,79.28
0.01,0.01,73.70,76.61,80.61
-0.00,-0.00,72.40,76.76,79.05
-0.00,-0.00,72.27,76.12,77.98
0.11,0.11,70.23,75.96,78.30
0.60,0.60,69.93,77.87,79.48
1.93,1.93,68.94,77.19,80.90
11.88,11.88,68.26,80.44,79.30
21.07,21.07,67.79,73.04,81.58
21.85,21.85,68.57,76.12,80.93
20.07,20.07,70.05,77.73,76.81
6.37,6.37,73.09,76.04,75.95
7.02,7.02,82.80,74.01,77.15
11.79,11.79,87.00,69.13,75.51
25.17,25.17,87.33,54.78,77.43
18.47,18.47,91.95,52.40,78.30
20.05,20.05,91.00,56.46,77.62
22.41,22.41,89.60,62.80,76.23
22.77,22.77,91.42,68.50,77.03
20.73,20.73,90.43,72.04,72.68
21.49,21.49,89.52,74.55,76.64
25.87,25.87,87.67,77.14,78.08
28.17,28.17,88.49,78.12,77.75
29.14,29.14,89.71,78.69,77.50
34.27,34.27,87.96,79.57,77.16
41.55,41.55,80.88,78.54,79.94
52.50,52.50,77.36,80.76,82.23
56.35,56.35,74.29,84.11,80.54
60.74,60.74,71.72,84.60,81.06
67.06,67.06,70.59,83.35,81.11
68.65,68.65,71.91,83.85,80.87
70.49,70.49,69.29,83.56,81.95
71.56,71.56,66.63,83.29,79.90
69.02,69.02,68.06,84.22,83.70
73.23,73.23,67.26,84.84,86.61
75.92,75.92,66.78,81.73,83.86
75.80,75.80,64.78,82.36,82.85
73.78,73.78,66.22,82.66,83.05
69.78,69.78,71.22,83.49,82.57
66.08,66.08,75.17,83.24,83.15
62.75,62.75,81.47,78.59,83.16
60.14,60.14,85.49,72.78,82.17
60.02,60.02,88.73,63.25,80.82
60.71,60.71,89.56,56.99,79.26
64.09,64.09,88.58,64.37,80.20
62.98,62.98,90.93,65.63,80.70
66.78,66.78,90.71,70.80,78.36
69.95,69.95,87.68,74.64,82.32
70.84,70.84,87.83,77.91,79.45
70.68,70.68,89.37,78.33,78.60
70.55,70.55,89.48,78.94,78.44
61.58,61.58,88.45,82.41,79.79
55.46,55.46,81.94,82.79,78.18
54.56,54.56,80.30,80.51,79.81
63.34,63.34,76.89,83.08,81.00
67.85,67.85,74.00,83.33,84.27
68.80,68.80,71.87,83.44,83.24
67.99,67.99,70.90,83.33,84.64
63.89,63.89,69.88,84.66,83.29
62.44,62.44,68.99,85.83,82.60
63.85,63.85,67.17,85.20,81.34
67.57,67.57,66.17,84.76,80.99
65.45,65.45,65.23,84.94,82.31
52.82,52.82,66.23,84.50,79.84
67.70,67.70,68.47,84.97,83.10
69.33,69.33,69.17,85.36,80.59
69.72,69.72,73.33,84.05,80.56
73.18,73.18,79.19,82.65,80.63
74.93,74.93,86.67,74.05,81.64
75.83,75.83,85.53,64.80,81.79
76.65,76.65,90.31,58.97,79.08
78.43,78.43,89.68,62.90,78.79
79.53,79.53,89.69,66.98,77.16
78.59,78.59,90.48,67.64,77.55
78.15,78.15,88.09,73.43,79.38
78.16,78.16,88.81,75.76,79.48
79.12,79.12,90.42,78.96,75.03
79.75,79.75,88.88,78.52,78.40
78.15,78.15,87.01,76.86,77.06
76.79,76.79,87.31,80.09,77.34
75.90,75.90,83.77,79.66,77.50
75.71,75.71,79.14,82.06,79.77
74.33,74.33,75.60,84.66,81.44
71.69,71.69,72.20,85.69,78.52
71.87,71.87,70.64,86.50,78.77
73.41,73.41,69.48,85.71,78.44
75.37,75.37,69.37,84.99,77.91
75.76,75.76,67.19,84.90,79.56
74.96,74.96,66.11,84.54,80.41
74.65,74.65,67.11,85.68,82.54
74.93,74.93,67.07,85.12,83.78
73.86,73.86,63.94,85.80,79.70
73.11,73.11,64.07,84.95,82.68
69.48,69.48,67.63,84.50,80.67
69.40,69.40,72.96,83.90,81.37
68.07,68.07,79.62,81.57,82.48
72.42,72.42,83.74,74.98,81.18
71.33,71.33,88.71,62.85,80.79
68.96,68.96,89.35,58.79,81.26
67.88,67.88,89.71,62.47,79.04
68.44,68.44,90.00,65.44,79.02
70.47,70.47,89.10,67.74,79.11
73.06,73.06,89.55,70.56,79.87
73.02,73.02,88.53,74.41,79.67
71.20,71.20,88.54,76.21,80.37
69.30,69.30,86.93,75.85,79.43
60.99,60.99,89.52,79.46,77.77
61.05,61.05,87.97,80.61,77.69
62.88,62.88,81.06,81.21,77.13
63.25,63.25,76.43,81.82,82.17
69.20,69.20,72.33,85.08,81.65
67.53,67.53,71.26,85.49,82.64
63.25,63.25,70.77,85.00,83.57
61.61,61.61,70.82,84.11,82.36
61.97,61.97,68.41,84.35,82.20
61.68,61.68,66.45,84.53,81.49
66.03,66.03,65.14,85.83,83.70
62.87,62.87,63.95,84.40,80.33
63.35,63.35,63.90,84.61,84.87
64.37,64.37,63.47,84.32,84.43
67.67,67.67,66.81,85.04,83.69
63.74,63.74,71.09,85.07,81.78
49.53,49.53,75.70,85.02,79.39
49.57,49.57,84.22,79.44,78.64
51.96,51.96,83.93,78.98,75.44
59.41,59.41,92.40,71.74,75.97
59.16,59.16,84.29,64.59,77.85
58.22,58.22,82.86,63.76,77.88
58.16,58.16,84.25,67.93,78.88
59.23,59.23,86.45,67.50,78.03
57.29,57.29,92.09,72.63,74.59
56.95,56.95,89.34,75.49,75.73
55.44,55.44,91.53,77.90,76.02
54.53,54.53,88.82,75.20,75.23
54.20,54.20,82.57,70.42,77.95
53.67,53.67,75.91,75.45,79.40
56.68,56.68,74.02,75.80,78.25
60.70,60.70,75.36,78.23,80.01
56.24,56.24,73.27,83.08,77.20
54.61,54.61,72.26,83.22,78.89
56.75,56.75,70.21,79.88,79.25
56.76,56.76,67.63,85.16,79.85
50.22,50.22,65.96,80.90,79.66
56.23,56.23,64.38,81.60,81.11
55.21,55.21,64.21,84.50,81.21
51.32,51.32,62.76,81.12,79.04
57.95,57.95,63.55,83.71,81.14
60.82,60.82,65.15,82.12,83.68
61.66,61.66,68.06,82.03,82.78
61.27,61.27,71.79,82.87,81.33
61.49,61.49,78.20,78.34,82.46
59.08,59.08,81.06,79.76,79.08
59.05,59.05,85.97,75.01,77.30
58.22,58.22,89.96,68.14,79.12
54.38,54.38,85.13,69.01,80.99
48.05,48.05,84.17,68.22,82.21
52.25,52.25,84.02,67.14,80.84
56.19,56.19,88.51,65.67,81.71
50.42,50.42,88.63,70.57,80.43
44.87,44.87,92.37,74.01,77.26
45.61,45.61,90.84,73.83,79.56
46.95,46.95,84.83,70.71,79.40
45.60,45.60,81.92,71.40,79.54
43.50,43.50,76.00,71.88,78.59
43.23,43.23,76.35,74.27,79.36
50.54,50.54,76.03,77.83,77.99
53.01,53.01,72.97,79.98,78.15
52.55,52.55,72.38,78.41,79.86
51.34,51.34,71.06,82.80,80.26
49.42,49.42,70.50,79.79,80.98
44.66,44.66,68.27,81.96,78.09
49.17,49.17,69.72,83.00,83.64
47.67,47.67,67.92,79.17,82.90
54.04,54.04,67.03,83.67,83.12
50.77,50.77,65.34,80.95,84.66
54.16,54.16,65.42,80.74,84.63
52.03,52.03,70.16,83.29,82.69
52.08,52.08,78.54,80.58,80.26
49.62,49.62,80.59,81.50,76.65
46.93,46.93,86.98,77.95,73.48
46.39,46.39,85.65,72.08,74.09
48.57,48.57,88.18,62.32,75.38
47.79,47.79,85.03,65.19,80.00
47.05,47.05,84.85,65.47,78.30
48.41,48.41,84.47,60.81,80.59
50.35,50.35,90.28,68.84,79.69
48.98,48.98,92.17,71.11,78.05
55.46,55.46,91.35,70.96,78.61
51.29,51.29,87.75,69.62,78.98
46.74,46.74,85.80,70.80,78.01
49.79,49.79,79.70,70.02,80.73
49.84,49.84,75.58,68.82,79.78
52.82,52.82,78.09,77.64,79.86
57.11,57.11,75.41,79.41,80.15
55.95,55.95,72.17,80.01,77.65
54.97,54.97,72.34,82.87,80.48
56.36,56.36,72.77,80.63,77.97
56.09,56.09,70.89,83.93,79.35
57.10,57.10,69.51,81.62,80.49
58.62,58.62,67.69,82.79,80.60
59.92,59.92,68.28,84.34,83.36
62.42,62.42,67.67,81.67,82.65
61.84,61.84,68.62,83.08,84.29
55.54,55.54,68.72,83.35,82.52
44.12,44.12,73.54,78.62,81.22
38.02,38.02,76.69,83.58,81.28
43.74,43.74,82.96,76.78,82.31
50.43,50.43,84.40,67.27,81.11
61.48,61.48,87.79,56.63,81.78
61.50,61.50,88.11,46.87,80.83
58.05,58.05,88.23,49.54,82.89
48.54,48.54,87.14,49.62,79.84
41.17,41.17,88.98,46.40,81.34
52.25,52.25,88.04,42.66,79.67
59.91,59.91,86.78,44.30,79.10
61.13,61.13,86.30,48.11,79.25
65.50,65.50,89.68,45.02,78.43
64.01,64.01,89.21,52.42,78.77
55.56,55.56,85.19,57.63,78.98
65.89,65.89,81.59,60.65,79.45
68.88,68.88,79.64,61.52,81.76
66.26,66.26,77.20,65.00,81.81
60.07,60.07,76.80,70.11,83.03
66.09,66.09,75.08,73.22,83.48
69.46,69.46,73.38,72.27,82.56
70.61,70.61,74.59,68.62,82.75
70.77,70.77,77.11,69.31,84.58
64.34,64.34,77.34,72.01,84.43
61.55,61.55,75.90,73.96,85.24
62.89,62.89,76.88,74.78,82.16
64.12,64.12,77.32,76.37,81.39
59.17,59.17,75.54,74.34,80.67
54.26,54.26,78.25,69.75,80.89
59.22,59.22,78.66,60.93,78.47
59.00,59.00,85.65,58.80,77.77
55.15,55.15,88.10,59.29,77.24
50.29,50.29,87.11,56.45,77.09
41.05,41.05,90.85,55.71,76.99
44.57,44.57,89.11,58.49,75.98
55.65,55.65,90.98,62.83,76.93
57.18,57.18,89.81,65.66,75.55
58.88,58.88,88.79,69.49,78.00
61.16,61.16,91.14,65.12,76.99
57.74,57.74,91.85,66.34,75.69
44.72,44.72,90.42,71.25,75.75
41.90,41.90,86.72,70.80,75.75
57.63,57.63,88.07,73.60,77.80
57.06,57.06,84.02,66.84,77.89
48.90,48.90,77.42,77.70,77.16
45.67,45.67,74.02,74.73,78.39
35.46,35.46,73.24,79.77,77.78
33.56,33.56,72.16,77.77,77.61
33.28,33.28,71.00,74.76,77.26
30.54,30.54,72.43,75.65,77.37
29.64,29.64,71.90,78.26,76.29
26.71,26.71,72.59,74.18,76.76
21.46,21.46,71.62,76.94,76.77
13.03,13.03,70.03,77.78,73.94
16.64,16.64,71.32,77.68,74.14
24.95,24.95,71.03,74.60,74.82
31.48,31.48,69.79,76.80,72.74
28.83,28.83,72.29,76.55,74.32
25.93,25.93,72.00,77.74,75.71
18.94,18.94,69.64,79.33,73.73
19.70,19.70,68.87,74.59,72.84
24.58,24.58,68.16,77.87,75.00
13.84,13.84,67.80,75.00,74.75
18.10,18.10,68.18,77.74,74.55
20.91,20.91,70.92,78.53,74.83
12.19,12.19,69.77,78.09,74.91
18.32,18.32,67.91,79.59,74.48
11.65,11.65,68.19,74.43,73.42
13.47,13.47,68.40,77.70,73.20
12.68,12.68,71.40,77.66,73.72
4.99,4.99,71.35,77.91,70.64
2.47,2.47,84.81,74.60,74.34
3.44,3.44,89.30,69.79,72.90
6.83,6.83,89.65,67.02,73.61
9.47,9.47,90.37,63.60,72.77
6.72,6.72,90.65,63.20,73.81
7.10,7.10,92.86,68.83,73.72
7.81,7.81,88.83,69.15,72.83
5.74,5.74,92.86,74.81,71.47
9.07,9.07,91.68,73.72,72.94
10.40,10.40,90.11,71.15,73.85
10.73,10.73,88.74,73.87,72.66
9.80,9.80,90.70,78.17,73.73
8.22,8.22,88.66,69.50,72.45
6.36,6.36,85.53,75.74,71.35
7.28,7.28,83.58,71.93,73.51
6.94,6.94,80.36,70.51,72.46
7.66,7.66,79.72,72.63,73.47
4.59,4.59,79.19,65.31,74.41
4.22,4.22,80.10,72.34,74.37
0.19,0.19,76.87,70.21,74.59
0.13,0.13,74.58,75.90,73.74
1.16,1.16,75.80,77.17,73.34
0.47,0.47,73.00,71.66,73.44
0.79,0.79,71.99,76.48,76.45
1.07,1.07,68.79,78.49,75.73
0.68,0.68,69.11,81.88,74.91
0.36,0.36,68.64,76.48,73.80
2.61,2.61,70.82,80.02,73.65
2.02,2.02,75.53,78.72,72.26
1.62,1.62,71.74,77.95,72.90
1.76,1.76,69.56,75.92,73.25
2.05,2.05,69.82,78.28,73.80
3.24,3.24,68.32,79.89,74.38
1.10,1.10,67.19,79.39,74.84
0.25,0.25,66.31,78.27,73.40
0.17,0.17,68.26,78.63,73.74
2.92,2.92,64.87,76.94,71.48
12.95,12.95,62.85,79.15,73.63
16.31,16.31,62.57,78.28,72.62
16.78,16.78,63.19,80.04,72.66
9.25,9.25,64.40,80.76,72.04
0.58,0.58,66.18,76.31,72.16
-0.00,-0.00,69.69,78.69,74.02
0.06,0.06,67.24,78.24,74.46
1.72,1.72,65.55,77.75,72.81
6.21,6.21,65.80,79.76,73.34
9.08,9.08,60.42,78.48,73.45
4.13,4.13,62.84,79.31,73.25
0.34,0.34,67.60,75.89,72.58
0.11,0.11,67.26,78.86,72.11
1.05,1.05,60.59,77.98,72.52
4.80,4.80,61.36,79.13,73.53
6.67,6.67,61.77,79.33,72.95
5.21,5.21,61.51,76.20,73.90
2.07,2.07,61.70,79.57,72.49
0.13,0.13,65.54,77.25,72.96
0.01,0.01,68.55,79.24,75.37
2.20,2.20,64.09,78.44,74.86
8.23,8.23,61.61,80.24,74.57
8.25,8.25,60.01,80.56,74.98
3.41,3.41,59.14,77.37,73.68
0.33,0.33,58.72,78.82,73.48
0.04,0.04,66.12,78.36,73.90
0.09,0.09,64.84,80.15,74.64
3.65,3.65,59.84,79.11,73.21
10.18,10.18,55.95,79.61,72.45
11.54,11.54,57.16,80.53,73.74
9.96,9.96,56.00,74.87,72.87
5.04,5.04,56.76,79.63,70.99
0.48,0.48,66.67,78.22,70.99
0.01,0.01,65.41,79.49,70.67
3.85,3.85,61.92,80.03,70.71
5.18,5.18,55.43,77.88,72.27
5.37,5.37,53.23,79.90,73.12
3.59,3.59,52.03,76.68,71.90
1.20,1.20,53.45,78.86,71.85
0.49,0.49,64.58,78.64,74.39
0.69,0.69,63.41,78.61,72.95
2.25,2.25,55.67,80.37,72.20
2.95,2.95,53.38,75.75,70.46
4.51,4.51,54.46,79.07,69.10
2.88,2.88,62.47,76.01,67.84
0.57,0.57,67.53,77.71,66.55
1.84,1.84,83.26,76.94,72.05
0.56,0.56,88.81,70.78,69.07
1.14,1.14,89.77,65.68,71.19
2.96,2.96,89.84,57.57,71.00
2.80,2.80,90.90,57.09,70.93
3.36,3.36,92.43,62.37,70.47
3.57,3.57,87.99,63.82,71.41
9.60,9.60,91.21,65.51,70.88
10.41,10.41,91.84,69.87,70.14
10.51,10.51,91.51,71.25,70.72
11.18,11.18,88.90,72.90,71.78
9.32,9.32,91.13,76.57,71.81
4.92,4.92,90.31,69.68,69.97
4.05,4.05,88.13,73.43,66.29
6.18,6.18,85.26,66.91,68.95
1.61,1.61,87.42,60.09,68.19
1.09,1.09,89.16,53.83,68.40
1.29,1.29,89.54,55.54,71.86
3.91,3.91,90.50,53.43,72.96
3.66,3.66,91.23,62.48,72.95
6.29,6.29,88.86,61.77,72.01
14.85,14.85,91.57,64.27,73.92
12.54,12.54,91.82,66.43,73.67
8.52,8.52,89.62,69.46,73.46
9.14,9.14,90.16,70.65,71.48
9.62,9.62,91.30,73.16,70.98
5.98,5.98,89.77,70.14,72.25
3.72,3.72,84.38,71.16,71.40
2.16,2.16,80.85,76.18,71.84
1.00,1.00,75.85,70.23,70.80
3.11,3.11,67.35,76.87,69.22
7.63,7.63,64.41,75.27,71.09
5.19,5.19,62.20,77.48,71.86
3.03,3.03,57.17,78.05,69.59
1.70,1.70,55.00,78.13,68.33
3.24,3.24,67.13,80.38,69.22
5.02,5.02,56.47,73.21,70.74
4.34,4.34,49.09,78.42,70.87
9.69,9.69,50.69,78.86,70.71
6.66,6.66,51.14,77.70,72.60
0.59,0.59,65.70,79.98,72.70
3.32,3.32,68.21,76.77,72.15
2.61,2.61,82.29,76.79,71.12
0.61,0.61,78.67,69.16,69.38
1.00,1.00,81.86,58.46,68.63
2.93,2.93,81.36,58.27,70.08
3.82,3.82,79.99,61.42,68.94
3.79,3.79,78.15,69.68,71.29
0.99,0.99,76.90,71.19,72.80
0.17,0.17,74.86,73.00,72.25
0.04,0.04,72.18,69.26,73.49
0.05,0.05,69.76,78.17,73.37
0.03,0.03,68.30,77.72,74.07
0.11,0.11,68.35,75.77,73.08
-0.00,-0.00,71.27,79.17,71.04
0.06,0.06,79.30,79.63,73.52
0.01,0.01,87.16,71.96,72.03
0.01,0.01,88.49,57.17,71.67
0.28,0.28,90.05,56.78,72.17
2.36,2.36,91.06,52.82,71.88
3.70,3.70,89.91,63.31,71.47
3.00,3.00,91.67,63.34,71.35
4.88,4.88,91.18,66.27,72.08
11.52,11.52,88.94,68.00,71.26
12.47,12.47,91.94,66.70,71.03
12.03,12.03,92.44,74.08,70.89
14.90,14.90,91.52,65.02,71.25
12.92,12.92,88.12,73.72,70.45
6.97,6.97,88.75,73.78,70.07
5.52,5.52,83.52,73.16,72.60
0.85,0.85,77.53,78.34,73.33
4.56,4.56,73.93,75.64,73.49
10.43,10.43,68.72,78.85,73.71
15.70,15.70,72.06,80.90,73.00
10.38,10.38,63.64,76.57,73.05
3.95,3.95,64.70,78.24,71.26
4.62,4.62,68.19,77.39,71.23
8.86,8.86,68.61,79.55,69.84
11.75,11.75,68.90,78.27,72.13
11.95,11.95,66.32,76.47,71.77
13.14,13.14,65.29,78.39,70.98
9.16,9.16,70.77,74.35,69.95
2.85,2.85,72.93,78.31,67.37
6.49,6.49,77.68,75.23,70.62
1.23,1.23,83.09,78.59,68.92
4.19,4.19,87.72,75.25,69.05
11.24,11.24,88.56,75.06,68.15
18.14,18.14,89.26,75.83,67.00
12.39,12.39,89.11,70.63,67.09
8.89,8.89,81.32,74.39,67.61
7.94,7.94,80.67,77.58,68.19
8.25,8.25,80.68,78.49,68.52
12.90,12.90,81.54,78.56,68.03
15.56,15.56,76.13,77.15,67.70
18.64,18.64,78.54,76.90,67.96
11.90,11.90,78.19,75.87,67.54
3.60,3.60,72.17,72.83,66.77
1.51,1.51,82.13,67.43,73.86
-0.00,-0.00,85.85,57.30,73.29
0.36,0.36,87.28,53.71,76.45
5.06,5.06,87.44,45.50,76.73
5.77,5.77,87.89,48.82,76.03
6.76,6.76,89.52,50.39,75.93
4.50,4.50,85.35,58.69,77.28
1.48,1.48,88.06,60.56,76.85
6.87,6.87,88.78,65.71,75.71
16.19,16.19,88.29,67.92,76.94
18.36,18.36,85.95,69.35,74.70
18.94,18.94,88.14,70.17,75.38
10.83,10.83,87.30,68.61,75.95
1.00,1.00,83.83,71.80,75.21
0.00,0.00,79.24,71.89,74.33
1.46,1.46,77.69,75.23,75.54
9.00,9.00,72.29,77.71,76.05
15.28,15.28,68.23,74.36,76.73
13.30,13.30,63.99,77.63,77.69
6.96,6.96,61.90,77.34,77.96
0.17,0.17,63.07,78.22,78.39
0.03,0.03,68.60,79.54,80.30
1.12,1.12,62.86,74.42,79.83
9.51,9.51,61.30,76.15,78.17
21.75,21.75,60.59,77.93,78.49
22.13,22.13,57.54,75.00,76.74
13.56,13.56,57.94,78.18,74.38
1.64,1.64,62.28,75.86,73.49
-0.00,-0.00,69.17,79.64,74.35
0.32,0.32,64.37,74.47,73.61
3.97,3.97,59.40,76.38,72.45
8.35,8.35,58.70,78.32,72.43
9.40,9.40,55.03,76.43,73.45
2.99,2.99,56.99,79.43,75.22
0.03,0.03,59.52,74.19,74.58
-0.00,-0.00,67.69,76.59,74.90
-0.00,-0.00,59.35,76.56,76.11
0.99,0.99,55.36,77.28,74.30
2.79,2.79,53.46,78.12,74.13
4.31,4.31,57.50,78.39,74.22
1.08,1.08,69.03,79.12,72.56
0.05,0.05,73.17,74.31,72.87
-0.00,-0.00,88.06,74.15,72.06
-0.00,-0.00,87.86,65.29,73.29
0.12,0.12,90.33,69.94,76.90
1.84,1.84,91.03,55.73,77.18
5.25,5.25,90.79,64.23,78.27
4.96,4.96,91.48,69.10,77.65
4.78,4.78,92.06,72.59,77.60
4.42,4.42,89.49,73.07,80.10
6.23,6.23,91.40,72.22,80.03
8.91,8.91,91.69,71.71,79.30
11.08,11.08,90.98,68.28,81.62
9.17,9.17,87.31,76.62,81.01
2.49,2.49,87.45,73.99,81.93
0.31,0.31,86.16,69.79,79.39
-0.00,-0.00,81.76,69.56,75.50
-0.00,-0.00,79.69,70.62,75.39
-0.00,-0.00,81.12,69.09,76.45
0.01,0.01,79.51,65.79,74.86
0.29,0.29,79.15,65.38,75.76
0.10,0.10,78.76,66.72,76.40
0.00,0.00,76.05,65.28,77.86
0.00,0.00,72.80,74.02,77.34
0.11,0.11,70.19,67.32,77.31
0.31,0.31,67.28,73.04,79.86
2.19,2.19,65.37,75.49,81.11
1.78,1.78,63.86,71.82,79.83
0.13,0.13,63.92,77.16,78.57
0.98,0.98,73.68,73.94,78.66
0.34,0.34,73.54,73.04,76.36
0.06,0.06,70.15,75.88,76.65
0.08,0.08,70.42,75.36,79.70
0.13,0.13,69.08,78.52,80.47
0.00,0.00,68.93,75.74,81.02
-0.00,-0.00,67.59,78.93,80.69
0.27,0.27,68.69,78.52,81.98
1.37,1.37,66.10,79.73,79.97
3.75,3.75,62.68,79.94,78.80
7.53,7.53,62.94,78.17,81.43
12.89,12.89,63.01,78.89,81.89
10.27,10.27,62.74,77.28,81.97
2.68,2.68,62.04,80.06,82.38
-0.00,-0.00,68.27,79.10,80.50
-0.00,-0.00,65.71,79.16,75.34
0.08,0.08,62.29,80.68,75.20
2.60,2.60,55.81,75.47,75.20
7.78,7.78,54.00,79.64,76.65
8.16,8.16,53.27,78.15,76.08
1.62,1.62,55.16,79.73,75.73
0.00,0.00,67.62,79.28,74.42
0.20,0.20,61.69,78.37,75.38
5.41,5.41,54.82,80.20,75.22
10.88,10.88,52.64,76.51,74.93
11.75,11.75,50.86,79.34,76.38
7.95,7.95,54.95,78.51,78.09
1.70,1.70,58.93,79.46,78.68
-0.00,-0.00,70.76,80.51,78.52
0.16,0.16,62.73,78.00,74.80
4.67,4.67,54.95,77.61,77.01
11.53,11.53,53.84,77.41,75.02
11.92,11.92,54.88,78.40,76.37
7.72,7.72,57.21,78.24,78.68
1.20,1.20,59.35,79.14,78.78
-0.00,-0.00,68.59,80.59,78.01
0.18,0.18,62.93,75.61,79.44
5.89,5.89,60.72,80.39,80.04
11.70,11.70,58.68,78.08,79.76
11.76,11.76,58.40,80.07,79.25
7.21,7.21,59.93,79.65,79.71
1.15,1.15,61.50,78.71,78.15
-0.00,-0.00,71.02,81.02,74.34
0.00,0.00,64.17,76.53,74.36
0.09,0.09,56.41,79.84,72.10
0.47,0.47,48.29,79.11,72.41
2.85,2.85,46.14,78.14,71.10
1.11,1.11,46.24,80.58,70.66
0.24,0.24,52.04,77.74,71.69
0.77,0.77,67.67,80.27,73.32
2.29,2.29,56.29,77.05,72.40
2.05,2.05,45.74,78.67,71.67
3.39,3.39,43.91,78.92,72.97
4.46,4.46,50.70,79.21,71.80
1.79,1.79,66.56,79.26,68.35
3.22,3.22,71.30,77.01,67.68
0.36,0.36,89.44,72.33,68.34
0.43,0.43,87.83,65.98,68.93
2.67,2.67,90.65,64.83,70.48
5.22,5.22,90.00,63.38,71.26
7.91,7.91,91.78,64.68,72.34
8.20,8.20,90.64,63.81,71.94
13.67,13.67,92.28,71.75,72.08
20.67,20.67,91.21,68.79,70.34
16.99,16.99,89.86,71.75,70.59
13.10,13.10,92.47,71.07,70.64
14.49,14.49,92.21,63.70,68.63
12.37,12.37,89.87,77.55,68.89
4.84,4.84,86.74,72.25,68.70
6.27,6.27,86.94,67.39,69.48
1.05,1.05,87.55,64.93,67.44
2.95,2.95,87.37,51.42,69.51
7.02,7.02,90.19,57.68,72.02
8.64,8.64,90.94,60.79,71.22
7.43,7.43,90.24,61.10,71.00
9.11,9.11,91.72,65.23,70.54
16.27,16.27,91.82,67.05,70.06
17.28,17.28,89.05,66.41,69.16
14.79,14.79,91.65,66.68,68.74
11.23,11.23,92.47,73.21,69.40
10.97,10.97,91.82,66.01,67.43
8.62,8.62,88.09,69.17,68.45
5.48,5.48,87.92,75.59,70.80
7.72,7.72,84.84,68.26,70.16
6.72,6.72,77.62,77.03,69.04
5.49,5.49,70.10,74.09,68.48
10.55,10.55,68.65,75.42,69.22
15.53,15.53,65.26,78.47,70.44
12.88,12.88,60.98,72.92,69.19
14.75,14.75,53.26,76.02,69.26
19.62,19.62,61.96,76.94,69.76
20.42,20.42,61.70,75.48,69.65
18.02,18.02,50.94,78.94,71.11
17.32,17.32,46.81,76.23,71.96
20.03,20.03,49.76,79.66,71.85
20.06,20.06,57.02,73.56,69.88
12.78,12.78,60.90,77.70,67.64
7.47,7.47,74.49,80.06,69.29
1.35,1.35,81.45,69.87,67.91
3.67,3.67,80.28,68.22,66.80
12.25,12.25,82.21,63.49,66.78
16.32,16.32,81.94,65.44,67.12
9.83,9.83,82.21,67.11,67.07
5.23,5.23,79.74,65.14,67.06
6.05,6.05,81.20,72.44,66.75
3.61,3.61,81.35,74.24,67.14
5.53,5.53,76.48,68.87,66.84
4.71,4.71,73.05,76.73,67.37
1.23,1.23,70.71,76.19,67.27
0.41,0.41,71.73,79.27,66.93
0.00,0.00,71.92,75.29,64.40
0.77,0.77,83.63,77.45,64.60
3.98,3.98,86.64,66.47,63.77
8.94,8.94,87.45,56.08,67.38
18.41,18.41,87.40,54.32,69.35
25.19,25.19,88.59,56.17,70.01
23.23,23.23,89.94,63.31,69.08
20.02,20.02,86.39,62.18,70.33
27.35,27.35,89.72,67.07,68.86
19.11,19.11,85.37,69.13,69.81
16.94,16.94,77.55,62.57,70.06
10.09,10.09,77.66,73.94,68.12
8.51,8.51,77.87,74.66,69.88
7.59,7.59,74.85,71.00,69.85
8.26,8.26,66.82,79.54,68.32
8.05,8.05,69.72,77.14,73.42
3.02,3.02,66.49,79.84,72.84
1.82,1.82,63.40,81.52,69.89
7.80,7.80,63.81,76.80,71.27
8.02,8.02,63.03,77.47,71.07
8.26,8.26,53.15,76.72,69.55
9.88,9.88,53.03,80.52,71.57
10.76,10.76,67.75,80.37,69.03
14.72,14.72,57.99,76.59,70.37
12.28,12.28,52.20,80.68,70.62
13.49,13.49,61.92,79.84,68.57
13.00,13.00,62.56,79.24,71.67
13.97,13.97,54.94,80.56,70.27
19.11,19.11,57.32,76.98,70.05
20.54,20.54,71.02,80.37,72.33
16.39,16.39,62.61,77.71,70.25
13.95,13.95,56.78,79.42,70.42
13.76,13.76,65.36,79.14,69.87
15.54,15.54,61.83,78.78,70.74
15.07,15.07,54.31,80.67,71.81
10.40,10.40,57.30,75.82,70.51
9.90,9.90,68.30,79.27,70.65
15.71,15.71,57.29,77.83,70.28
14.85,14.85,51.23,78.65,68.66
12.01,12.01,65.98,79.14,68.15
8.90,8.90,62.43,78.48,67.37
5.78,5.78,66.00,80.00,65.23
9.54,9.54,71.13,74.68,66.36
11.59,11.59,88.27,72.79,73.56
11.57,11.57,88.16,64.79,71.41
10.51,10.51,90.43,60.32,74.99
15.41,15.41,91.27,54.97,74.16
19.61,19.61,91.10,57.74,73.69
24.11,24.11,91.93,67.93,73.43
22.61,22.61,92.55,64.08,73.66
25.67,25.67,89.70,70.41,73.14
26.77,26.77,91.75,64.62,71.71
31.97,31.97,92.86,71.59,72.59
32.93,32.93,91.77,68.40,72.45
28.98,28.98,88.45,76.79,71.85
15.40,15.40,88.28,74.43,72.91
5.80,5.80,85.64,68.80,69.79
4.15,4.15,79.33,74.51,70.59
13.84,13.84,71.19,73.40,68.42
21.42,21.42,69.47,77.69,70.06
26.51,26.51,65.18,77.68,72.23
26.48,26.48,61.67,78.12,72.78
13.27,13.27,59.67,78.31,73.97
0.29,0.29,64.12,77.63,74.18
1.86,1.86,64.55,77.46,74.50
10.18,10.18,60.17,78.18,73.97
18.94,18.94,60.55,79.79,75.00
18.57,18.57,57.13,79.79,73.54
15.41,15.41,57.28,75.95,73.64
3.68,3.68,57.66,78.83,71.37
0.22,0.22,66.25,79.63,72.54
0.02,0.02,66.98,78.58,73.45
0.06,0.06,64.00,80.74,72.43
2.77,2.77,55.21,77.21,73.55
6.88,6.88,52.33,77.72,72.04
3.60,3.60,50.10,75.48,71.91
0.42,0.42,52.55,78.62,70.15
0.17,0.17,65.11,78.01,70.51
1.48,1.48,63.13,76.97,71.59
4.70,4.70,50.44,78.78,71.82
6.38,6.38,46.66,74.50,72.75
6.28,6.28,49.84,78.08,71.88
5.01,5.01,60.44,74.84,68.33
0.62,0.62,68.23,77.36,66.63
0.50,0.50,83.41,76.77,70.70
0.23,0.23,88.93,71.70,68.08
1.17,1.17,89.56,68.30,67.68
5.45,5.45,89.54,61.14,70.45
7.59,7.59,91.35,64.54,71.33
8.68,8.68,93.31,66.86,71.40
5.10,5.10,89.48,67.72,72.55
7.59,7.59,92.32,74.67,69.46
7.77,7.77,92.53,73.90,71.26
8.90,8.90,91.42,70.67,71.18
11.10,11.10,88.81,73.14,70.98
8.97,8.97,91.04,75.28,70.77
5.23,5.23,89.89,70.01,69.44
3.47,3.47,87.95,74.23,67.10
8.43,8.43,83.16,71.28,72.54
8.92,8.92,81.51,70.10,70.44
5.50,5.50,79.72,71.32,73.27
0.97,0.97,79.90,66.71,74.51
0.01,0.01,80.63,69.51,72.18
0.02,0.02,77.08,72.02,75.09
0.99,0.99,76.13,76.12,74.27
1.20,1.20,75.27,77.12,72.68
0.83,0.83,73.38,76.18,74.20
0.15,0.15,71.86,77.96,75.39
1.58,1.58,66.68,80.72,76.66
4.33,4.33,65.43,82.27,75.75
8.55,8.55,65.69,77.04,74.91
15.07,15.07,67.45,79.37,73.15
9.41,9.41,76.16,78.65,69.50
11.93,11.93,72.37,78.11,71.01
16.20,16.20,69.68,79.07,72.39
9.82,9.82,70.31,75.69,74.65
8.12,8.12,68.11,79.39,73.98
3.01,3.01,66.87,78.43,72.49
1.80,1.80,64.69,76.34,73.33
3.27,3.27,68.55,79.70,70.68
8.08,8.08,62.00,76.33,69.43
18.92,18.92,60.21,77.12,71.22
26.00,26.00,59.05,77.94,71.80
29.43,29.43,57.62,78.80,72.43
20.84,20.84,59.54,80.72,71.29
7.93,7.93,63.39,75.34,72.72
1.10,1.10,70.11,79.13,72.87
0.25,0.25,66.91,77.79,73.50
3.72,3.72,61.77,78.95,72.90
8.52,8.52,56.02,79.21,70.84
14.23,14.23,52.97,79.77,70.93
6.76,6.76,52.09,80.90,70.86
3.15,3.15,59.46,74.47,70.35
3.27,3.27,66.99,79.50,70.79
3.57,3.57,56.92,78.04,70.39
8.05,8.05,52.53,78.22,70.38
12.80,12.80,49.31,80.10,70.70
14.18,14.18,49.53,78.00,71.66
9.44,9.44,52.68,81.37,71.60
1.44,1.44,61.67,77.34,70.78
0.56,0.56,70.04,79.70,73.92
3.49,3.49,60.91,79.05,71.62
10.42,10.42,53.93,77.54,72.53
12.82,12.82,51.36,80.09,73.11
9.51,9.51,50.59,77.84,72.66
3.14,3.14,52.50,79.11,71.80
0.00,0.00,63.45,77.97,71.87
-0.00,-0.00,66.21,80.23,72.52
0.62,0.62,56.58,78.73,74.50
5.29,5.29,52.55,78.91,73.04
6.71,6.71,53.99,80.33,72.72
3.23,3.23,54.76,74.62,74.63
0.34,0.34,55.57,80.88,73.86
-0.00,-0.00,64.46,76.75,70.75
0.03,0.03,66.14,79.82,67.31
5.88,5.88,62.57,79.69,68.89
7.68,7.68,51.36,79.09,69.38
10.49,10.49,46.80,81.47,69.30
10.26,10.26,45.64,75.75,68.62
4.13,4.13,47.95,80.31,69.73
2.34,2.34,62.21,78.60,70.69
3.37,3.37,63.76,77.34,70.04
5.03,5.03,51.16,81.07,69.16
10.21,10.21,46.29,77.06,67.65
11.97,11.97,47.29,80.56,67.47
7.96,7.96,57.96,76.73,65.75
4.53,4.53,64.20,79.18,63.83
5.33,5.33,80.15,77.25,67.45
2.55,2.55,88.12,71.34,66.16
5.08,5.08,86.91,66.61,67.69
6.80,6.80,88.57,62.59,67.70
8.18,8.18,89.69,61.86,68.19
11.54,11.54,91.84,66.76,68.93
9.86,9.86,88.45,67.18,67.62
15.71,15.71,89.45,72.97,67.70
15.63,15.63,91.38,72.77,67.83
13.81,13.81,90.56,69.42,67.27
17.77,17.77,87.30,74.91,67.71
15.95,15.95,88.48,71.16,68.40
7.83,7.83,88.15,71.36,64.58
3.34,3.34,86.42,71.76,60.50
3.93,3.93,84.78,65.25,64.24
0.19,0.19,88.00,61.08,63.06
3.64,3.64,89.40,58.33,65.29
4.96,4.96,89.41,55.61,68.57
7.20,7.20,90.49,55.66,68.70
6.26,6.26,92.66,63.87,70.70
10.78,10.78,88.88,62.48,70.37
21.01,21.01,91.40,65.02,72.09
20.01,20.01,92.79,67.61,71.04
17.11,17.11,91.69,71.13,70.85
18.76,18.76,89.37,68.22,68.59
19.54,19.54,91.61,75.06,68.59
14.90,14.90,90.16,69.45,68.82
12.24,12.24,86.20,74.18,66.37
11.01,11.01,79.88,75.45,68.90
7.60,7.60,77.02,74.42,67.66
5.26,5.26,70.35,77.88,66.51
5.78,5.78,64.46,74.43,66.60
4.07,4.07,62.53,76.64,67.96
3.20,3.20,57.45,77.63,66.10
4.35,4.35,52.70,79.44,66.42
6.79,6.79,67.19,80.41,67.47
9.15,9.15,56.18,72.90,67.40
10.60,10.60,44.18,77.66,65.67
15.93,15.93,44.81,77.33,67.21
13.28,13.28,48.74,76.64,68.60
3.88,3.88,62.05,78.74,66.48
0.78,0.78,65.51,75.92,65.05
1.42,1.42,81.43,77.74,65.71
5.54,5.54,79.19,67.91,64.99
6.66,6.66,80.47,65.86,66.01
3.51,3.51,85.17,70.20,66.65
1.88,1.88,85.54,67.40,66.91
1.63,1.63,81.81,72.42,66.61
0.41,0.41,84.60,72.42,68.86
0.03,0.03,80.74,70.43,68.84
0.06,0.06,78.53,74.83,68.14
0.05,0.05,76.84,75.83,69.10
0.01,0.01,74.65,75.50,68.79
-0.00,-0.00,69.82,76.93,68.49
-0.00,-0.00,71.56,75.02,66.08
0.00,0.00,78.57,78.83,67.15
0.06,0.06,87.90,71.61,66.66
2.59,2.59,87.65,60.32,66.22
8.00,8.00,90.11,63.05,67.74
8.14,8.14,90.99,55.22,69.14
11.07,11.07,90.67,63.86,68.03
18.78,18.78,91.96,65.03,69.08
24.70,24.70,92.37,66.29,68.90
21.14,21.14,90.29,66.36,67.29
20.82,20.82,92.05,70.89,66.35
20.64,20.64,92.83,73.26,66.99
19.73,19.73,91.68,67.12,67.94
16.79,16.79,88.51,74.65,66.41
12.06,12.06,87.97,73.11,66.10
10.25,10.25,85.28,70.42,69.09
2.35,2.35,78.58,77.69,71.43
3.22,3.22,70.05,73.82,72.05
10.25,10.25,67.23,75.46,71.84
12.57,12.57,64.94,78.42,70.06
7.96,7.96,60.32,77.27,68.95
3.85,3.85,53.43,76.82,67.98
7.18,7.18,61.58,76.98,67.80
9.73,9.73,63.17,77.29,66.54
9.16,9.16,53.60,78.68,68.26
9.75,9.75,46.59,79.39,68.93
9.58,9.58,45.79,80.90,69.14
7.49,7.49,46.98,75.36,67.49
3.17,3.17,51.08,79.43,66.03
2.95,2.95,63.67,78.96,68.18
1.49,1.49,66.96,78.52,69.12
5.73,5.73,56.55,80.56,66.17
11.47,11.47,48.17,74.92,64.38
15.21,15.21,43.54,80.29,65.30
19.15,19.15,44.69,77.30,65.54
20.12,20.12,46.67,79.34,65.55
15.80,15.80,63.35,79.04,64.20
11.17,11.17,62.51,79.68,64.83
11.71,11.71,49.23,80.74,65.64
13.66,13.66,44.15,76.12,66.64
14.78,14.78,46.39,79.44,64.51
10.98,10.98,58.91,77.30,62.74
6.24,6.24,62.05,79.30,62.57
11.07,11.07,81.58,74.54,66.47
7.83,7.83,88.21,75.60,66.55
5.15,5.15,90.67,75.37,66.67
10.29,10.29,88.68,72.90,67.93
13.64,13.64,91.46,75.61,68.06
14.52,14.52,91.65,71.43,69.27
11.04,11.04,84.85,72.05,71.10
8.34,8.34,87.89,72.91,73.08
8.58,8.58,87.32,69.94,71.60
15.44,15.44,87.31,64.90,72.50
19.50,19.50,87.95,57.05,71.71
19.34,19.34,89.53,49.66,72.49
15.26,15.26,88.78,48.83,73.45
3.06,3.06,85.15,40.49,74.45
0.35,0.35,76.91,48.20,73.50
3.44,3.44,64.43,48.54,75.52
9.23,9.23,58.58,43.40,77.27
15.34,15.34,58.59,46.08,73.11
16.26,16.26,57.28,42.93,73.17
10.57,10.57,55.27,31.50,73.07
3.75,3.75,54.87,39.08,73.89
3.77,3.77,67.90,36.05,75.09
4.01,4.01,59.88,33.87,75.51
8.32,8.32,55.14,33.89,75.00
17.62,17.62,54.24,29.16,75.20
17.57,17.57,52.30,32.34,72.93
10.89,10.89,56.73,34.48,73.93
1.44,1.44,60.19,31.99,74.78
0.22,0.22,70.57,30.45,72.87
0.28,0.28,67.41,31.89,71.07
4.69,4.69,62.74,24.62,69.33
12.74,12.74,56.12,36.60,70.83
14.89,14.89,52.48,35.54,71.02
9.37,9.37,50.87,30.91,70.59
10.49,10.49,55.21,35.89,70.66
22.55,22.55,68.93,34.84,69.56
18.56,18.56,56.90,32.59,69.83
15.32,15.32,49.20,34.78,69.93
20.48,20.48,46.64,34.63,70.47
21.30,21.30,53.71,34.41,69.15
17.00,17.00,61.09,16.62,66.57
15.08,15.08,71.19,4.33,68.13
14.59,14.59,88.83,0.01,67.89
23.67,23.67,88.04,1.39,70.41
32.22,32.22,91.01,3.99,73.16
45.83,45.83,90.16,3.33,73.44
45.48,45.48,90.99,4.49,73.31
37.03,37.03,90.78,15.50,71.99
33.86,33.86,89.37,17.94,73.86
36.70,36.70,89.76,11.55,73.91
33.52,33.52,88.05,17.09,73.85
30.41,30.41,90.20,19.42,73.94
26.79,26.79,90.99,25.87,74.22
21.68,21.68,89.83,22.46,73.13
11.84,11.84,84.73,22.38,71.02
3.32,3.32,83.88,28.83,68.99
0.09,0.09,84.43,27.09,66.84
0.78,0.78,79.09,22.11,67.56
3.37,3.37,82.57,14.64,67.74
2.46,2.46,80.49,15.48,69.17
0.31,0.31,80.11,9.82,68.95
-0.00,-0.00,80.87,7.46,70.94
-0.00,-0.00,79.91,8.98,69.92
-0.00,-0.00,78.95,13.85,71.37
-0.00,-0.00,73.42,16.68,73.24
0.01,0.01,73.34,14.01,74.11
0.91,0.91,71.93,13.78,73.11
1.62,1.62,69.42,19.79,72.57
0.17,0.17,68.61,26.08,72.58
-0.00,-0.00,75.00,29.04,72.82
-0.00,-0.00,75.66,33.23,74.81
0.01,0.01,71.74,26.92,73.48
0.02,0.02,69.95,28.42,74.05
0.18,0.18,69.63,26.23,73.01
0.03,0.03,68.50,30.57,73.87
-0.00,-0.00,67.23,31.11,73.40
2.87,2.87,68.27,32.31,72.41
8.94,8.94,65.64,27.78,71.57
12.90,12.90,61.82,26.53,69.91
17.70,17.70,60.93,30.78,70.92
19.50,19.50,66.49,35.73,69.80
15.26,15.26,60.38,34.67,70.41
7.18,7.18,60.32,31.10,68.07
0.97,0.97,69.62,36.56,68.48
0.01,0.01,71.61,40.99,67.70
1.06,1.06,68.98,42.86,67.04
3.07,3.07,67.36,36.20,67.11
5.64,5.64,63.91,43.16,66.84
5.81,5.81,63.42,41.43,67.21
3.81,3.81,64.04,42.42,66.85
5.80,5.80,68.77,44.62,67.01
5.25,5.25,65.49,44.69,68.30
8.26,8.26,59.97,44.25,66.88
12.57,12.57,59.10,43.24,68.33
27.85,27.85,56.95,43.82,69.63
35.36,35.36,58.67,42.00,69.45
40.98,40.98,64.61,40.01,72.77
40.63,40.63,73.36,40.02,76.43
25.34,25.34,71.92,40.94,75.90
10.97,10.97,65.26,45.07,80.05
16.28,16.28,59.58,36.65,79.11
16.14,16.14,62.74,35.12,78.29
13.93,13.93,63.27,35.35,77.31
6.07,6.07,62.88,32.39,77.94
0.93,0.93,69.00,34.87,79.14
1.70,1.70,61.92,24.62,78.01
5.73,5.73,56.04,24.95,76.11
11.73,11.73,54.86,28.18,77.11
11.11,11.11,56.14,26.82,76.13
6.40,6.40,57.57,31.05,74.72
2.08,2.08,60.76,28.32,74.71
3.56,3.56,70.27,32.41,74.55
2.86,2.86,62.56,31.85,73.60
6.30,6.30,61.27,30.79,74.36
9.63,9.63,55.30,30.28,74.54
13.15,13.15,55.81,30.86,76.20
10.95,10.95,55.84,29.11,74.35
7.59,7.59,59.13,25.90,74.34
7.87,7.87,67.45,23.14,75.11
5.35,5.35,60.03,28.23,76.12
5.18,5.18,56.37,21.38,75.95
6.50,6.50,54.59,26.10,76.30
6.76,6.76,56.19,22.20,76.37
4.72,4.72,64.37,19.54,73.93
0.86,0.86,70.75,10.48,71.35
0.11,0.11,84.29,0.80,73.17
3.33,3.33,86.73,0.30,72.40
8.89,8.89,84.44,4.10,75.16
10.76,10.76,85.86,17.82,76.49
9.40,9.40,85.74,24.09,77.70
5.83,5.83,84.12,24.38,76.05
7.97,7.97,84.20,18.76,77.99
8.06,8.06,84.51,9.09,79.24
7.42,7.42,81.79,7.67,78.25
5.72,5.72,83.76,10.67,78.43
3.86,3.86,84.31,8.12,78.33
3.93,3.93,84.14,3.50,75.05
2.88,2.88,81.02,4.41,71.55
3.73,3.73,80.06,13.70,70.21
5.98,5.98,88.29,28.65,69.58
4.87,4.87,87.01,37.59,69.69
3.29,3.29,90.78,41.00,72.34
5.55,5.55,90.05,48.12,73.25
9.10,9.10,89.25,46.48,74.52
12.03,12.03,90.84,51.04,76.16
14.02,14.02,89.60,58.94,77.14
18.69,18.69,88.89,64.93,76.34
15.60,15.60,87.73,68.20,75.59
11.82,11.82,90.18,70.76,74.92
10.96,10.96,90.46,71.59,74.05
9.01,9.01,88.94,72.34,75.37
8.32,8.32,83.95,71.33,76.12
7.95,7.95,82.61,72.05,74.46
9.37,9.37,74.18,70.74,76.80
6.28,6.28,67.70,66.10,76.75
5.29,5.29,67.91,70.48,76.24
2.69,2.69,66.66,68.99,77.02
4.58,4.58,66.88,70.02,74.94
4.90,4.90,66.63,68.29,73.72
4.64,4.64,68.53,67.94,73.56
5.75,5.75,69.20,67.30,74.06
9.66,9.66,67.06,66.35,73.46
19.67,19.67,67.46,68.31,74.63
25.01,25.01,67.68,61.78,70.86
15.15,15.15,67.32,51.23,71.02
13.75,13.75,70.84,45.43,67.81
8.78,8.78,76.60,45.84,66.72
3.96,3.96,82.81,40.05,64.96
4.41,4.41,83.07,35.68,66.12
6.83,6.83,81.43,36.78,65.49
9.16,9.16,80.90,39.00,66.64
10.38,10.38,81.84,44.58,66.14
13.86,13.86,80.32,44.79,65.14
13.34,13.34,80.34,42.73,65.71
10.89,10.89,79.44,42.43,66.73
8.29,8.29,75.63,42.52,66.68
4.65,4.65,73.40,41.81,66.43
8.24,8.24,73.27,45.61,66.91
10.76,10.76,74.40,40.52,67.13
10.04,10.04,73.98,31.75,64.92
4.26,4.26,83.80,29.74,68.04
1.26,1.26,88.42,35.02,69.15
0.47,0.47,88.90,45.20,72.50
2.22,2.22,88.63,48.51,73.85
8.13,8.13,90.44,50.03,74.45
21.39,21.39,91.70,50.68,74.22
27.02,27.02,86.95,50.86,75.36
22.72,22.72,89.71,53.46,75.41
27.34,27.34,89.37,55.65,73.09
28.95,28.95,89.73,58.30,74.01
30.75,30.75,87.05,61.13,73.92
32.62,32.62,89.15,63.78,75.37
25.71,25.71,88.33,66.27,77.43
10.89,10.89,84.48,63.91,76.91
8.97,8.97,77.44,62.64,77.78
8.53,8.53,72.91,65.68,75.89
25.91,25.91,72.15,67.72,76.80
33.54,33.54,70.91,69.79,74.50
29.12,29.12,70.36,67.11,74.06
18.97,18.97,70.45,67.16,71.32
23.26,23.26,69.58,68.34,73.11
23.38,23.38,71.57,68.12,72.60
32.46,32.46,70.81,67.15,72.78
30.50,30.50,70.23,66.09,73.15
23.54,23.54,70.30,62.22,73.12
25.09,25.09,68.97,58.05,73.63
33.46,33.46,69.10,52.10,74.32
32.17,32.17,70.19,45.37,73.30
30.06,30.06,73.04,51.89,74.65
26.96,26.96,71.79,55.06,79.91
17.43,17.43,69.85,62.67,78.76
24.00,24.00,68.58,64.98,77.55
29.84,29.84,68.50,64.96,76.55
31.05,31.05,68.53,67.14,77.65
27.21,27.21,69.50,67.85,75.67
19.06,19.06,71.31,71.41,76.33
21.14,21.14,71.51,70.99,75.13
22.50,22.50,69.59,71.06,75.41
31.20,31.20,70.64,65.49,73.64
32.47,32.47,69.56,52.59,72.01
30.67,30.67,71.82,47.61,69.54
23.48,23.48,74.46,41.42,68.80
16.20,16.20,88.65,56.62,69.39
17.30,17.30,87.64,60.01,67.46
15.60,15.60,89.46,53.06,70.28
14.59,14.59,88.55,50.64,69.81
17.60,17.60,89.09,62.80,72.47
18.07,18.07,86.67,58.41,72.93
20.85,20.85,88.54,71.43,72.90
19.71,19.71,88.01,75.80,72.61
15.82,15.82,86.47,77.29,74.05
11.12,11.12,88.94,79.92,72.95
10.67,10.67,88.67,81.05,69.87
13.33,13.33,85.28,78.45,70.95
12.69,12.69,82.22,77.75,72.11
11.51,11.51,81.07,81.38,70.71
12.37,12.37,77.55,82.54,70.80
11.30,11.30,75.74,83.67,69.83
9.48,9.48,75.42,82.43,71.40
6.96,6.96,73.61,82.06,72.16
7.18,7.18,73.91,82.12,73.04
8.30,8.30,73.31,83.04,71.82
13.33,13.33,71.89,82.66,71.97
13.94,13.94,72.40,81.71,72.77
15.90,15.90,72.13,81.56,72.29
18.11,18.11,71.95,83.45,71.34
24.18,24.18,72.31,82.13,72.11
26.62,26.62,72.30,81.86,71.67
25.03,25.03,70.78,82.56,71.52
21.68,21.68,73.58,84.39,72.41
22.80,22.80,76.02,82.43,72.41
23.90,23.90,74.43,82.07,72.19
29.23,29.23,73.53,84.06,74.37
32.96,32.96,72.37,83.19,75.00
33.06,33.06,70.18,82.03,73.59
27.55,27.55,68.33,82.40,74.60
29.93,29.93,68.30,84.05,75.32
29.13,29.13,67.84,83.06,73.73
23.78,23.78,66.59,81.97,71.66
20.73,20.73,67.09,82.50,72.82
18.07,18.07,67.32,84.59,72.55
15.96,15.96,68.84,82.75,70.86
10.07,10.07,70.10,81.25,70.37
7.54,7.54,80.04,80.76,73.95
11.08,11.08,89.64,73.96,70.12
13.56,13.56,86.95,65.94,71.73
17.16,17.16,88.99,66.95,71.68
12.04,12.04,91.98,65.20,71.58
15.69,15.69,89.88,67.77,72.44
18.46,18.46,85.85,71.48,72.43
18.98,18.98,90.31,78.99,71.80
16.90,16.90,89.33,80.31,71.38
17.52,17.52,89.10,80.39,74.18
22.30,22.30,89.26,82.20,73.14
26.67,26.67,87.75,83.33,72.42
34.91,34.91,86.73,77.75,73.00
35.99,35.99,85.46,80.76,73.68
51.62,51.62,80.13,82.00,76.87
50.35,50.35,76.91,84.37,78.03
48.14,48.14,71.73,84.37,73.47
39.51,39.51,65.58,82.49,74.87
41.82,41.82,62.97,82.74,74.59
40.54,40.54,61.50,83.77,76.10
42.40,42.40,61.33,83.04,75.71
42.70,42.70,61.17,82.92,75.54
41.79,41.79,60.09,82.16,75.23
40.58,40.58,59.88,83.17,74.91
40.81,40.81,59.36,83.10,75.32
38.68,38.68,58.84,80.30,75.89
37.86,37.86,59.71,80.63,76.19
31.49,31.49,63.18,82.52,76.03
34.55,34.55,70.13,81.56,75.87
42.25,42.25,64.35,82.26,74.80
47.14,47.14,61.12,83.18,74.01
52.23,52.23,58.22,84.26,73.53
53.94,53.94,57.51,82.46,70.80
50.35,50.35,56.62,82.61,71.20
61.13,61.13,56.68,83.87,72.84
62.79,62.79,56.29,83.92,72.74
54.45,54.45,54.44,83.27,71.80
54.49,54.49,53.33,82.96,72.21
56.45,56.45,51.87,84.20,72.63
57.00,57.00,53.40,84.19,72.54
58.65,58.65,58.58,83.02,69.09
61.93,61.93,64.85,82.89,76.19
52.94,52.94,75.04,83.39,76.60
49.32,49.32,71.74,83.21,76.23
46.59,46.59,68.14,83.75,74.92
42.50,42.50,67.17,84.68,74.36
42.86,42.86,64.01,84.54,72.98
42.46,42.46,60.67,83.09,71.48
45.99,45.99,57.58,83.07,71.60
44.54,44.54,55.50,84.25,71.24
41.71,41.71,51.32,84.00,72.79
42.73,42.73,51.67,83.58,71.68
45.92,45.92,51.35,83.39,73.28
45.91,45.91,54.15,84.45,73.74
39.62,39.62,58.29,84.45,75.16
39.21,39.21,65.13,83.05,75.59
40.57,40.57,67.66,83.58,73.90
41.66,41.66,61.32,84.69,74.62
44.44,44.44,56.48,82.38,74.20
43.44,43.44,53.77,83.04,73.87
42.83,42.83,54.15,82.66,72.20
41.23,41.23,53.13,82.08,73.03
41.54,41.54,52.43,81.89,72.43
39.27,39.27,52.04,82.55,72.97
40.75,40.75,51.93,84.61,72.57
40.00,40.00,51.63,82.82,73.66
40.30,40.30,53.01,81.63,74.60
39.58,39.58,56.78,80.87,74.70
35.52,35.52,60.97,84.24,73.51
31.73,31.73,66.95,81.70,72.26
31.94,31.94,69.29,79.54,73.43
36.77,36.77,65.14,62.63,73.68
38.93,38.93,60.05,46.30,74.93
34.54,34.54,57.25,45.20,73.08
33.29,33.29,57.37,38.50,74.23
27.37,27.37,58.82,34.63,73.56
25.61,25.61,65.68,35.93,73.10
24.20,24.20,65.32,38.40,73.89
27.80,27.80,59.20,43.32,75.28
31.51,31.51,52.99,45.50,74.13
32.69,32.69,53.08,46.49,75.14
29.54,29.54,61.90,49.45,74.78
22.84,22.84,69.99,52.21,73.24
16.55,16.55,79.87,59.07,74.99
17.17,17.17,88.74,70.99,72.81
26.40,26.40,87.79,69.48,71.35
35.76,35.76,85.21,65.78,72.83
37.19,37.19,85.17,62.84,73.06
36.31,36.31,86.22,63.56,72.56
33.63,33.63,90.26,77.50,73.63
31.09,31.09,87.65,79.46,74.84
27.71,27.71,84.45,77.69,73.30
29.33,29.33,74.56,80.25,72.19
31.31,31.31,74.05,82.15,72.37
29.97,29.97,63.10,83.13,73.90
26.41,26.41,68.20,83.49,74.23
18.57,18.57,67.30,82.70,72.65
12.54,12.54,80.99,79.27,75.84
13.11,13.11,89.09,72.01,73.39
16.78,16.78,87.29,69.72,72.42
20.24,20.24,83.21,66.43,74.38
22.21,22.21,85.31,64.76,72.60
23.74,23.74,85.79,70.51,74.18
28.01,28.01,89.05,79.08,71.95
32.65,32.65,88.66,81.21,74.36
35.60,35.60,90.22,82.38,72.18
35.20,35.20,90.26,81.76,71.19
35.62,35.62,86.45,81.50,73.11
31.57,31.57,88.77,82.73,72.81
26.69,26.69,88.23,82.84,72.11
18.29,18.29,82.75,82.25,74.14
15.81,15.81,76.40,82.28,74.82
13.88,13.88,68.24,83.54,73.71
16.76,16.76,62.32,82.87,74.01
20.99,20.99,61.79,82.29,75.63
23.12,23.12,59.67,82.20,75.31
29.08,29.08,57.91,83.60,75.13
38.47,38.47,59.08,84.38,75.13
44.06,44.06,56.62,83.72,77.62
46.59,46.59,55.97,82.78,76.48
43.78,43.78,55.95,82.85,76.98
37.92,37.92,58.38,83.00,77.53
30.75,30.75,60.23,83.30,76.31
25.75,25.75,63.17,83.85,74.48
19.52,19.52,63.91,83.84,74.15
24.08,24.08,78.02,82.88,77.89
31.36,31.36,76.08,82.02,78.44
38.59,38.59,70.13,82.42,75.50
44.49,44.49,66.13,83.11,72.81
48.67,48.67,64.29,83.99,71.87
50.07,50.07,62.26,83.23,71.34
48.63,48.63,59.85,82.06,72.13
46.80,46.80,57.33,82.05,71.71
46.75,46.75,55.29,83.06,74.24
47.19,47.19,54.43,82.87,75.86
47.19,47.19,56.47,83.25,76.32
45.66,45.66,61.08,81.45,74.13
37.84,37.84,68.41,82.17,74.04
26.54,26.54,76.68,82.41,73.69
21.43,21.43,87.45,80.67,70.67
21.63,21.63,89.86,70.61,71.89
26.69,26.69,84.62,60.40,74.01
30.04,30.04,86.48,59.96,72.06
30.01,30.01,85.90,63.73,72.02
28.91,28.91,88.13,73.99,70.17
24.42,24.42,91.54,80.28,72.60
27.17,27.17,88.31,82.34,71.48
31.00,31.00,87.93,82.71,70.40
32.59,32.59,90.02,81.97,71.14
32.61,32.61,89.57,81.95,71.43
32.62,32.62,89.18,83.55,69.07
33.81,33.81,83.69,84.35,72.54
27.11,27.11,80.68,81.47,74.50
28.48,28.48,76.30,82.08,77.07
38.79,38.79,74.25,81.41,79.70
36.70,36.70,71.58,82.99,77.69
31.42,31.42,67.88,82.12,75.67
31.68,31.68,66.80,81.53,77.78
36.16,36.16,64.97,82.76,76.88
41.35,41.35,63.37,83.10,78.26
42.80,42.80,61.52,82.15,78.53
42.67,42.67,60.39,82.73,78.42
41.87,41.87,60.29,83.19,78.42
39.90,39.90,61.74,83.26,76.46
31.36,31.36,66.78,82.60,75.78
21.55,21.55,70.96,81.34,74.56
14.98,14.98,75.73,81.32,74.46
16.27,16.27,86.39,81.72,73.21
24.41,24.41,87.46,82.01,75.11
31.75,31.75,88.95,77.54,74.53
37.90,37.90,82.58,76.29,74.73
43.13,43.13,79.62,74.81,75.69
45.02,45.02,85.30,80.07,74.29
43.94,43.94,84.09,82.34,76.09
42.87,42.87,80.16,84.38,76.91
39.29,39.29,73.05,83.80,76.69
35.53,35.53,67.47,84.41,74.75
34.77,34.77,62.98,83.59,75.15
31.66,31.66,65.95,82.54,74.63
27.71,27.71,67.70,82.90,71.48
30.45,30.45,80.73,82.68,71.93
39.92,39.92,88.56,81.42,69.48
47.10,47.10,87.43,79.79,70.50
47.66,47.66,91.94,69.97,71.04
49.28,49.28,81.59,60.52,72.21
47.96,47.96,85.05,60.12,72.92
48.41,48.41,83.35,65.82,71.00
45.24,45.24,86.99,66.60,74.27
45.29,45.29,92.66,74.86,69.55
44.61,44.61,91.90,75.28,72.76
46.48,46.48,87.38,72.55,72.27
49.59,49.59,87.02,72.59,72.76
46.89,46.89,83.04,71.21,74.94
47.06,47.06,78.22,69.57,71.75
47.94,47.94,76.12,71.51,73.06
48.68,48.68,70.41,77.39,73.07
53.87,53.87,60.74,78.31,68.41
56.27,56.27,52.25,79.67,72.57
57.36,57.36,53.33,78.80,70.66
58.46,58.46,45.40,78.84,69.44
56.69,56.69,38.71,79.57,71.40
57.22,57.22,36.37,75.81,69.92
61.03,61.03,30.20,78.98,70.78
59.99,59.99,29.91,79.30,72.03
55.15,55.15,30.66,75.51,70.23
60.44,60.44,40.78,80.51,72.64
62.06,62.06,51.75,77.77,70.41
60.39,60.39,60.27,78.30,70.99
55.93,55.93,75.16,78.84,79.51
47.96,47.96,74.53,75.64,76.70
41.12,41.12,70.39,78.63,75.07
43.42,43.42,68.31,77.85,74.03
39.32,39.32,64.47,79.19,72.66
45.93,45.93,59.15,79.73,73.17
51.42,51.42,54.45,78.60,71.44
52.91,52.91,50.20,79.78,71.17
54.83,54.83,45.38,78.97,69.68
57.55,57.55,42.60,77.28,70.85
53.09,53.09,42.84,80.29,69.54
45.40,45.40,56.47,78.36,71.08
35.48,35.48,66.86,77.52,70.00
24.76,24.76,73.37,80.90,70.33
24.00,24.00,86.79,75.75,69.97
25.67,25.67,85.26,72.73,66.85
29.28,29.28,93.22,72.60,67.03
29.95,29.95,88.30,67.24,70.08
32.95,32.95,78.16,62.34,69.49
31.89,31.89,81.74,64.27,69.76
31.94,31.94,86.33,66.58,70.50
33.44,33.44,91.90,71.81,69.27
36.92,36.92,89.82,73.91,68.54
42.60,42.60,91.30,73.03,69.49
47.12,47.12,89.88,76.67,69.44
47.03,47.03,85.46,68.51,70.18
50.52,50.52,79.81,71.42,68.66
54.88,54.88,76.12,70.64,72.85
77.78,77.78,76.78,73.31,74.92
71.03,71.03,74.73,77.06,75.43
56.20,56.20,66.37,79.79,73.41
53.37,53.37,57.67,78.43,73.74
53.67,53.67,49.00,80.13,74.12
55.46,55.46,44.80,77.42,73.74
48.95,48.95,38.68,77.64,72.77
40.84,40.84,40.66,79.98,71.67
41.03,41.03,42.31,77.75,74.08
40.11,40.11,41.00,81.22,72.37
40.87,40.87,42.50,79.48,71.43
38.66,38.66,47.41,76.68,71.96
44.04,44.04,52.78,81.92,72.05
49.32,49.32,63.04,78.59,69.97
55.35,55.35,65.66,78.16,73.10
62.47,62.47,57.94,79.92,72.78
64.24,64.24,50.69,78.23,72.50
68.45,68.45,45.34,80.33,71.33
66.06,66.06,41.97,79.41,72.72
67.67,67.67,39.43,80.52,73.52
64.95,64.95,37.97,81.08,73.48
57.25,57.25,36.87,78.74,73.46
50.13,50.13,34.25,80.57,73.67
46.62,46.62,35.03,80.31,74.52
46.31,46.31,39.32,77.39,74.01
45.75,45.75,47.93,81.24,75.89
46.97,46.97,53.23,79.93,73.44
58.15,58.15,68.48,76.69,75.01
64.25,64.25,73.21,81.32,76.29
71.97,71.97,69.16,78.89,76.30
72.68,72.68,67.21,79.37,76.89
70.13,70.13,64.36,79.21,75.45
70.12,70.12,60.39,79.89,75.94
69.76,69.76,58.46,79.79,75.67
73.03,73.03,54.53,78.38,76.19
70.99,70.99,51.09,80.97,76.31
68.98,68.98,48.17,81.12,75.21
61.42,61.42,47.48,78.90,75.28
67.56,67.56,50.12,80.49,73.93
74.42,74.42,55.85,81.13,73.85
72.16,72.16,60.49,76.89,73.63
70.35,70.35,70.79,80.17,73.98
67.16,67.16,68.05,78.78,74.53
69.56,69.56,65.19,75.21,76.40
66.08,66.08,60.12,80.33,72.95
59.29,59.29,57.00,79.41,74.27
60.87,60.87,54.68,76.54,72.86
55.65,55.65,53.34,79.09,74.44
56.77,56.77,53.94,77.87,75.49
60.53,60.53,55.03,78.59,75.00
65.06,65.06,54.31,79.26,73.99
54.44,54.44,55.17,78.34,73.31
50.61,50.61,58.55,80.06,73.79
57.11,57.11,60.72,76.75,72.34
48.30,48.30,63.62,78.98,73.39
54.51,54.51,70.30,79.57,73.28
49.31,49.31,66.56,79.55,74.66
52.61,52.61,63.26,68.66,74.90
57.30,57.30,59.14,54.57,74.74
53.18,53.18,56.79,47.72,72.59
52.04,52.04,58.90,42.95,73.54
52.91,52.91,61.74,44.35,73.60
52.95,52.95,68.99,32.76,76.47
52.11,52.11,62.75,34.22,75.74
59.69,59.69,57.78,27.60,73.92
67.69,67.69,53.05,34.51,75.46
59.15,59.15,58.43,46.46,75.94
56.47,56.47,65.24,49.89,73.28
52.88,52.88,71.58,49.45,73.01
53.44,53.44,87.09,66.42,71.88
43.55,43.55,87.95,66.70,70.14
37.84,37.84,91.21,67.51,68.88
39.58,39.58,91.88,75.33,70.60
37.82,37.82,91.51,78.99,70.00
38.52,38.52,88.01,80.11,70.19
36.71,36.71,90.73,82.44,69.53
39.22,39.22,88.55,82.77,72.31
37.80,37.80,79.29,82.01,73.38
45.07,45.07,63.18,81.39,72.57
52.04,52.04,69.26,84.17,72.99
62.56,62.56,69.43,83.11,72.56
66.97,66.97,67.64,83.69,72.22
63.95,63.95,72.51,83.24,72.11
59.02,59.02,87.79,80.03,73.01
59.56,59.56,88.84,66.14,71.27
62.73,62.73,90.90,68.25,74.25
63.48,63.48,89.95,71.78,75.00
63.09,63.09,91.70,75.64,73.84
63.02,63.02,89.43,78.16,75.45
63.40,63.40,90.50,81.06,75.46
64.62,64.62,88.83,81.98,75.55
64.32,64.32,87.33,82.99,74.37
62.31,62.31,89.17,82.40,75.03
59.28,59.28,89.73,83.08,73.51
53.06,53.06,88.97,83.62,73.37
50.57,50.57,83.35,82.44,73.34
51.27,51.27,82.55,82.98,72.88
49.43,49.43,74.06,83.66,73.16
44.84,44.84,63.96,83.07,72.30
47.54,47.54,63.04,83.25,73.98
47.81,47.81,61.23,83.53,76.80
45.71,45.71,58.63,83.78,75.86
45.30,45.30,58.55,84.94,74.15
49.24,49.24,57.75,84.52,75.93
51.10,51.10,56.24,83.95,74.91
53.38,53.38,56.49,85.38,75.64
55.08,55.08,55.32,85.21,76.72
54.81,54.81,60.15,84.45,77.25
51.83,51.83,63.77,85.27,76.68
53.62,53.62,64.02,85.14,75.98
58.48,58.48,72.69,85.05,73.46
67.53,67.53,80.12,85.85,73.90
62.47,62.47,74.62,85.19,75.28
58.64,58.64,68.38,84.30,72.33
57.60,57.60,64.34,83.32,72.74
60.63,60.63,62.07,81.96,72.80
59.81,59.81,59.81,80.28,69.72
64.78,64.78,57.76,80.71,71.75
68.34,68.34,54.08,80.91,68.33
73.06,73.06,51.42,81.48,70.15
65.15,65.15,49.93,82.33,68.67
67.08,67.08,55.66,82.34,70.57
62.77,62.77,60.31,82.93,71.52
61.26,61.26,61.21,82.37,71.65
59.90,59.90,67.77,82.55,71.20
58.42,58.42,65.22,83.01,74.99
57.65,57.65,57.71,83.05,75.10
60.73,60.73,54.88,82.60,73.62
57.36,57.36,51.61,83.25,74.87
61.16,61.16,49.44,82.85,73.57
58.06,58.06,44.57,83.47,73.49
61.00,61.00,40.45,84.03,72.04
59.65,59.65,35.39,83.73,69.74
59.83,59.83,33.07,83.37,70.80
57.73,57.73,34.01,83.25,71.01
59.38,59.38,43.23,83.14,72.25
55.62,55.62,55.02,83.90,71.14
53.81,53.81,61.79,83.83,71.01
52.62,52.62,79.39,85.33,76.98
51.98,51.98,82.52,84.71,80.53
52.47,52.47,75.86,85.06,80.37
52.19,52.19,72.35,84.15,78.65
54.33,54.33,70.99,84.89,79.07
54.02,54.02,68.45,84.63,79.29
50.27,50.27,67.20,84.29,79.26
49.66,49.66,66.76,85.66,79.16
49.36,49.36,63.66,85.77,78.38
51.88,51.88,62.19,85.29,76.57
51.89,51.89,61.47,85.52,75.99
53.79,53.79,62.06,85.96,76.03
57.59,57.59,64.82,85.40,77.60
55.12,55.12,66.28,84.96,76.94
54.25,54.25,75.93,85.22,79.09
56.01,56.01,74.71,84.80,79.92
54.27,54.27,67.30,85.25,78.84
54.00,54.00,62.33,85.44,77.89
55.53,55.53,62.04,85.31,78.30
54.09,54.09,61.12,85.12,77.85
52.71,52.71,61.23,85.04,78.22
52.01,52.01,60.20,85.54,80.41
52.28,52.28,60.26,85.59,78.01
56.29,56.29,60.46,86.16,80.49
57.41,57.41,59.43,85.75,78.94
55.79,55.79,65.23,84.70,79.31
53.99,53.99,70.58,84.33,79.03
49.70,49.70,75.66,83.81,76.14
50.55,50.55,86.54,81.49,72.95
46.22,46.22,89.73,80.64,71.03
46.84,46.84,85.89,78.15,72.11
45.46,45.46,88.87,79.62,73.02
49.10,49.10,89.93,80.59,72.53
50.78,50.78,85.19,79.12,72.52
45.03,45.03,90.99,81.29,71.56
44.05,44.05,90.65,83.03,68.94
40.35,40.35,86.30,83.25,68.96
37.98,37.98,89.76,83.52,70.05
37.39,37.39,90.88,85.82,68.59
36.24,36.24,87.98,83.02,69.50
41.45,41.45,84.31,81.18,72.17
42.72,42.72,80.67,84.19,71.57
40.36,40.36,74.86,85.30,73.05
44.48,44.48,63.04,86.37,72.93
44.40,44.40,60.15,83.60,72.07
45.79,45.79,52.71,84.32,72.15
44.24,44.24,50.39,83.97,71.72
43.45,43.45,48.02,85.55,71.81
45.52,45.52,40.43,83.65,72.61
45.23,45.23,44.10,84.24,72.32
45.35,45.35,32.91,85.51,73.11
47.10,47.10,36.03,85.80,73.06
47.87,47.87,36.06,84.22,72.53
49.03,49.03,45.12,84.23,72.40
51.85,51.85,50.77,85.32,71.11
50.89,50.89,64.60,84.99,71.89
46.19,46.19,74.95,83.58,75.08
48.38,48.38,73.91,83.36,75.43
44.51,44.51,69.54,86.64,75.38
42.15,42.15,67.43,84.33,73.69
39.63,39.63,63.16,84.32,72.73
38.45,38.45,57.48,84.28,71.23
34.21,34.21,52.73,85.86,72.57
36.99,36.99,49.12,84.00,71.21
36.47,36.47,44.38,83.61,72.84
34.96,34.96,41.51,85.65,71.32
37.99,37.99,47.21,84.88,72.85
35.87,35.87,60.21,84.30,73.61
28.64,28.64,68.71,84.43,74.86
31.05,31.05,79.83,83.43,77.05
31.95,31.95,88.34,74.87,72.86
34.85,34.85,86.35,68.79,73.46
35.91,35.91,89.83,63.99,76.01
36.58,36.58,91.61,67.25,74.99
33.66,33.66,90.74,65.73,76.92
33.38,33.38,84.68,71.89,75.02
32.41,32.41,89.88,78.25,73.59
31.56,31.56,89.53,80.45,73.67
30.54,30.54,89.07,81.63,75.65
30.25,30.25,90.56,84.57,75.37
28.55,28.55,86.77,82.79,74.96
24.91,24.91,86.04,79.90,74.71
25.76,25.76,85.17,82.01,74.71
30.16,30.16,81.17,83.99,75.22
28.88,28.88,78.85,86.63,77.34
28.60,28.60,73.19,84.01,75.15
28.88,28.88,64.92,83.73,75.48
27.48,27.48,58.95,84.46,73.70
26.57,26.57,49.69,85.91,74.06
28.73,28.73,48.00,84.37,75.34
31.14,31.14,42.60,84.15,73.57
32.23,32.23,42.02,84.52,74.03
33.53,33.53,42.53,85.95,74.08
34.18,34.18,42.57,82.87,71.86
32.39,32.39,47.07,83.68,74.72
27.02,27.02,53.34,84.41,72.70
29.65,29.65,58.59,85.12,71.05
34.01,34.01,69.55,84.73,74.21
32.86,32.86,64.55,84.69,74.22
38.21,38.21,59.46,85.37,74.91
39.98,39.98,53.10,85.30,74.73
41.35,41.35,49.02,83.66,73.92
45.45,45.45,45.66,85.34,73.28
45.53,45.53,41.32,86.38,75.45
45.08,45.08,37.58,84.75,73.22
46.48,46.48,34.56,84.92,71.00
46.37,46.37,33.27,85.56,72.52
47.82,47.82,35.72,86.10,73.81
49.82,49.82,43.08,84.91,72.32
47.15,47.15,53.28,85.07,73.45
51.15,51.15,61.79,86.07,73.91
48.66,48.66,75.52,84.58,73.14
50.69,50.69,71.39,83.40,73.64
43.29,43.29,69.43,83.28,73.45
40.54,40.54,66.08,85.92,73.61
39.09,39.09,63.54,84.09,73.26
48.60,48.60,58.71,82.56,73.71
46.71,46.71,55.95,83.60,73.72
44.97,44.97,53.29,82.33,73.24
44.28,44.28,49.70,82.72,73.58
46.31,46.31,48.55,83.30,72.65
51.74,51.74,48.01,84.76,73.61
52.00,52.00,52.27,85.38,74.26
42.31,42.31,56.70,82.92,73.69
35.92,35.92,65.07,83.20,73.07
39.46,39.46,70.11,84.74,75.62
36.92,36.92,64.87,82.49,73.95
43.47,43.47,59.82,82.43,73.78
47.77,47.77,58.41,81.92,74.16
44.42,44.42,57.40,84.35,74.90
31.61,31.61,55.86,83.24,73.08
36.17,36.17,57.14,82.72,73.49
43.04,43.04,56.07,85.06,74.59
45.10,45.10,54.91,85.88,73.62
49.30,49.30,56.87,83.65,73.25
53.86,53.86,58.32,84.00,75.51
50.78,50.78,58.63,85.16,74.70
39.25,39.25,61.31,85.24,75.09
38.57,38.57,66.29,84.57,74.92
46.97,46.97,68.66,81.42,75.56
47.02,47.02,65.27,68.35,73.50
53.32,53.32,61.46,52.64,74.10
53.32,53.32,56.64,47.41,73.34
46.96,46.96,55.72,40.95,73.92
39.38,39.38,61.86,36.79,74.82
34.91,34.91,67.76,41.61,73.97
37.22,37.22,66.89,44.39,75.40
35.23,35.23,61.00,47.14,74.90
35.15,35.15,58.66,44.89,73.96
33.76,33.76,56.27,44.46,74.15
28.78,28.78,61.01,49.93,74.92
24.11,24.11,65.34,50.29,72.75
19.87,19.87,77.66,55.44,75.55
17.43,17.43,86.64,72.11,73.11
19.55,19.55,88.46,67.90,72.16
25.50,25.50,81.53,66.60,72.94
28.47,28.47,82.35,65.44,73.86
31.77,31.77,80.23,65.40,73.35
30.08,30.08,89.56,79.75,72.73
28.18,28.18,83.79,82.06,72.08
26.74,26.74,81.83,80.84,71.10
27.92,27.92,73.76,82.35,72.56
27.99,27.99,64.99,83.93,73.47
27.93,27.93,63.68,84.17,71.55
26.40,26.40,65.42,83.58,71.95
22.34,22.34,67.56,83.54,70.86
22.10,22.10,80.38,80.48,75.75
21.45,21.45,89.08,74.13,73.56
22.05,22.05,87.94,66.37,73.39
27.05,27.05,82.97,65.92,75.10
25.42,25.42,85.34,67.79,74.66
22.65,22.65,82.61,71.33,75.48
23.62,23.62,88.95,78.65,75.34
25.37,25.37,88.13,81.34,74.00
30.43,30.43,90.02,82.98,75.49
30.86,30.86,90.45,83.46,73.48
30.48,30.48,87.97,83.20,74.42
29.17,29.17,86.69,83.42,74.35
25.34,25.34,88.07,85.80,73.90
21.29,21.29,83.02,82.77,74.77
16.42,16.42,76.83,82.52,74.28
16.71,16.71,68.64,83.87,73.83
17.98,17.98,61.54,83.04,76.38
25.10,25.10,61.79,82.14,76.51
29.95,29.95,61.41,83.81,75.76
31.13,31.13,58.44,85.12,75.08
38.08,38.08,60.15,84.35,75.74
40.65,40.65,59.35,84.29,76.74
42.32,42.32,59.96,84.13,76.44
46.56,46.56,59.99,84.68,76.07
41.49,41.49,61.89,84.64,77.07
37.22,37.22,62.02,84.86,77.33
34.96,34.96,64.29,84.60,76.01
28.82,28.82,63.93,83.67,72.23
32.02,32.02,78.83,83.54,75.79
35.51,35.51,78.56,83.72,76.10
39.07,39.07,72.43,83.90,74.21
44.78,44.78,68.22,84.76,73.38
47.50,47.50,64.88,83.64,72.41
48.15,48.15,63.02,83.97,74.40
46.83,46.83,60.79,83.95,73.06
45.13,45.13,58.99,84.26,73.11
42.88,42.88,57.67,84.47,72.92
40.98,40.98,57.66,83.88,75.91
40.62,40.62,57.36,83.76,73.07
39.16,39.16,61.28,82.88,73.47
33.98,33.98,67.43,83.06,71.43
22.72,22.72,75.59,82.91,72.38
13.67,13.67,87.57,80.49,71.49
16.96,16.96,90.03,71.31,69.80
22.41,22.41,85.51,60.48,73.89
26.34,26.34,84.33,67.87,71.46
26.38,26.38,86.02,67.67,71.75
27.31,27.31,86.08,76.02,70.01
26.13,26.13,91.87,80.99,70.86
27.54,27.54,88.13,81.61,70.38
31.07,31.07,87.76,82.41,68.83
29.71,29.71,89.25,82.31,71.02
25.80,25.80,89.69,82.21,72.80
21.82,21.82,89.50,85.18,70.01
15.53,15.53,83.82,82.86,73.62
16.51,16.51,80.93,81.25,74.51
16.87,16.87,75.95,83.65,76.88
18.83,18.83,74.14,84.02,79.73
21.33,21.33,71.64,84.22,78.91
24.25,24.25,69.00,84.35,77.48
27.03,27.03,67.42,85.07,79.11
30.81,30.81,65.43,84.49,77.96
37.03,37.03,64.80,84.15,77.64
41.41,41.41,63.81,83.09,77.86
43.28,43.28,62.28,83.73,75.56
44.41,44.41,60.49,83.27,77.20
42.84,42.84,58.98,85.26,76.88
36.35,36.35,60.89,84.91,77.19
25.57,25.57,64.09,84.20,74.45
25.52,25.52,69.44,84.49,77.03
19.70,19.70,69.53,84.45,75.59
23.11,23.11,65.39,84.76,76.70
28.33,28.33,61.99,86.40,77.13
27.87,27.87,60.96,85.63,76.42
28.29,28.29,61.92,85.63,77.15
28.37,28.37,61.91,84.80,77.60
27.38,27.38,61.27,84.38,77.67
28.47,28.47,60.96,84.28,76.72
30.60,30.60,62.76,85.64,77.49
31.47,31.47,60.49,84.24,76.65
33.71,33.71,62.01,83.31,77.62
24.96,24.96,63.81,83.90,75.68
15.35,15.35,68.58,84.13,73.19
12.96,12.96,79.25,83.66,74.17
13.65,13.65,87.87,80.34,71.58
20.74,20.74,87.47,79.36,73.05
28.86,28.86,92.76,67.59,74.84
30.71,30.71,83.07,62.53,73.79
24.62,24.62,85.02,65.37,75.37
20.12,20.12,84.25,67.60,72.97
18.66,18.66,85.94,67.10,73.43
15.27,15.27,92.37,69.65,72.55
21.28,21.28,92.97,70.97,72.85
26.76,26.76,89.65,66.45,73.86
27.76,27.76,86.29,68.78,72.09
22.54,22.54,84.45,66.73,73.37
15.51,15.51,78.71,65.72,73.17
11.42,11.42,75.94,69.58,72.39
10.62,10.62,71.23,77.46,74.01
15.85,15.85,64.08,76.61,70.78
23.86,23.86,56.83,76.47,73.23
26.58,26.58,55.11,78.01,73.26
29.00,29.00,55.80,78.93,72.59
29.06,29.06,55.72,77.82,73.57
31.47,31.47,56.44,76.78,74.77
27.39,27.39,56.05,79.65,74.06
29.45,29.45,56.26,78.33,75.30
31.29,31.29,57.07,75.44,74.74
30.68,30.68,57.31,79.51,74.02
22.27,22.27,59.59,76.90,73.77
11.92,11.92,63.63,74.30,72.93
12.11,12.11,74.17,80.61,75.13
13.03,13.03,74.15,76.15,75.34
14.14,14.14,70.18,76.48,75.07
11.65,11.65,67.54,77.72,71.95
9.96,9.96,66.09,75.57,72.64
13.30,13.30,60.70,77.08,72.24
20.56,20.56,55.74,76.11,72.20
22.73,22.73,52.01,77.49,72.42
24.99,24.99,48.79,78.16,71.63
27.60,27.60,46.91,76.17,72.65
28.07,28.07,47.60,77.40,74.02
28.24,28.24,56.12,77.85,73.46
21.77,21.77,65.11,74.67,71.10
10.40,10.40,71.00,78.88,69.40
7.97,7.97,86.51,75.98,70.60
7.75,7.75,84.60,73.27,67.88
14.48,14.48,91.92,72.74,67.95
19.05,19.05,89.80,66.08,70.69
22.87,22.87,80.64,63.64,71.30
25.86,25.86,81.06,62.84,71.36
26.34,26.34,86.03,64.11,70.80
25.50,25.50,91.74,67.31,69.56
27.63,27.63,91.01,70.93,72.21
28.18,28.18,90.44,68.15,70.64
30.01,30.01,90.48,73.29,72.05
27.33,27.33,86.70,70.38,71.54
24.24,24.24,80.95,66.02,68.94
32.97,32.97,75.52,68.23,72.22
41.12,41.12,81.10,72.97,75.91
32.30,32.30,76.97,72.91,76.37
26.31,26.31,68.62,80.24,75.31
31.53,31.53,60.08,76.68,73.92
38.40,38.40,54.12,78.69,75.92
47.78,47.78,51.76,78.11,76.14
56.11,56.11,49.65,78.00,77.55
58.88,58.88,50.00,78.55,75.29
58.58,58.58,50.65,79.35,74.42
55.97,55.97,50.59,80.38,74.68
47.73,47.73,50.46,78.27,75.90
45.04,45.04,52.08,77.77,73.55
40.61,40.61,57.48,80.61,74.74
36.26,36.26,64.51,79.37,73.65
34.13,34.13,68.11,75.95,75.79
30.16,30.16,63.18,79.13,73.93
26.76,26.76,58.17,75.41,75.67
28.53,28.53,54.85,75.16,74.00
32.18,32.18,54.84,75.61,73.90
33.38,33.38,53.08,74.97,75.05
33.53,33.53,52.57,77.25,72.70
32.99,32.99,51.89,75.45,72.34
31.76,31.76,50.74,77.13,73.07
34.41,34.41,51.49,78.01,74.48
35.73,35.73,51.16,75.41,73.60
34.58,34.58,56.35,77.38,74.15
32.84,32.84,62.46,78.37,72.47
30.00,30.00,70.63,75.54,72.36
28.68,28.68,73.89,80.58,71.81
21.00,21.00,71.12,75.83,73.40
28.22,28.22,68.67,73.63,72.28
27.46,27.46,66.32,79.73,73.21
29.22,29.22,63.77,76.74,73.09
28.57,28.57,62.37,74.48,74.40
30.23,30.23,60.82,76.72,73.37
35.69,35.69,60.08,79.31,75.24
39.45,39.45,58.22,76.97,74.03
46.27,46.27,58.59,77.42,74.06
52.60,52.60,59.36,79.78,76.52
54.24,54.24,61.29,78.94,75.18
50.81,50.81,65.53,75.77,72.85
58.33,58.33,72.44,79.51,75.12
58.11,58.11,71.34,79.13,74.64
53.30,53.30,71.36,76.63,72.13
57.58,57.58,68.80,79.33,73.13
55.35,55.35,66.95,78.27,72.84
48.83,48.83,66.08,76.65,72.83
44.30,44.30,64.89,80.61,71.60
38.58,38.58,66.38,78.64,73.20
36.05,36.05,64.64,76.47,72.52
35.44,35.44,65.24,80.16,73.97
35.41,35.41,65.49,78.62,74.05
34.26,34.26,65.57,78.35,74.49
33.94,33.94,66.02,78.77,74.46
34.39,34.39,67.70,78.94,74.46
30.41,30.41,72.44,77.98,73.73
31.36,31.36,69.72,77.89,75.58
31.38,31.38,67.66,70.22,72.73
22.21,22.21,65.39,54.04,73.61
22.31,22.31,64.65,48.82,74.73
24.72,24.72,65.08,40.05,71.42
16.63,16.63,66.76,38.50,72.64
18.50,18.50,70.46,22.30,72.53
13.55,13.55,67.42,31.36,71.63
13.76,13.76,66.71,23.82,71.93
13.44,13.44,66.16,28.70,70.55
11.93,11.93,65.20,30.32,73.00
12.11,12.11,67.55,36.45,72.40
7.59,7.59,69.29,48.70,70.70
7.43,7.43,82.13,64.23,73.23
8.40,8.40,87.00,72.23,69.63
11.88,11.88,77.18,69.20,70.58
16.72,16.72,87.65,67.62,71.30
11.75,11.75,87.15,73.55,72.99
10.63,10.63,76.26,64.70,73.28
9.02,9.02,78.45,75.52,73.28
8.48,8.48,85.03,81.78,72.31
9.50,9.50,69.75,82.55,73.04
12.21,12.21,72.41,82.27,72.41
14.31,14.31,67.80,82.02,73.98
12.36,12.36,68.20,82.22,73.00
7.40,7.40,69.87,82.57,70.58
10.37,10.37,73.20,81.52,70.89
14.42,14.42,86.49,74.83,72.38
13.45,13.45,88.86,65.33,70.25
23.40,23.40,83.75,61.07,72.86
29.59,29.59,83.03,68.14,75.20
28.66,28.66,82.68,68.01,75.66
20.28,20.28,83.78,76.80,75.25
14.54,14.54,90.04,80.52,73.95
16.62,16.62,86.32,80.73,72.68
15.26,15.26,86.23,83.06,70.24
15.36,15.36,87.63,81.92,71.65
14.64,14.64,87.75,81.63,73.50
18.50,18.50,87.79,84.19,70.94
19.43,19.43,81.94,82.12,72.44
14.55,14.55,78.55,80.43,72.01
11.93,11.93,74.77,82.67,73.18
11.09,11.09,71.72,82.23,73.70
13.29,13.29,69.30,82.81,73.41
20.68,20.68,70.81,82.32,76.15
20.96,20.96,71.48,83.02,77.22
22.80,22.80,70.16,82.38,75.96
24.03,24.03,70.98,81.10,77.25
26.22,26.22,72.14,82.25,75.85
31.62,31.62,71.10,81.76,77.67
34.76,34.76,70.82,83.14,77.56
38.76,38.76,71.53,85.03,77.99
46.50,46.50,70.90,83.90,76.68
58.63,58.63,69.97,82.78,74.71
67.01,67.01,73.19,82.86,73.30
78.84,78.84,76.50,83.34,71.01
70.85,70.85,75.18,82.97,71.04
67.81,67.81,73.06,84.09,70.16
64.73,64.73,71.51,84.45,69.73
67.50,67.50,70.93,83.47,69.41
65.15,65.15,69.97,82.89,71.48
67.09,67.09,71.85,83.53,70.78
62.78,62.78,70.95,84.50,73.23
65.57,65.57,70.84,84.21,72.86
59.00,59.00,70.56,84.14,74.52
56.18,56.18,69.53,83.32,74.52
57.95,57.95,72.25,83.59,74.50
58.56,58.56,73.43,83.66,71.56
62.38,62.38,82.29,82.27,71.92
58.63,58.63,88.34,76.40,68.05
59.12,59.12,87.36,66.76,68.60
61.16,61.16,83.75,63.00,71.65
56.93,56.93,83.41,65.89,72.14
59.39,59.39,83.16,67.16,70.77
54.54,54.54,88.95,76.06,70.98
47.66,47.66,86.43,78.31,69.17
51.86,51.86,87.91,79.66,68.52
51.90,51.90,89.73,82.67,68.70
50.52,50.52,87.28,81.35,69.69
54.76,54.76,85.11,82.47,69.43
58.06,58.06,86.75,83.97,67.53
63.30,63.30,82.07,80.55,68.35
74.41,74.41,78.29,81.70,72.59
80.79,80.79,78.42,82.61,75.97
68.73,68.73,75.75,83.23,74.11
69.38,69.38,73.28,83.30,73.69
71.62,71.62,72.64,84.40,72.41
65.37,65.37,72.00,83.38,72.37
65.44,65.44,72.01,82.47,71.42
66.52,66.52,70.22,83.10,70.06
63.68,63.68,70.73,82.60,69.85
61.97,61.97,70.82,83.32,71.13
60.50,60.50,71.24,83.56,73.40
60.75,60.75,70.18,83.77,72.05
65.08,65.08,70.44,83.10,73.34
60.08,60.08,71.73,83.09,73.07
73.43,73.43,76.44,83.26,75.50
77.05,77.05,78.06,83.27,76.52
65.62,65.62,74.19,84.71,74.14
58.18,58.18,71.78,83.91,70.09
60.35,60.35,71.31,82.49,72.79
61.34,61.34,69.34,81.98,73.40
63.15,63.15,70.16,82.72,73.93
63.10,63.10,69.34,82.76,73.67
63.35,63.35,69.67,83.93,73.52
64.78,64.78,68.96,83.88,76.50
65.93,65.93,68.44,82.89,77.26
64.96,64.96,69.28,82.65,76.05
63.58,63.58,69.37,82.86,74.62
58.82,58.82,69.36,83.44,71.05
51.32,51.32,72.09,87.09,76.09
44.74,44.74,73.56,81.62,76.80
42.13,42.13,75.53,83.59,76.89
39.99,39.99,75.56,84.88,74.83
41.75,41.75,75.68,85.24,75.06
40.91,40.91,76.48,85.93,74.50
40.44,40.44,77.03,85.27,75.08
41.09,41.09,76.55,86.96,75.46
42.13,42.13,74.68,85.35,75.43
42.96,42.96,75.13,83.63,76.26
36.44,36.44,74.51,86.36,73.28
34.45,34.45,74.46,85.74,73.91
36.07,36.07,73.39,86.91,74.93
37.18,37.18,74.54,85.97,73.87
40.75,40.75,74.82,85.99,73.56
37.24,37.24,73.19,84.06,75.04
33.10,33.10,71.50,84.35,76.54
38.09,38.09,70.07,87.22,77.11
36.21,36.21,70.42,85.46,76.11
38.70,38.70,69.83,87.21,76.45
33.51,33.51,69.46,85.59,77.21
34.07,34.07,69.31,86.15,77.90
37.38,37.38,68.76,83.40,76.59
37.21,37.21,68.24,85.21,78.48
37.11,37.11,68.12,86.03,78.53
37.94,37.94,66.91,85.32,78.20
36.14,36.14,68.40,85.20,77.03
32.80,32.80,72.07,85.52,74.14
32.67,32.67,74.31,82.61,73.97
31.78,31.78,73.37,83.42,75.08
28.95,28.95,70.87,86.72,74.06
26.04,26.04,69.33,85.36,75.84
27.97,27.97,67.68,85.86,77.17
25.27,25.27,66.01,87.08,76.08
28.80,28.80,64.85,84.95,75.68
30.41,30.41,63.12,84.56,74.60
29.33,29.33,63.09,84.70,74.24
26.25,26.25,63.94,86.40,73.64
25.78,25.78,63.78,85.22,75.61
23.72,23.72,63.06,85.72,73.90
20.54,20.54,64.87,85.30,76.95
21.41,21.41,68.43,83.45,74.22
19.68,19.68,67.50,84.95,75.68
22.27,22.27,64.67,84.94,76.79
25.22,25.22,62.29,85.97,75.56
30.32,30.32,61.05,86.16,75.32
30.95,30.95,60.58,86.02,75.43
28.67,28.67,61.20,85.29,76.85
28.05,28.05,60.60,85.07,76.14
27.81,27.81,59.45,86.01,77.71
29.04,29.04,60.65,86.77,77.77
24.87,24.87,60.93,86.66,79.77
22.19,22.19,60.99,86.33,78.03
27.93,27.93,61.50,85.77,78.89
39.41,39.41,62.45,83.99,79.30
54.40,54.40,72.10,84.32,80.30
59.28,59.28,75.18,85.91,79.59
49.57,49.57,70.16,85.66,78.54
34.73,34.73,63.74,86.31,76.66
32.87,32.87,60.43,85.82,76.41
29.36,29.36,59.34,84.04,77.15
30.73,30.73,59.34,84.06,75.10
30.19,30.19,56.59,86.10,74.57
29.71,29.71,55.55,85.03,75.20
28.81,28.81,56.01,86.61,74.07
27.79,27.79,55.49,85.53,76.84
30.29,30.29,55.72,86.25,73.72
25.84,25.84,58.45,83.61,75.44
16.49,16.49,59.17,85.66,73.14
16.35,16.35,67.39,86.36,76.66
16.93,16.93,63.83,86.47,76.70
17.47,17.47,59.32,86.59,75.28
21.31,21.31,58.17,85.51,74.99
24.82,24.82,55.83,84.52,74.97
25.68,25.68,54.75,85.55,75.95
25.13,25.13,54.66,85.98,76.01
26.93,26.93,53.79,85.39,76.19
31.05,31.05,53.99,86.09,77.50
32.79,32.79,54.52,86.16,78.35
33.49,33.49,55.46,83.92,80.27
29.47,29.47,54.98,83.05,79.58
25.82,25.82,58.36,84.77,81.43
12.13,12.13,61.97,86.62,79.09
7.81,7.81,72.28,86.34,77.55
8.99,8.99,69.61,85.57,78.38
6.28,6.28,67.85,85.90,78.68
5.57,5.57,66.46,83.62,76.26
10.11,10.11,63.59,84.78,77.61
16.44,16.44,62.55,86.81,77.77
21.29,21.29,57.16,85.84,78.36
23.97,23.97,54.28,86.52,76.48
26.06,26.06,53.51,85.10,76.29
30.32,30.32,52.30,85.32,76.20
29.59,29.59,52.54,84.21,76.33
25.12,25.12,53.39,84.99,78.37
17.86,17.86,57.77,85.57,77.24
5.89,5.89,62.23,86.13,76.42
1.08,1.08,68.70,86.02,75.35
8.24,8.24,60.99,83.91,75.74
20.26,20.26,56.87,84.40,79.01
25.63,25.63,53.73,85.38,78.29
27.71,27.71,51.90,85.31,76.87
27.64,27.64,49.98,86.56,78.35
32.03,32.03,51.85,84.15,77.17
31.26,31.26,51.54,86.80,75.77
29.49,29.49,50.71,83.85,77.71
30.36,30.36,50.72,81.63,78.93
29.92,29.92,49.76,86.89,77.91
28.51,28.51,53.02,83.76,77.98
21.13,21.13,56.65,86.90,76.35
7.88,7.88,61.67,83.84,75.06
5.33,5.33,65.82,87.35,76.24
11.98,11.98,59.89,85.78,76.68
22.08,22.08,54.81,87.05,75.96
26.30,26.30,52.40,78.95,75.82
28.28,28.28,52.05,79.90,76.64
22.05,22.05,55.72,80.69,76.59
15.79,15.79,62.29,79.49,75.05
13.30,13.30,65.24,80.55,75.67
13.29,13.29,58.09,80.19,76.67
20.81,20.81,52.31,82.52,75.38
23.71,23.71,49.77,80.49,73.33
23.71,23.71,51.78,80.22,77.41
15.92,15.92,55.74,83.20,75.94
4.36,4.36,63.09,81.13,76.96
1.92,1.92,66.93,79.92,76.93
9.54,9.54,59.76,83.09,76.94
20.80,20.80,55.55,81.57,80.67
25.75,25.75,51.81,80.40,78.22
26.76,26.76,50.24,80.68,78.09
28.21,28.21,47.96,81.86,78.41
29.70,29.70,47.87,79.65,80.54
31.92,31.92,47.28,81.92,78.81
30.48,30.48,46.58,80.88,78.22
31.13,31.13,45.22,75.68,78.95
28.78,28.78,44.54,79.03,78.42
24.02,24.02,46.59,79.87,78.22
13.93,13.93,51.97,74.87,76.72
7.09,7.09,63.82,79.08,76.25
6.68,6.68,70.32,80.18,75.65
6.51,6.51,66.89,77.11,77.79
8.65,8.65,63.84,81.60,76.20
11.59,11.59,60.88,78.82,77.94
14.47,14.47,56.62,79.28,75.53
17.63,17.63,54.94,81.58,75.40
22.32,22.32,51.22,79.29,76.46
28.45,28.45,49.93,81.26,75.02
31.65,31.65,48.05,82.08,74.16
33.07,33.07,48.47,80.38,72.72
31.61,31.61,50.16,81.06,75.60
27.49,27.49,51.98,80.62,74.95
17.45,17.45,57.56,80.83,75.67
4.94,4.94,65.93,81.41,77.63
7.32,7.32,62.52,80.35,77.46
19.09,19.09,56.40,81.71,77.40
28.65,28.65,53.24,78.85,76.73
32.79,32.79,50.53,79.17,78.03
32.51,32.51,48.08,81.57,78.02
35.94,35.94,46.63,77.23,80.71
38.70,38.70,46.91,76.29,79.67
38.15,38.15,44.93,81.23,79.96
40.74,40.74,43.27,76.90,79.05
38.68,38.68,43.45,75.62,79.59
35.72,35.72,46.61,80.54,76.96
28.63,28.63,52.25,73.47,75.75
19.20,19.20,58.09,78.05,74.78
14.81,14.81,68.51,81.41,83.16
20.66,20.66,70.82,80.57,82.77
27.01,27.01,63.26,79.95,77.38
32.99,32.99,55.98,85.63,77.69
34.43,34.43,52.43,78.86,76.20
34.60,34.60,51.93,79.32,75.99
34.66,34.66,49.81,83.22,74.49
36.95,36.95,48.14,78.08,74.30
34.33,34.33,48.56,80.33,73.97
34.14,34.14,49.06,83.77,75.81
32.79,32.79,48.25,79.30,75.55
31.88,31.88,49.65,77.91,74.56
25.94,25.94,52.96,80.68,74.95
17.09,17.09,58.06,82.30,75.37
14.82,14.82,66.06,79.80,76.37
20.30,20.30,59.54,79.39,78.35
28.27,28.27,56.53,83.54,77.40
32.70,32.70,52.66,80.14,76.84
34.08,34.08,49.08,78.68,78.14
34.44,34.44,47.39,84.35,74.76
32.79,32.79,47.31,78.44,76.01
33.04,33.04,46.84,77.93,75.94
34.56,34.56,45.93,83.30,77.84
37.24,37.24,46.69,70.30,79.42
38.62,38.62,49.00,80.40,80.93
33.99,33.99,53.28,82.19,82.72
27.81,27.81,58.59,78.51,81.40
19.22,19.22,63.26,82.86,81.75
13.77,13.77,71.57,81.69,79.36
14.00,14.00,66.98,82.68,79.80
15.87,15.87,63.35,83.71,78.35
18.00,18.00,61.69,82.00,78.04
23.93,23.93,59.68,82.46,78.45
27.55,27.55,58.20,82.99,78.25
33.00,33.00,55.05,80.87,78.08
33.21,33.21,52.46,82.88,77.89
36.22,36.22,52.51,81.57,73.74
35.50,35.50,50.36,80.50,76.76
35.64,35.64,49.71,83.86,76.45
32.43,32.43,50.84,79.68,78.32
26.89,26.89,53.50,83.68,78.02
23.20,23.20,60.25,84.04,78.03
24.22,24.22,60.99,79.94,81.06
31.65,31.65,55.43,82.75,79.72
36.81,36.81,50.47,82.48,77.93
36.58,36.58,48.17,81.53,76.46
36.85,36.85,47.52,83.65,76.39
36.52,36.52,47.69,80.96,77.19
35.31,35.31,49.04,82.23,76.87
36.84,36.84,48.67,81.97,79.13
34.73,34.73,47.96,82.40,79.65
36.59,36.59,47.34,83.63,80.86
36.15,36.15,46.83,82.46,77.34
35.38,35.38,50.03,79.78,74.76
32.48,32.48,55.38,85.86,74.56
25.36,25.36,60.54,79.77,74.14
26.73,26.73,58.78,85.50,75.92
30.68,30.68,52.25,78.93,77.78
32.95,32.95,47.88,80.20,78.15
35.14,35.14,45.31,80.60,75.84
34.72,34.72,47.18,81.91,76.46
33.18,33.18,52.30,79.76,75.42
27.45,27.45,58.20,80.42,77.38
27.03,27.03,57.44,80.65,77.35
31.22,31.22,52.36,78.60,75.41
34.08,34.08,48.86,78.58,77.05
34.95,34.95,47.38,78.58,77.07
36.13,36.13,48.89,79.98,77.98
30.57,30.57,49.60,80.43,76.76
29.21,29.21,54.64,77.53,77.77
31.68,31.68,51.92,77.82,76.63
34.33,34.33,48.70,77.05,77.33
37.98,37.98,47.18,79.73,78.46
37.59,37.59,46.71,80.85,80.38
39.31,39.31,48.37,80.74,78.84
38.48,38.48,46.63,77.87,79.58
36.01,36.01,45.49,78.99,78.76
39.51,39.51,45.57,78.67,80.59
37.35,37.35,43.83,79.46,80.48
38.42,38.42,43.60,81.15,81.79
38.50,38.50,42.70,80.43,78.37
41.61,41.61,45.58,80.64,78.14
37.93,37.93,43.63,80.79,76.08
35.49,35.49,44.41,80.94,75.65
35.26,35.26,46.92,81.19,77.51
38.18,38.18,44.79,82.03,77.00
38.30,38.30,44.27,81.72,78.25
36.55,36.55,45.07,82.25,76.21
35.51,35.51,45.47,81.36,76.92
36.85,36.85,45.59,79.57,76.84
34.76,34.76,44.25,79.21,76.11
35.66,35.66,44.39,80.47,75.81
35.81,35.81,44.54,78.71,77.58
36.87,36.87,43.63,77.83,77.84
38.60,38.60,42.42,78.16,78.67
37.95,37.95,43.24,79.16,78.32
37.83,37.83,42.44,79.93,76.39
38.19,38.19,45.11,81.52,77.60
38.42,38.42,44.31,81.55,77.18
38.12,38.12,45.13,81.07,78.49
38.45,38.45,46.46,80.32,76.38
37.95,37.95,46.82,79.80,79.68
38.73,38.73,44.60,80.09,78.07
40.38,40.38,46.05,81.08,81.47
39.02,39.02,47.40,81.49,81.31
35.01,35.01,44.59,81.33,81.38
37.96,37.96,46.56,81.16,83.05
37.73,37.73,44.15,80.95,81.07
39.90,39.90,43.73,82.00,75.89
42.46,42.46,41.63,81.34,76.17
43.28,43.28,39.35,81.19,74.59
45.12,45.12,38.48,79.86,83.67
43.48,43.48,36.73,81.08,83.09
43.33,43.33,37.97,82.02,79.18
43.73,43.73,40.37,81.50,77.82
41.55,41.55,40.89,81.66,78.06
42.90,42.90,41.16,82.05,77.17
40.40,40.40,42.65,80.21,77.92
40.41,40.41,43.83,80.03,76.77
40.32,40.32,44.01,79.87,77.77
39.67,39.67,43.08,79.63,77.37
39.22,39.22,41.97,81.66,76.98
39.63,39.63,41.88,80.59,77.10
36.35,36.35,42.94,79.28,76.11
35.68,35.68,43.77,80.02,76.98
37.19,37.19,43.50,80.43,77.17
40.58,40.58,43.11,80.57,78.00
38.87,38.87,42.88,82.41,76.65
41.64,41.64,41.89,81.94,79.10
42.47,42.47,42.12,81.20,78.21
41.34,41.34,39.71,80.93,77.93
39.48,39.48,39.25,80.92,76.33
36.75,36.75,39.56,81.59,77.49
38.02,38.02,41.15,82.70,79.71
38.14,38.14,40.32,81.56,82.79
41.17,41.17,40.59,80.16,79.42
42.42,42.42,40.60,80.55,82.07
42.36,42.36,38.89,80.58,81.66
43.14,43.14,38.98,80.77,80.39
41.28,41.28,39.59,81.97,79.64
39.48,39.48,38.78,82.05,80.04
37.86,37.86,40.64,81.58,79.32
38.84,38.84,41.60,81.23,79.46
39.24,39.24,42.46,81.51,77.26
38.91,38.91,42.72,82.02,76.63
39.55,39.55,43.20,82.54,75.97
38.73,38.73,43.54,81.49,76.72
37.76,37.76,42.96,81.19,75.71
37.90,37.90,43.86,80.97,77.21
39.13,39.13,42.60,80.88,77.19
39.58,39.58,41.13,80.34,77.27
40.69,40.69,39.19,80.36,78.76
40.76,40.76,39.47,78.42,75.06
41.66,41.66,39.41,77.49,76.22
41.23,41.23,40.95,77.93,80.49
39.36,39.36,41.53,77.71,80.04
38.21,38.21,41.79,79.16,79.74
34.55,34.55,41.19,80.21,79.57
35.42,35.42,43.17,80.11,79.71
34.77,34.77,43.61,80.26,77.66
32.69,32.69,43.52,75.60,78.94
33.30,33.30,43.30,75.39,78.50
31.56,31.56,43.26,76.35,77.80
30.93,30.93,43.45,77.42,77.32
31.39,31.39,42.05,78.52,76.64
33.91,33.91,40.95,78.20,76.58
37.44,37.44,35.65,78.77,77.09
40.39,40.39,33.67,79.59,78.66
38.56,38.56,36.14,77.63,78.24
39.91,39.91,38.71,78.32,79.07
37.26,37.26,38.41,75.74,77.94
38.08,38.08,38.29,75.40,76.87
39.13,39.13,38.42,72.19,78.41
38.62,38.62,39.02,76.31,79.00
37.69,37.69,40.74,72.79,79.09
36.75,36.75,41.27,74.68,77.12
38.21,38.21,42.96,75.34,80.02
37.05,37.05,42.92,78.16,79.50
36.74,36.74,42.06,76.92,78.13
34.68,34.68,42.11,74.98,77.65
37.79,37.79,45.06,76.34,76.88
37.33,37.33,44.53,76.71,77.27
39.89,39.89,43.91,76.71,77.82
40.01,40.01,44.87,74.91,79.28
37.78,37.78,43.80,75.79,80.33
37.31,37.31,44.29,74.11,79.40
35.12,35.12,43.87,77.21,80.15
39.00,39.00,45.34,74.16,80.53
38.17,38.17,45.72,71.84,79.38
37.17,37.17,46.76,72.39,80.42
33.75,33.75,45.15,72.33,79.54
33.45,33.45,45.74,71.26,76.98
31.76,31.76,45.79,73.72,79.08
32.44,32.44,44.73,75.37,79.76
34.94,34.94,43.90,73.01,79.70
36.26,36.26,43.77,73.55,76.99
37.12,37.12,44.00,73.95,76.08
37.04,37.04,43.84,76.41,80.19
36.80,36.80,44.71,73.12,78.52
34.48,34.48,44.38,70.84,77.68
37.07,37.07,44.57,72.88,79.74
34.99,34.99,44.35,75.40,78.50
37.33,37.33,45.06,77.03,79.02
37.93,37.93,45.98,73.73,79.13
36.72,36.72,44.57,74.30,79.66
36.37,36.37,44.26,73.72,80.07
39.39,39.39,44.74,74.83,79.13
38.86,38.86,43.52,74.05,78.91
39.10,39.10,42.26,75.79,78.24
41.54,41.54,42.50,74.80,79.45
40.62,40.62,41.58,75.41,80.51
41.16,41.16,42.17,73.25,80.19
41.62,41.62,42.50,70.83,80.67
40.93,40.93,41.50,69.53,80.52
40.99,40.99,41.27,74.64,81.63
40.58,40.58,41.47,70.39,81.16
39.36,39.36,41.47,71.31,82.20
38.52,38.52,41.15,72.94,83.40
38.12,38.12,40.80,69.22,80.67
36.50,36.50,40.78,71.66,79.92
37.47,37.47,38.27,71.81,79.02
41.81,41.81,37.95,75.12,79.54
42.86,42.86,36.68,73.50,86.20
43.92,43.92,39.94,71.98,81.97
43.09,43.09,39.85,72.95,80.69
39.69,39.69,39.66,70.97,79.04
40.14,40.14,41.55,70.81,81.46
36.96,36.96,41.59,74.48,79.46
35.91,35.91,41.50,73.93,79.55
35.04,35.04,42.82,67.81,78.02
33.69,33.69,42.67,69.83,78.88
32.58,32.58,43.57,71.60,77.54
31.18,31.18,44.61,75.23,78.25
32.13,32.13,43.53,72.84,77.45
33.81,33.81,44.52,71.83,76.61
36.57,36.57,44.38,71.08,79.22
38.92,38.92,44.01,75.75,79.06
39.08,39.08,43.73,70.18,80.24
37.37,37.37,44.52,68.61,78.50
34.86,34.86,43.55,70.52,78.33
34.47,34.47,43.19,70.72,77.48
33.82,33.82,42.70,70.17,77.08
35.39,35.39,43.13,70.99,76.78
37.91,37.91,43.91,71.98,77.98
37.46,37.46,44.36,72.14,77.94
37.72,37.72,44.18,74.41,81.65
37.81,37.81,46.33,73.15,81.07
38.17,38.17,46.52,72.84,81.54
38.44,38.44,44.39,69.37,81.06
39.79,39.79,43.47,73.26,82.96
37.30,37.30,41.70,74.51,83.71
36.52,36.52,40.83,70.28,75.86
36.23,36.23,43.39,71.69,77.46
36.49,36.49,42.21,73.63,77.72
35.63,35.63,43.30,74.98,78.98
35.38,35.38,42.77,76.77,77.25
36.90,36.90,43.45,74.67,76.16
38.19,38.19,43.82,72.64,77.01
37.73,37.73,43.29,72.71,76.84
37.98,37.98,43.65,72.52,77.73
35.50,35.50,43.39,72.54,78.83
37.07,37.07,44.94,70.43,76.53
37.09,37.09,44.18,66.95,78.17
38.79,38.79,43.53,74.46,80.74
39.19,39.19,42.39,69.46,82.19
39.16,39.16,42.92,73.36,78.85
35.98,35.98,43.75,74.54,78.60
34.71,34.71,44.27,77.46,78.52
32.83,32.83,45.67,74.30,79.80
31.42,31.42,44.56,73.31,79.15
31.38,31.38,44.52,73.71,81.21
32.60,32.60,46.04,75.79,80.49
32.44,32.44,46.89,78.49,81.86
30.62,30.62,46.99,73.99,79.65
29.60,29.60,48.58,76.54,77.74
27.33,27.33,46.44,76.83,76.25
27.60,27.60,43.94,78.19,74.32
30.21,30.21,43.10,77.35,75.74
29.40,29.40,41.38,78.32,77.67
30.59,30.59,41.61,85.77,77.44
31.86,31.86,42.73,86.53,79.04
30.53,30.53,43.80,85.94,78.28
30.70,30.70,44.74,86.45,75.26
33.04,33.04,45.64,86.55,76.17
29.98,29.98,46.67,85.61,76.86
31.50,31.50,47.73,86.32,74.77
30.60,30.60,47.88,83.36,74.90
29.01,29.01,45.66,82.95,77.01
27.45,27.45,45.85,87.39,77.02
29.44,29.44,44.18,83.15,78.04
27.34,27.34,44.32,87.82,77.60
30.56,30.56,44.05,83.54,77.02
31.33,31.33,44.54,84.60,78.10
32.60,32.60,45.69,83.31,78.66
35.91,35.91,46.00,84.64,79.23
35.84,35.84,44.54,86.99,78.22
37.45,37.45,44.96,85.75,80.07
35.30,35.30,44.41,87.07,80.44
35.26,35.26,45.08,85.66,81.79
34.83,34.83,44.45,84.54,81.21
35.88,35.88,44.77,84.79,81.36
36.14,36.14,45.35,86.58,78.73
34.78,34.78,45.34,86.23,78.38
34.62,34.62,46.64,87.06,78.22
32.68,32.68,44.35,84.74,76.94
31.99,31.99,45.81,84.66,75.89
31.50,31.50,45.91,83.62,75.80
31.41,31.41,44.67,84.29,77.66
31.64,31.64,45.82,87.02,76.13
29.85,29.85,44.94,83.69,76.15
28.57,28.57,43.57,87.59,76.07
29.15,29.15,41.72,83.78,78.12
32.01,32.01,44.00,83.86,76.78
30.68,30.68,43.53,85.40,78.79
29.80,29.80,43.11,80.73,78.01
32.73,32.73,45.56,87.93,76.28
33.77,33.77,45.32,82.95,78.12
32.71,32.71,46.49,86.07,77.15
30.36,30.36,45.64,82.98,76.80
33.45,33.45,46.63,81.99,76.00
31.96,31.96,45.10,85.73,78.42
31.79,31.79,45.08,83.74,75.91
31.31,31.31,44.36,87.51,76.30
30.72,30.72,43.72,84.62,77.38
31.61,31.61,43.59,84.98,78.77
32.01,32.01,44.78,85.01,77.04
31.47,31.47,44.78,84.40,80.27
34.25,34.25,45.87,87.80,80.48
32.12,32.12,44.25,85.84,81.11
30.37,30.37,44.05,87.66,76.24
27.13,27.13,42.93,85.71,76.55
26.86,26.86,45.79,84.99,77.24
26.25,26.25,45.00,83.78,75.37
29.05,29.05,46.19,83.25,77.23
30.00,30.00,44.96,87.45,73.55
31.24,31.24,46.24,82.36,75.03
27.77,27.77,45.13,86.30,73.63
28.50,28.50,45.58,83.46,75.73
29.69,29.69,46.80,82.84,74.36
29.37,29.37,45.49,82.76,75.30
29.68,29.68,44.89,82.29,74.38
28.26,28.26,44.97,85.76,74.98
28.82,28.82,45.80,82.56,75.75
28.94,28.94,44.78,85.30,75.44
30.38,30.38,45.36,81.89,74.46
26.17,26.17,44.91,84.25,75.63
28.59,28.59,46.07,86.26,75.73
27.31,27.31,46.31,85.56,75.14
25.78,25.78,45.79,85.59,78.23
25.43,25.43,45.12,85.72,78.44
25.66,25.66,44.63,83.70,79.50
26.29,26.29,45.68,83.20,78.36
28.09,28.09,44.98,84.61,78.98
27.71,27.71,43.97,83.00,78.84
28.54,28.54,44.21,85.16,79.80
32.87,32.87,44.46,85.71,79.74
35.65,35.65,43.04,82.61,82.71
36.56,36.56,43.89,81.21,82.92
35.39,35.39,43.58,83.82,82.45
31.81,31.81,44.36,82.08,81.27
29.81,29.81,43.38,86.50,81.69
29.78,29.78,43.17,81.93,79.66
30.42,30.42,43.79,85.59,78.86
32.00,32.00,43.25,82.20,77.98
30.31,30.31,44.14,82.09,77.97
31.49,31.49,44.79,85.40,76.47
32.43,32.43,42.64,81.03,77.81
33.79,33.79,42.90,87.85,76.68
32.68,32.68,42.52,80.85,77.54
31.72,31.72,42.18,84.96,77.09
28.73,28.73,42.36,80.16,77.59
27.86,27.86,41.87,81.20,77.18
27.86,27.86,43.70,85.91,77.24
26.43,26.43,43.29,82.93,77.61
28.24,28.24,44.01,87.11,75.12
28.14,28.14,42.94,82.81,75.92
29.55,29.55,44.97,84.34,75.71
28.02,28.02,45.11,83.72,76.98
27.10,27.10,45.50,84.36,77.00
28.00,28.00,45.15,87.93,76.94
28.71,28.71,45.44,84.77,77.10
28.65,28.65,45.45,86.88,76.16
30.09,30.09,45.02,85.74,78.20
31.62,31.62,43.71,84.39,79.59
31.44,31.44,42.79,84.71,77.26
31.82,31.82,41.67,85.09,77.41
33.26,33.26,40.62,87.08,78.01
34.24,34.24,41.50,86.22,77.08
31.90,31.90,41.34,86.95,78.35
31.18,31.18,42.08,86.60,75.86
28.34,28.34,43.15,88.06,74.91
26.07,26.07,42.43,86.57,78.25
26.23,26.23,42.11,82.31,78.17
26.79,26.79,44.34,84.38,75.43
26.60,26.60,44.02,85.59,76.24
26.69,26.69,44.73,83.41,78.07
27.89,27.89,43.40,84.13,78.67
26.75,26.75,42.33,86.87,75.26
27.68,27.68,41.88,86.50,77.78
29.99,29.99,38.75,85.60,76.61
32.03,32.03,38.08,86.05,78.88
30.12,30.12,38.40,87.21,79.43
29.27,29.27,37.48,85.03,78.10
27.75,27.75,39.36,85.64,76.09
27.42,27.42,40.31,86.06,79.28
27.04,27.04,41.84,85.16,76.97
29.35,29.35,43.37,85.12,78.33
29.38,29.38,40.93,85.51,76.86
32.29,32.29,41.81,87.21,77.35
31.33,31.33,41.88,82.23,77.64
33.58,33.58,42.58,83.50,80.16
30.97,30.97,41.18,87.51,79.39
29.28,29.28,40.40,83.26,77.84
24.80,24.80,40.57,83.96,76.05
24.90,24.90,40.78,86.81,76.64
23.38,23.38,41.15,85.10,76.10
25.71,25.71,39.11,82.75,74.45
26.52,26.52,38.36,85.51,77.41
26.71,26.71,39.53,86.16,77.09
27.48,27.48,39.94,83.05,75.50
30.82,30.82,40.41,85.85,76.84
30.13,30.13,39.60,87.24,75.32
30.56,30.56,40.18,83.94,75.44
30.37,30.37,39.04,83.99,75.77
31.70,31.70,38.38,86.18,74.23
31.47,31.47,36.78,85.94,76.68
29.96,29.96,35.11,84.48,76.34
30.51,30.51,36.28,85.56,74.75
28.83,28.83,37.47,87.73,75.95
28.31,28.31,36.82,84.34,76.35
27.20,27.20,39.31,85.09,75.05
26.65,26.65,39.85,87.35,75.04
26.27,26.27,39.50,84.22,77.43
27.81,27.81,39.45,83.01,76.76
28.65,28.65,38.68,87.94,76.54
29.39,29.39,39.30,84.69,78.52
29.84,29.84,40.15,82.20,77.89
30.78,30.78,39.62,87.73,78.59
31.03,31.03,37.48,84.15,81.04
30.25,30.25,36.11,83.81,80.53
27.81,27.81,33.62,85.78,76.76
29.88,29.88,33.64,85.53,75.98
31.52,31.52,33.85,86.11,74.45
30.21,30.21,32.80,85.47,74.96
29.60,29.60,31.28,87.07,75.29
30.00,30.00,30.18,86.83,73.62
28.55,28.55,31.39,85.16,74.11
25.94,25.94,32.18,80.28,74.02
29.91,29.91,33.37,81.13,75.71
30.99,30.99,34.44,85.98,75.24
31.58,31.58,35.92,79.63,77.23
31.33,31.33,36.73,82.02,76.10
34.24,34.24,37.84,84.99,76.02
32.59,32.59,37.68,81.54,76.95
30.96,30.96,37.53,83.79,75.61
28.96,28.96,35.99,84.80,76.85
29.16,29.16,35.59,81.74,75.49
30.32,30.32,35.71,86.09,77.22
30.12,30.12,35.15,83.24,78.71
29.72,29.72,36.21,81.92,78.16
31.13,31.13,36.04,85.57,76.11
34.05,34.05,37.71,81.68,76.25
32.41,32.41,37.86,83.13,73.67
34.85,34.85,38.03,85.29,75.31
34.44,34.44,37.91,82.04,76.63
37.15,37.15,39.58,83.78,78.97
37.79,37.79,42.06,84.94,82.42
36.03,36.03,43.60,84.68,82.55
34.58,34.58,44.78,85.29,82.86
33.94,33.94,45.37,83.08,83.06
34.11,34.11,43.84,85.62,83.82
35.33,35.33,43.29,85.16,83.50
33.92,33.92,40.94,82.07,82.12
36.64,36.64,39.38,84.62,80.88
35.46,35.46,39.04,83.03,81.07
34.46,34.46,38.17,83.56,81.55
34.75,34.75,38.19,83.91,79.02
36.21,36.21,37.98,82.59,80.97
35.61,35.61,38.05,83.99,79.15
35.70,35.70,39.97,84.42,79.29
34.13,34.13,41.99,82.95,79.88
33.54,33.54,41.74,84.83,80.52
35.28,35.28,41.10,84.55,78.04
34.15,34.15,40.33,83.20,79.12
35.18,35.18,39.17,86.51,79.02
34.32,34.32,38.16,81.44,77.13
35.36,35.36,39.57,80.14,80.14
33.08,33.08,40.87,85.71,80.38
31.99,31.99,40.62,81.15,81.16
34.91,34.91,40.24,82.60,83.86
34.62,34.62,41.42,84.39,81.57
33.99,33.99,42.35,82.01,82.32
33.95,33.95,43.68,79.78,80.99
32.50,32.50,44.06,82.22,81.43
32.99,32.99,44.29,83.79,81.59
32.28,32.28,42.56,81.34,78.39
32.15,32.15,40.18,81.36,75.00
27.02,27.02,39.00,85.59,74.36
28.36,28.36,37.34,81.23,72.78
31.32,31.32,36.05,84.16,74.70
31.99,31.99,36.41,86.34,75.20
28.43,28.43,37.10,78.81,74.77
28.66,28.66,35.72,81.57,75.45
29.70,29.70,34.64,83.66,75.16
30.65,30.65,35.20,81.88,75.63
30.87,30.87,36.44,80.10,74.47
29.90,29.90,35.86,78.48,77.14
31.20,31.20,38.41,78.68,76.48
32.06,32.06,38.44,79.83,77.76
32.72,32.72,39.03,79.65,75.22
33.45,33.45,37.87,79.33,77.52
30.99,30.99,34.55,79.13,78.05
31.82,31.82,35.63,79.55,78.52
34.00,34.00,37.51,81.01,77.42
33.49,33.49,38.19,81.21,79.86
32.86,32.86,41.21,80.63,79.18
30.01,30.01,41.63,81.97,79.79
29.53,29.53,41.27,81.87,79.08
29.10,29.10,42.07,80.77,79.82
30.14,30.14,39.97,81.01,80.31
33.50,33.50,39.15,81.49,80.37
35.46,35.46,38.85,83.09,82.19
38.33,38.33,39.06,81.62,81.08
38.03,38.03,39.39,81.87,80.51
37.86,37.86,40.61,81.39,76.20
35.01,35.01,38.62,82.04,77.06
36.55,36.55,38.92,83.14,78.33
35.30,35.30,38.00,83.51,78.19
34.51,34.51,36.72,82.00,77.00
35.15,35.15,37.72,81.39,79.63
33.00,33.00,39.42,81.91,78.25
31.16,31.16,38.15,82.42,77.76
32.17,32.17,36.27,83.67,77.65
35.67,35.67,34.67,83.82,78.14
35.16,35.16,35.99,82.72,78.58
37.11,37.11,36.88,81.61,77.22
38.67,38.67,39.76,80.57,77.59
38.21,38.21,39.72,81.80,76.29
38.39,38.39,37.71,83.30,78.75
35.12,35.12,35.68,83.32,77.33
34.81,34.81,37.80,81.34,76.53
32.39,32.39,38.15,80.49,75.47
29.43,29.43,38.61,80.31,76.62
26.00,26.00,40.41,80.46,75.85
25.78,25.78,44.19,82.40,76.64
29.31,29.31,44.04,81.85,77.00
28.81,28.81,44.20,81.52,78.12
27.86,27.86,42.18,81.95,78.17
29.46,29.46,42.95,82.66,80.29
32.27,32.27,42.72,83.45,80.67
32.86,32.86,43.36,83.94,80.25
32.63,32.63,42.26,84.73,76.94
34.37,34.37,41.99,82.90,75.15
31.93,31.93,37.60,82.35,74.74
33.25,33.25,37.54,82.11,75.29
33.66,33.66,36.08,82.26,75.56
32.80,32.80,34.56,82.71,76.38
33.38,33.38,36.58,81.39,76.23
33.50,33.50,38.16,81.83,76.43
33.78,33.78,36.82,79.65,76.72
31.86,31.86,36.00,79.42,76.62
32.05,32.05,36.71,80.95,74.09
32.62,32.62,37.87,82.72,76.08
33.91,33.91,38.76,82.96,74.64
34.20,34.20,39.79,80.83,76.50
31.28,31.28,38.10,79.67,73.40
31.57,31.57,38.06,79.70,73.73
30.79,30.79,36.18,78.15,75.70
30.42,30.42,36.14,79.30,75.53
30.40,30.40,36.95,82.38,76.06
30.46,30.46,38.16,82.39,77.10
29.20,29.20,38.09,80.76,78.15
27.97,27.97,36.64,79.74,77.87
27.98,27.98,36.46,80.66,77.12
24.95,24.95,35.68,81.97,76.81
25.60,25.60,37.02,81.82,77.52
29.39,29.39,39.57,81.78,79.49
32.25,32.25,37.77,80.44,80.38
32.63,32.63,37.56,81.17,80.55
30.99,30.99,39.58,82.22,80.67
28.93,28.93,40.46,83.49,80.72
27.96,27.96,39.75,82.89,77.14
24.39,24.39,40.33,81.89,78.55
21.61,21.61,38.61,81.79,76.10
23.35,23.35,39.22,82.40,75.01
27.75,27.75,40.75,82.65,75.17
28.92,28.92,40.09,82.47,75.39
28.33,28.33,38.35,82.17,76.76
30.09,30.09,37.09,82.16,74.30
31.09,31.09,38.41,80.03,76.71
33.38,33.38,36.99,78.43,74.99
32.44,32.44,36.28,79.73,75.49
33.82,33.82,37.71,80.18,77.89
32.54,32.54,37.94,81.30,79.24
35.67,35.67,41.08,80.10,78.77
35.48,35.48,41.60,80.35,78.98
34.81,34.81,40.19,80.80,78.67
35.02,35.02,40.40,81.94,77.73
35.31,35.31,37.54,82.60,78.11
32.02,32.02,36.36,82.62,77.75
31.48,31.48,38.43,81.23,79.04
27.22,27.22,35.17,80.18,78.01
26.92,26.92,36.00,79.59,78.30
27.91,27.91,37.95,80.61,77.72
29.09,29.09,41.20,83.12,79.93
27.54,27.54,41.18,83.22,81.17
29.27,29.27,41.87,83.06,79.45
29.35,29.35,42.21,83.81,79.87
30.57,30.57,40.79,83.46,79.08
28.65,28.65,41.81,84.10,77.61
29.09,29.09,42.32,77.33,77.95
26.33,26.33,41.99,73.06,77.10
27.44,27.44,41.55,72.47,77.82
26.07,26.07,41.74,73.11,78.09
27.30,27.30,43.43,71.36,78.48
27.72,27.72,43.34,68.60,76.07
30.74,30.74,43.21,69.41,77.23
31.88,31.88,40.91,70.27,77.46
30.95,30.95,40.31,72.33,77.45
27.10,27.10,41.99,70.51,78.11
23.53,23.53,45.47,68.56,77.46
25.30,25.30,44.14,68.77,76.34
29.78,29.78,42.77,71.09,78.97
32.47,32.47,43.88,68.16,79.43
30.72,30.72,43.19,68.62,79.77
29.59,29.59,43.58,66.43,80.00
30.36,30.36,44.26,69.50,81.62
33.15,33.15,45.68,69.86,81.01
31.21,31.21,46.27,71.02,81.26
29.33,29.33,47.06,70.48,81.79
32.69,32.69,49.31,69.17,82.36
32.77,32.77,49.86,70.37,83.17
34.28,34.28,49.93,73.92,80.71
34.59,34.59,50.68,72.96,80.79
35.14,35.14,51.79,72.92,80.38
34.29,34.29,51.81,70.76,79.43
32.84,32.84,51.48,73.92,78.97
28.99,28.99,50.37,75.92,78.11
29.51,29.51,49.68,74.11,78.95
28.45,28.45,50.89,74.60,78.72
24.40,24.40,50.57,74.60,77.66
24.14,24.14,52.62,75.69,77.28
23.29,23.29,52.43,76.29,78.08
24.61,24.61,54.20,73.36,77.92
24.25,24.25,53.18,73.66,78.02
22.46,22.46,54.15,70.68,77.76
20.64,20.64,53.55,71.54,77.32
20.99,20.99,53.54,70.21,77.67
21.74,21.74,53.49,73.02,78.34
22.73,22.73,52.78,71.70,77.07
20.71,20.71,49.98,72.36,77.38
22.66,22.66,51.09,73.19,77.57
23.96,23.96,50.03,73.61,78.49
26.14,26.14,50.44,73.25,78.36
25.81,25.81,50.65,71.69,79.58
24.18,24.18,49.56,74.30,76.84
26.07,26.07,48.98,71.80,79.45
27.33,27.33,48.36,75.11,80.07
28.84,28.84,47.90,73.65,79.48
28.91,28.91,50.07,75.71,79.98
26.79,26.79,53.56,76.33,79.45
25.89,25.89,54.70,77.69,79.37
24.99,24.99,54.21,72.69,78.30
23.58,23.58,54.62,74.10,77.81
20.80,20.80,54.73,74.86,77.75
18.18,18.18,54.87,73.56,79.26
17.65,17.65,54.97,72.78,78.78
18.83,18.83,56.50,69.84,78.94
22.28,22.28,57.13,72.45,80.10
29.29,29.29,56.23,74.86,80.99
31.00,31.00,56.08,72.46,79.32
27.29,27.29,56.82,74.32,79.77
23.46,23.46,56.47,76.70,78.80
20.08,20.08,54.69,76.98,77.90
24.94,24.94,53.13,73.24,76.90
23.78,23.78,53.57,70.70,76.14
19.36,19.36,54.57,71.20,76.55
18.31,18.31,56.82,73.38,77.87
18.21,18.21,53.88,76.20,78.94
19.83,19.83,54.83,70.66,78.30
22.64,22.64,55.55,68.90,77.97
24.33,24.33,56.22,73.11,80.18
18.56,18.56,55.04,75.39,78.24
13.21,13.21,55.51,71.95,79.02
8.80,8.80,55.80,71.59,77.85
6.14,6.14,55.89,71.98,76.95
14.67,14.67,55.17,74.11,78.95
21.43,21.43,53.11,71.27,82.49
27.19,27.19,53.35,69.61,83.82
28.52,28.52,52.56,72.01,81.87
29.06,29.06,52.73,69.99,82.75
28.73,28.73,52.74,72.57,81.46
29.00,29.00,53.83,74.79,80.79
27.44,27.44,53.37,73.22,81.50
27.42,27.42,53.08,72.05,79.39
27.45,27.45,53.56,69.70,80.23
23.71,23.71,55.64,71.52,82.31
24.68,24.68,56.89,68.88,81.18
25.97,25.97,54.92,68.57,80.46
24.48,24.48,56.57,73.15,80.70
19.64,19.64,54.95,72.33,79.90
21.03,21.03,56.75,70.68,78.99
20.86,20.86,54.76,68.94,81.01
19.69,19.69,55.92,74.20,81.81
19.80,19.80,55.49,73.08,82.12
20.61,20.61,56.59,73.13,81.10
18.65,18.65,54.30,72.03,82.37
19.75,19.75,54.30,73.74,79.42
18.30,18.30,54.97,75.03,79.71
19.92,19.92,55.50,74.62,78.56
17.56,17.56,56.55,71.79,81.52
13.33,13.33,56.81,72.60,81.77
11.42,11.42,57.83,75.63,78.08
10.03,10.03,57.56,74.34,79.30
13.48,13.48,57.87,72.17,79.01
15.36,15.36,58.09,69.86,80.25
17.71,17.71,59.12,74.28,79.20
19.74,19.74,59.94,73.02,77.21
17.29,17.29,61.12,70.58,77.09
19.68,19.68,65.39,72.29,77.38
15.48,15.48,71.23,71.95,79.20
8.75,8.75,66.39,72.32,77.34
13.39,13.39,60.32,70.61,75.69
16.41,16.41,54.17,67.93,76.10
15.06,15.06,51.39,68.69,75.75
7.47,7.47,55.09,69.36,74.20
0.97,0.97,57.70,67.75,73.64
1.32,1.32,68.69,70.99,74.10
10.26,10.26,59.29,71.54,74.17
16.08,16.08,50.39,68.78,74.32
22.31,22.31,43.37,68.75,73.95
20.09,20.09,43.11,65.47,73.46
17.72,17.72,51.17,66.26,75.82
12.92,12.92,57.65,64.73,72.99
10.86,10.86,69.31,60.71,73.14
11.35,11.35,60.25,59.92,72.63
16.43,16.43,52.81,61.10,71.79
21.68,21.68,46.62,62.25,72.85
24.79,24.79,40.92,54.56,73.82
25.55,25.55,38.69,56.50,74.12
28.89,28.89,38.24,53.46,74.35
29.55,29.55,37.73,52.11,75.91
31.12,31.12,38.79,48.28,78.09
32.20,32.20,39.36,50.09,77.80
32.13,32.13,40.72,45.62,79.23
28.32,28.32,47.25,43.10,77.14
21.43,21.43,54.85,43.14,77.29
16.94,16.94,63.44,32.59,72.62
12.41,12.41,74.34,40.02,72.27
12.84,12.84,73.17,36.83,71.08
11.32,11.32,69.04,30.37,73.14
13.02,13.02,66.94,28.36,73.44
18.26,18.26,63.93,26.35,72.62
16.98,16.98,59.78,26.48,72.07
20.70,20.70,52.54,25.09,72.08
26.39,26.39,49.23,27.86,72.68
27.86,27.86,45.27,27.37,72.35
27.87,27.87,45.26,31.19,74.06
29.77,29.77,44.58,33.21,73.44
26.58,26.58,55.14,31.13,70.33
15.80,15.80,62.53,38.59,70.18
8.38,8.38,74.22,50.60,71.40
3.54,3.54,86.65,61.35,71.13
11.24,11.24,88.38,63.55,70.10
12.52,12.52,91.37,65.30,71.99
19.10,19.10,92.29,68.23,72.48
21.83,21.83,86.91,63.21,71.66
22.99,22.99,92.13,73.82,74.00
24.36,24.36,77.02,76.22,74.59
24.99,24.99,75.44,75.65,75.92
25.80,25.80,74.77,76.94,77.63
26.59,26.59,71.45,78.97,78.25
26.29,26.29,66.47,79.56,78.60
23.47,23.47,63.26,80.63,76.75
14.67,14.67,63.02,80.51,76.10
9.46,9.46,75.31,80.99,75.05
8.27,8.27,82.96,80.85,73.16
12.06,12.06,81.06,82.73,70.94
16.01,16.01,78.20,82.53,72.20
24.62,24.62,77.52,80.89,72.72
26.37,26.37,77.40,80.64,73.39
20.43,20.43,77.79,80.94,74.56
17.55,17.55,75.98,81.63,75.22
17.80,17.80,75.39,82.41,77.43
16.87,16.87,75.35,83.53,75.36
17.55,17.55,74.35,81.88,72.81
12.65,12.65,74.69,81.74,72.13
10.90,10.90,74.29,81.93,73.00
9.60,9.60,73.96,82.34,70.85
8.07,8.07,74.89,82.78,70.90
6.25,6.25,73.89,83.88,70.44
4.32,4.32,72.27,82.94,71.01
4.80,4.80,71.34,82.40,73.25
7.16,7.16,72.47,82.42,73.39
11.84,11.84,70.87,82.16,74.37
16.81,16.81,70.87,83.33,75.01
25.25,25.25,68.73,84.37,75.80
15.47,15.47,69.83,82.98,75.96
17.21,17.21,67.82,82.78,77.60
14.14,14.14,68.32,82.91,76.80
18.07,18.07,67.67,83.49,78.26
15.00,15.00,66.96,83.84,77.78
5.30,5.30,68.36,85.06,72.88
6.41,6.41,75.30,83.21,73.07
10.71,10.71,74.16,82.99,72.53
11.13,11.13,72.40,83.12,72.53
9.80,9.80,70.42,82.98,70.00
6.57,6.57,68.20,83.56,69.56
7.16,7.16,66.63,84.21,70.88
7.16,7.16,66.70,83.05,69.33
10.31,10.31,66.01,82.61,70.09
17.92,17.92,64.62,83.19,71.79
14.63,14.63,63.50,83.39,71.82
12.08,12.08,63.69,83.88,71.57
10.32,10.32,62.99,84.74,70.62
8.76,8.76,63.94,83.50,70.56
4.55,4.55,64.67,82.99,69.33
5.36,5.36,71.35,82.67,68.83
7.77,7.77,64.83,82.91,69.24
9.57,9.57,63.31,83.71,69.95
9.00,9.00,60.20,84.76,71.49
8.55,8.55,60.53,83.06,71.83
14.97,14.97,60.13,82.81,74.28
18.20,18.20,58.15,83.07,73.48
27.21,27.21,57.51,83.10,75.62
22.74,22.74,57.28,83.30,76.64
22.67,22.67,57.27,84.41,77.98
22.87,22.87,57.38,82.99,75.97
22.45,22.45,59.47,82.70,78.85
17.36,17.36,61.57,82.68,76.48
16.65,16.65,63.81,83.10,74.35
15.83,15.83,70.76,83.33,73.87
10.26,10.26,65.37,84.28,72.08
6.41,6.41,63.43,82.88,71.82
10.53,10.53,61.30,82.35,72.74
12.53,12.53,60.82,82.21,71.20
7.27,7.27,64.01,82.77,68.12
1.49,1.49,66.52,83.04,68.40
1.54,1.54,69.02,83.96,67.81
4.83,4.83,61.63,82.69,69.06
12.69,12.69,58.33,82.37,69.80
13.60,13.60,56.18,82.38,69.63
13.82,13.82,58.22,82.86,70.56
8.53,8.53,62.98,83.48,68.12
3.58,3.58,71.83,83.02,67.27
4.74,4.74,88.48,76.38,70.75
7.79,7.79,88.41,68.13,69.66
11.63,11.63,83.92,67.93,71.17
16.71,16.71,84.25,66.41,70.70
21.45,21.45,84.52,62.07,71.95
25.70,25.70,82.34,63.35,74.73
27.80,27.80,85.96,72.76,74.29
31.04,31.04,83.30,72.42,76.56
32.90,32.90,78.53,75.86,77.47
32.66,32.66,76.62,80.57,78.86
31.64,31.64,72.60,82.87,78.74
29.31,29.31,69.38,84.91,79.78
18.19,18.19,67.09,83.01,75.72
3.78,3.78,76.98,83.85,71.75
0.04,0.04,89.29,80.77,70.21
3.18,3.18,88.42,68.37,64.32
11.90,11.90,89.74,61.25,66.91
13.40,13.40,82.69,70.89,69.76
10.24,10.24,79.15,64.02,66.98
13.56,13.56,81.35,63.84,67.49
19.35,19.35,85.41,68.81,68.30
24.15,24.15,84.18,70.20,67.16
25.53,25.53,80.40,70.27,70.34
27.49,27.49,78.42,77.55,70.16
25.33,25.33,74.06,80.32,72.04
22.88,22.88,69.72,83.77,72.32
14.19,14.19,61.98,84.51,69.43
4.63,4.63,67.49,83.91,69.20
2.18,2.18,64.81,85.97,70.73
9.01,9.01,57.84,84.60,70.21
19.85,19.85,53.90,84.58,73.79
25.24,25.24,53.32,86.38,74.34
25.24,25.24,50.51,84.01,73.93
29.37,29.37,49.86,85.81,75.19
29.99,29.99,49.28,84.98,74.55
32.09,32.09,48.07,86.39,76.11
28.69,28.69,46.92,84.98,78.64
28.51,28.51,47.88,85.58,77.68
24.50,24.50,50.99,86.04,78.13
18.89,18.89,59.01,84.87,77.42
6.52,6.52,65.08,87.01,72.41
6.47,6.47,78.04,84.73,66.50
12.88,12.88,83.67,86.77,66.67
13.90,13.90,77.55,85.54,67.18
16.04,16.04,72.76,87.70,69.41
16.86,16.86,72.12,85.26,70.43
17.31,17.31,69.59,86.34,69.02
15.95,15.95,66.90,86.26,71.76
17.40,17.40,64.01,86.38,77.26
19.38,19.38,62.04,86.90,73.76
20.53,20.53,60.03,85.43,73.59
20.56,20.56,59.76,87.42,69.73
21.75,21.75,60.36,85.77,68.98
22.29,22.29,63.32,87.88,67.85
15.50,15.50,70.03,84.58,60.41
9.50,9.50,85.46,84.60,62.78
7.62,7.62,89.05,69.23,64.95
11.12,11.12,89.45,64.51,67.44
18.79,18.79,89.33,64.67,68.10
20.28,20.28,77.82,65.10,68.15
23.76,23.76,77.73,58.94,66.58
26.04,26.04,82.63,62.92,70.75
28.32,28.32,85.03,67.94,73.13
31.34,31.34,81.00,67.69,76.44
32.58,32.58,79.58,73.62,76.34
32.76,32.76,76.19,75.71,76.72
30.85,30.85,71.53,78.95,80.13
25.58,25.58,65.89,83.64,78.37
8.02,8.02,61.09,83.10,71.28
2.28,2.28,75.46,83.80,68.67
0.96,0.96,70.48,85.02,69.00
2.01,2.01,67.96,82.09,68.88
6.94,6.94,66.79,85.25,68.93
13.86,13.86,63.78,84.62,72.76
19.27,19.27,62.09,84.67,69.92
21.48,21.48,57.61,84.73,69.45
25.94,25.94,54.80,83.70,66.85
31.44,31.44,51.98,85.75,69.54
33.82,33.82,49.47,83.20,68.67
36.55,36.55,50.78,86.28,70.29
32.82,32.82,57.06,83.72,69.97
19.49,19.49,64.89,85.96,67.12
8.17,8.17,71.42,83.40,64.77
5.63,5.63,85.57,80.42,69.38
11.40,11.40,85.54,69.67,65.09
17.45,17.45,81.95,70.67,68.16
24.74,24.74,83.07,62.89,68.88
26.27,26.27,84.33,59.53,71.11
25.70,25.70,83.63,60.20,73.81
22.01,22.01,85.37,66.52,75.38
21.54,21.54,84.31,68.13,76.01
24.01,24.01,82.32,68.80,77.62
25.81,25.81,81.53,74.47,78.46
25.64,25.64,81.43,79.52,79.68
22.00,22.00,77.94,79.08,79.90
13.48,13.48,75.98,78.86,78.02
10.59,10.59,77.98,82.26,71.73
2.42,2.42,89.41,76.25,70.40
4.00,4.00,87.44,64.83,69.99
9.33,9.33,88.64,62.30,73.05
10.45,10.45,85.93,72.75,72.37
10.29,10.29,83.40,68.61,72.82
10.14,10.14,82.34,67.33,72.01
9.69,9.69,78.94,61.67,71.92
13.57,13.57,73.34,63.13,72.22
19.89,19.89,71.23,73.41,70.55
25.12,25.12,67.65,74.90,73.57
26.59,26.59,61.32,79.24,71.41
22.22,22.22,56.82,77.52,71.62
13.25,13.25,56.10,74.91,70.58
6.87,6.87,64.51,78.24,68.01
5.12,5.12,64.64,73.00,69.37
11.18,11.18,58.89,74.07,67.06
21.89,21.89,56.49,76.54,69.96
24.04,24.04,56.18,75.24,72.73
21.67,21.67,55.34,77.81,72.43
23.02,23.02,55.46,71.53,73.57
22.69,22.69,53.31,73.52,74.50
22.48,22.48,54.21,77.85,75.81
20.64,20.64,55.83,75.16,78.17
18.25,18.25,55.28,79.20,77.96
14.00,14.00,57.24,72.64,79.04
6.22,6.22,58.96,76.13,78.27
0.83,0.83,61.54,78.68,77.63
1.31,1.31,71.28,75.34,72.57
2.99,2.99,74.38,79.58,70.06
1.97,1.97,71.08,72.83,69.66
1.21,1.21,69.35,75.83,69.86
5.91,5.91,67.05,74.54,71.59
10.36,10.36,62.62,74.25,71.36
16.75,16.75,58.58,79.55,70.19
23.47,23.47,54.08,74.20,69.55
25.73,25.73,51.68,80.03,72.36
24.24,24.24,53.71,74.05,71.65
21.39,21.39,53.77,77.03,73.92
18.16,18.16,57.17,76.90,74.45
13.27,13.27,61.12,74.76,74.37
9.18,9.18,71.16,76.24,72.77
7.80,7.80,83.89,75.26,73.73
9.23,9.23,88.30,67.01,70.69
16.72,16.72,89.19,64.57,73.88
18.48,18.48,83.98,71.32,75.85
17.68,17.68,80.62,68.97,76.33
16.10,16.10,80.87,59.18,74.87
15.80,15.80,77.89,64.96,74.58
15.37,15.37,72.81,65.45,74.48
14.00,14.00,64.78,66.16,76.45
15.68,15.68,65.27,73.72,76.18
15.70,15.70,60.22,76.70,76.64
14.02,14.02,60.09,74.73,76.85
9.05,9.05,63.83,76.45,77.41
4.41,4.41,68.93,75.89,73.93
6.11,6.11,82.02,73.79,72.84
3.29,3.29,82.70,75.45,72.31
7.04,7.04,75.73,74.84,72.52
8.85,8.85,73.74,73.71,70.39
10.02,10.02,71.83,73.69,72.21
8.96,8.96,70.10,73.32,72.83
7.21,7.21,67.64,77.75,75.73
7.21,7.21,65.69,73.03,75.97
7.23,7.23,63.40,75.19,77.31
9.91,9.91,61.82,74.26,73.08
11.03,11.03,61.67,74.42,73.42
10.12,10.12,59.80,77.71,73.01
10.40,10.40,60.49,74.32,74.01
8.03,8.03,59.67,76.62,69.12
1.61,1.61,69.43,73.26,68.26
0.46,0.46,63.92,73.01,69.33
1.28,1.28,62.65,77.70,71.41
3.06,3.06,63.61,73.28,71.89
2.87,2.87,63.88,79.53,73.50
6.61,6.61,61.38,72.65,72.94
12.30,12.30,59.06,77.43,73.78
17.17,17.17,53.75,73.06,72.66
21.26,21.26,55.84,73.48,70.73
23.72,23.72,55.28,78.93,73.72
23.90,23.90,54.36,74.28,76.34
25.37,25.37,56.48,79.23,77.07
16.15,16.15,60.22,71.66,75.69
2.70,2.70,67.53,77.28,73.30
2.70,2.70,74.90,75.98,69.96
6.30,6.30,71.65,75.27,71.16
8.75,8.75,69.95,78.34,73.66
7.25,7.25,68.75,74.13,71.42
7.43,7.43,66.59,77.50,69.39
8.77,8.77,63.30,74.93,72.25
13.08,13.08,59.82,75.11,71.13
13.32,13.32,58.66,76.18,72.16
13.99,13.99,57.08,74.80,72.95
14.27,14.27,57.02,79.82,71.74
14.83,14.83,57.90,73.86,72.07
11.91,11.91,58.07,77.96,72.63
6.58,6.58,58.68,72.56,73.99
2.32,2.32,63.41,75.30,73.38
1.17,1.17,65.70,78.02,72.42
3.05,3.05,58.82,75.73,72.72
9.42,9.42,58.80,78.85,71.43
12.37,12.37,59.37,72.83,73.88
12.36,12.36,59.45,75.69,73.60
14.60,14.60,59.56,76.09,73.22
16.21,16.21,60.19,73.37,74.77
16.75,16.75,58.00,79.20,76.08
19.85,19.85,57.80,72.84,75.86
19.56,19.56,57.14,78.21,77.06
20.70,20.70,57.80,71.04,78.08
20.49,20.49,58.82,76.78,78.58
10.67,10.67,60.99,76.48,79.38
1.72,1.72,69.49,74.87,74.33
0.42,0.42,66.69,79.54,71.94
6.54,6.54,62.05,75.29,71.41
12.81,12.81,60.63,77.10,69.95
13.96,13.96,60.87,73.76,67.10
7.88,7.88,60.11,74.66,67.47
3.72,3.72,61.11,76.28,67.88
1.10,1.10,68.03,76.03,67.86
3.18,3.18,65.50,79.81,67.21
15.25,15.25,59.18,72.05,69.00
23.58,23.58,58.82,76.69,68.35
26.19,26.19,57.58,73.98,70.46
21.29,21.29,59.86,72.39,68.67
12.67,12.67,69.15,75.68,65.37
9.52,9.52,82.61,77.36,68.56
10.26,10.26,88.40,66.70,70.72
24.71,24.71,83.83,68.89,71.58
34.75,34.75,80.69,56.52,67.10
37.99,37.99,82.39,65.19,69.76
37.86,37.86,79.32,67.50,72.71
33.72,33.72,80.79,73.43,72.62
35.51,35.51,81.76,73.85,74.67
36.16,36.16,79.18,68.49,76.21
37.60,37.60,77.30,73.56,77.44
37.49,37.49,76.44,76.51,77.29
34.37,34.37,75.56,78.01,77.48
24.85,24.85,73.67,76.38,77.09
13.00,13.00,74.70,78.97,72.38
7.84,7.84,84.61,69.23,71.94
7.30,7.30,88.51,66.36,66.69
11.74,11.74,89.61,63.08,69.38
17.64,17.64,88.82,62.32,68.15
15.02,15.02,79.02,66.29,72.55
19.98,19.98,81.11,58.36,71.51
25.66,25.66,85.10,66.98,72.96
28.35,28.35,86.03,69.63,74.97
30.01,30.01,83.11,68.87,73.93
30.71,30.71,81.92,72.95,74.34
27.49,27.49,78.90,75.70,73.73
24.03,24.03,76.49,79.96,71.76
19.02,19.02,74.01,82.65,72.99
8.61,8.61,66.44,82.59,69.98
5.65,5.65,68.38,84.66,70.49
4.71,4.71,60.23,85.63,69.90
7.20,7.20,59.16,83.28,73.23
12.30,12.30,60.34,85.68,73.04
14.98,14.98,60.44,83.63,74.36
16.41,16.41,59.79,85.70,74.81
18.77,18.77,60.03,84.33,75.46
21.18,21.18,59.91,84.04,76.44
20.88,20.88,59.92,85.75,77.03
17.75,17.75,61.40,84.23,79.19
19.84,19.84,62.20,86.19,79.03
18.07,18.07,63.27,84.14,79.60
17.08,17.08,66.37,85.92,79.90
26.26,26.26,71.25,84.69,73.95
29.40,29.40,82.24,85.85,68.15
28.30,28.30,80.48,85.09,66.31
22.56,22.56,75.03,85.61,71.57
20.98,20.98,72.12,85.28,67.65
18.46,18.46,70.79,84.52,69.57
23.15,23.15,68.71,86.38,68.93
30.74,30.74,66.02,84.21,72.12
28.20,28.20,63.83,86.67,74.66
24.03,24.03,61.81,85.45,72.57
18.21,18.21,60.66,87.01,69.93
15.06,15.06,61.96,85.23,71.29
13.88,13.88,59.70,86.31,69.86
12.80,12.80,59.82,85.50,69.61
20.58,20.58,62.65,86.51,67.66
12.75,12.75,66.49,85.69,69.93
2.87,2.87,60.30,85.75,71.02
10.04,10.04,59.17,86.67,72.22
16.73,16.73,58.59,85.16,71.95
20.49,20.49,57.86,86.89,74.10
24.06,24.06,59.10,85.21,71.35
25.72,25.72,57.69,87.00,70.80
24.20,24.20,53.76,85.10,71.57
27.83,27.83,52.58,86.20,73.20
29.57,29.57,51.98,79.02,75.35
29.07,29.07,52.21,63.37,76.81
26.21,26.21,58.01,50.61,78.21
18.11,18.11,65.27,48.83,76.63
9.50,9.50,73.16,50.02,72.20
5.54,5.54,83.97,67.24,71.89
9.34,9.34,80.98,69.14,71.35
13.48,13.48,80.84,71.89,69.53
15.07,15.07,81.55,74.90,71.31
15.53,15.53,76.86,78.94,71.73
15.37,15.37,74.60,81.52,71.85
15.85,15.85,69.83,83.44,72.49
18.81,18.81,65.29,84.24,70.24
19.82,19.82,60.31,84.79,71.81
18.43,18.43,59.11,84.35,74.04
14.81,14.81,59.27,82.30,73.64
10.28,10.28,63.04,83.10,73.13
4.17,4.17,62.70,84.33,72.53
6.09,6.09,74.36,82.49,73.10
13.36,13.36,81.41,82.20,73.78
19.87,19.87,74.16,82.09,75.61
21.44,21.44,67.01,81.75,71.19
20.20,20.20,61.48,84.11,70.85
22.26,22.26,57.93,81.86,72.27
21.24,21.24,59.05,83.63,72.24
21.48,21.48,55.64,82.70,74.34
20.24,20.24,52.75,83.24,73.85
25.17,25.17,52.44,83.63,76.30
26.07,26.07,51.81,81.63,77.25
24.64,24.64,53.06,83.52,77.34
17.69,17.69,60.71,81.15,77.80
6.73,6.73,67.57,84.22,73.47
7.04,7.04,83.50,80.73,72.39
4.80,4.80,87.72,74.58,70.75
8.77,8.77,90.40,68.24,73.57
12.98,12.98,91.08,61.44,72.47
13.33,13.33,85.49,58.47,73.77
9.89,9.89,78.63,57.95,73.13
9.84,9.84,81.22,56.51,70.59
16.22,16.22,81.22,63.01,72.62
14.81,14.81,76.50,65.13,71.44
20.76,20.76,79.09,69.36,72.15
26.32,26.32,76.69,74.98,73.07
24.61,24.61,71.66,77.59,72.84
17.64,17.64,66.46,78.98,73.75
9.68,9.68,63.97,81.26,71.07
12.28,12.28,70.33,81.82,69.98
7.65,7.65,63.29,82.95,71.41
14.86,14.86,59.12,82.09,73.03
20.45,20.45,57.44,81.23,73.00
23.85,23.85,55.77,81.00,73.66
22.11,22.11,56.18,81.29,75.45
23.11,23.11,55.65,81.74,77.34
26.17,26.17,54.83,82.35,77.63
28.12,28.12,56.13,83.28,80.04
30.12,30.12,54.78,82.45,80.44
28.05,28.05,53.58,81.97,79.37
22.98,22.98,56.31,81.85,80.36
13.40,13.40,61.05,81.27,77.07
3.69,3.69,66.80,82.77,74.75
2.78,2.78,74.18,83.16,71.01
2.69,2.69,75.04,83.20,71.06
4.23,4.23,70.97,82.67,70.26
8.22,8.22,69.23,82.10,72.16
9.16,9.16,66.54,82.14,70.28
17.03,17.03,63.68,82.69,70.85
22.56,22.56,57.76,84.06,69.50
24.84,24.84,52.44,82.52,69.52
25.60,25.60,49.32,81.92,71.14
26.81,26.81,48.69,82.03,70.97
26.96,26.96,49.26,82.27,72.64
22.82,22.82,54.66,83.09,72.06
14.76,14.76,62.75,84.07,68.85
10.95,10.95,72.32,82.19,68.68
10.41,10.41,87.38,72.10,67.33
10.85,10.85,87.75,63.25,67.94
12.39,12.39,91.47,59.36,70.34
14.79,14.79,92.18,60.06,71.38
15.00,15.00,86.72,62.26,72.57
15.64,15.64,85.39,59.50,73.84
17.83,17.83,83.36,61.88,76.27
19.73,19.73,75.92,64.28,75.71
21.75,21.75,79.08,67.85,78.74
21.33,21.33,76.66,74.19,78.15
21.46,21.46,71.81,77.50,78.21
18.87,18.87,66.84,78.83,76.27
13.54,13.54,65.34,80.11,75.06
11.42,11.42,74.36,81.47,71.41
7.96,7.96,83.95,81.88,69.20
8.05,8.05,78.99,81.71,69.20
10.53,10.53,76.68,81.62,71.16
10.32,10.32,73.52,80.88,71.91
11.45,11.45,71.20,81.03,71.82
13.37,13.37,69.87,81.57,72.60
15.55,15.55,67.46,82.33,73.99
17.53,17.53,64.23,83.30,77.05
20.66,20.66,63.02,82.23,75.03
25.12,25.12,62.43,81.29,71.86
26.16,26.16,60.90,82.14,70.51
19.21,19.21,60.70,82.37,70.55
9.01,9.01,59.05,82.64,68.09
6.99,6.99,66.72,83.83,65.42
3.98,3.98,65.00,82.89,67.57
9.41,9.41,61.22,81.88,69.61
14.53,14.53,57.68,82.11,71.95
20.93,20.93,55.51,82.58,74.40
24.44,24.44,52.82,82.99,74.97
29.47,29.47,50.56,83.89,74.96
30.66,30.66,46.81,82.28,77.15
30.23,30.23,45.33,82.19,76.03
30.57,30.57,45.39,82.46,78.43
30.66,30.66,46.43,82.88,77.60
31.15,31.15,49.18,82.97,79.02
26.60,26.60,56.61,83.76,79.24
19.32,19.32,61.09,82.83,75.44
20.58,20.58,72.96,82.32,72.74
16.58,16.58,71.81,82.24,70.05
7.79,7.79,70.13,82.15,71.90
7.01,7.01,67.97,82.86,69.54
10.20,10.20,66.06,83.97,69.85
12.34,12.34,62.18,82.20,69.62
19.37,19.37,58.63,82.44,69.12
24.06,24.06,52.97,82.38,69.47
26.48,26.48,48.71,82.76,71.19
25.84,25.84,46.36,83.29,70.97
25.36,25.36,47.36,84.39,72.35
24.83,24.83,49.95,83.42,72.37
19.57,19.57,54.63,82.28,71.76
9.68,9.68,58.99,82.23,69.91
6.81,6.81,69.55,82.41,69.09
6.86,6.86,61.25,83.25,67.91
14.14,14.14,54.19,84.23,69.87
18.94,18.94,49.27,82.64,72.55
25.39,25.39,45.66,82.63,72.76
29.21,29.21,44.79,82.61,71.65
31.88,31.88,45.72,82.93,73.62
32.76,32.76,44.15,83.27,76.42
33.07,33.07,44.18,84.47,77.40
32.64,32.64,45.47,83.81,78.03
31.88,31.88,47.02,83.15,78.21
29.55,29.55,51.71,83.41,78.57
22.29,22.29,57.37,82.97,76.03
7.10,7.10,60.98,83.76,73.94
2.49,2.49,69.87,84.62,67.32
2.60,2.60,62.68,83.02,69.08
7.45,7.45,60.64,83.01,67.65
10.98,10.98,56.41,82.99,69.75
10.85,10.85,55.58,83.45,68.51
9.81,9.81,62.61,83.27,64.73
2.40,2.40,64.98,84.81,67.15
2.63,2.63,69.88,83.51,68.17
8.44,8.44,61.21,82.97,68.76
17.41,17.41,55.57,82.70,68.09
21.07,21.07,51.02,83.23,69.00
23.22,23.22,53.15,83.78,71.66
15.85,15.85,61.22,84.78,69.37
7.53,7.53,66.90,82.51,67.84
8.31,8.31,86.46,77.53,66.57
8.95,8.95,87.20,68.41,65.89
13.28,13.28,83.32,67.71,69.66
20.47,20.47,83.62,60.73,71.35
26.65,26.65,84.62,58.75,71.94
27.82,27.82,83.12,60.62,75.29
31.61,31.61,85.14,69.27,75.80
33.83,33.83,83.97,68.46,76.94
34.54,34.54,80.83,73.14,79.50
34.52,34.52,78.80,77.25,79.76
34.78,34.78,75.89,83.51,80.15
28.80,28.80,71.23,82.61,81.24
19.38,19.38,70.33,81.90,78.02
6.39,6.39,76.20,77.63,74.93
1.07,1.07,88.03,62.25,71.60
5.14,5.14,87.35,64.79,67.91
10.62,10.62,82.39,63.56,64.98
10.51,10.51,85.29,62.89,69.37
8.91,8.91,84.43,61.03,66.70
14.01,14.01,81.79,60.85,67.56
19.71,19.71,87.84,68.94,68.14
23.27,23.27,84.53,67.96,70.01
29.18,29.18,81.33,69.82,71.31
30.27,30.27,80.05,75.47,71.45
28.43,28.43,76.31,80.25,70.93
24.72,24.72,73.56,84.98,73.36
16.32,16.32,64.52,83.61,70.75
7.00,7.00,65.04,84.13,70.41
3.38,3.38,64.98,85.79,68.52
10.66,10.66,56.11,84.70,71.77
19.91,19.91,52.81,85.55,71.29
23.85,23.85,51.41,86.02,75.52
26.79,26.79,50.69,84.46,74.07
29.55,29.55,50.04,86.15,77.24
28.91,28.91,50.42,84.80,77.57
32.02,32.02,50.22,86.96,76.69
32.16,32.16,49.36,84.74,77.22
31.90,31.90,48.96,85.84,76.10
30.43,30.43,51.60,85.36,75.79
24.38,24.38,58.68,85.48,76.74
9.89,9.89,63.77,86.20,72.44
10.19,10.19,75.38,85.10,69.03
12.72,12.72,83.33,87.35,66.08
15.45,15.45,78.04,85.71,67.08
17.59,17.59,73.83,87.53,65.81
18.44,18.44,70.78,85.05,66.80
20.69,20.69,69.50,86.79,67.69
20.36,20.36,66.71,85.97,68.63
19.73,19.73,64.31,87.53,75.64
19.00,19.00,61.64,85.84,74.64
25.56,25.56,58.91,86.89,73.97
26.03,26.03,58.59,86.43,69.85
23.99,23.99,59.50,86.04,68.67
22.44,22.44,62.63,87.45,69.99
14.83,14.83,68.11,85.04,64.56
11.84,11.84,83.95,84.96,63.02
7.17,7.17,89.33,69.74,62.52
10.16,10.16,90.54,62.01,67.12
16.56,16.56,86.95,70.81,66.99
20.62,20.62,79.72,68.26,67.84
23.70,23.70,79.67,62.43,67.74
25.39,25.39,82.63,67.10,70.76
26.86,26.86,83.77,70.07,70.92
32.00,32.00,80.55,68.11,73.75
34.48,34.48,79.19,70.85,73.69
35.13,35.13,76.92,75.39,75.34
34.36,34.36,73.52,80.13,75.22
24.54,24.54,66.57,82.03,76.70
11.41,11.41,59.71,83.28,71.00
11.50,11.50,75.66,85.33,69.09
9.95,9.95,70.75,83.76,67.74
3.53,3.53,68.34,83.01,66.54
4.64,4.64,66.57,85.34,68.12
12.25,12.25,64.93,84.30,73.37
19.96,19.96,61.60,86.35,69.97
21.62,21.62,57.55,84.42,69.15
25.59,25.59,55.27,85.72,68.02
26.36,26.36,52.06,85.07,69.31
26.46,26.46,48.98,84.33,69.03
28.90,28.90,48.09,86.50,70.07
26.45,26.45,52.43,83.76,69.80
17.90,17.90,60.46,86.04,67.46
7.98,7.98,65.41,83.28,65.94
7.51,7.51,74.41,82.74,69.25
13.99,13.99,71.82,70.62,69.62
18.57,18.57,77.44,64.47,69.85
24.61,24.61,82.45,60.29,69.27
27.52,27.52,82.34,60.44,71.18
24.88,24.88,84.64,63.76,73.09
23.94,23.94,84.82,62.61,73.68
24.97,24.97,84.09,65.94,76.06
25.25,25.25,82.79,72.50,77.18
26.57,26.57,80.99,77.02,78.11
28.11,28.11,79.67,81.23,79.67
24.86,24.86,74.99,79.95,80.98
14.64,14.64,75.92,79.75,78.70
10.86,10.86,79.24,76.45,73.94
7.35,7.35,89.27,62.54,69.11
9.99,9.99,86.62,59.15,69.74
12.90,12.90,88.61,65.97,74.12
15.20,15.20,89.26,73.89,72.03
12.22,12.22,82.09,66.68,71.81
5.75,5.75,81.88,70.08,68.78
4.54,4.54,78.35,63.18,70.02
8.31,8.31,72.69,61.79,70.94
14.66,14.66,72.28,72.85,69.73
18.61,18.61,65.76,75.48,72.89
21.63,21.63,59.86,77.47,71.64
17.35,17.35,59.64,76.70,70.78
10.49,10.49,58.52,75.43,71.35
9.95,9.95,63.28,78.61,67.34
12.26,12.26,65.02,74.43,71.29
16.82,16.82,60.12,73.86,70.51
19.80,19.80,57.10,74.83,72.67
20.17,20.17,58.59,73.96,73.15
21.77,21.77,58.87,74.86,73.73
22.01,22.01,56.67,70.03,73.57
23.84,23.84,54.72,71.82,75.43
23.41,23.41,54.48,75.72,75.67
22.92,22.92,55.33,75.26,77.47
22.18,22.18,55.82,78.20,76.95
18.21,18.21,57.46,73.25,77.45
11.19,11.19,59.27,73.00,76.19
3.93,3.93,62.64,75.59,74.30
5.26,5.26,70.83,72.72,71.41
4.30,4.30,74.64,78.10,72.84
3.62,3.62,71.06,74.37,71.42
5.47,5.47,68.61,77.57,70.43
9.98,9.98,67.58,73.99,69.81
18.13,18.13,62.27,74.25,69.98
20.38,20.38,58.73,77.68,72.46
25.75,25.75,55.52,74.25,71.58
29.61,29.61,52.07,79.07,69.83
30.97,30.97,53.97,71.61,71.37
25.46,25.46,52.76,77.19,72.63
25.40,25.40,56.46,73.32,73.28
19.20,19.20,61.59,75.03,70.89
14.17,14.17,68.82,74.35,71.72
14.75,14.75,83.78,75.83,71.96
11.68,11.68,88.30,66.74,67.39
14.73,14.73,89.69,67.10,70.77
19.98,19.98,88.59,69.82,73.67
22.41,22.41,84.50,71.00,72.66
20.98,20.98,78.84,72.06,72.29
24.64,24.64,76.05,66.81,73.37
21.73,21.73,71.59,63.85,76.21
17.84,17.84,65.13,63.47,75.52
19.82,19.82,63.55,74.87,76.98
22.90,22.90,60.44,77.51,79.38
22.35,22.35,59.68,75.18,79.00
19.57,19.57,63.73,76.84,78.99
12.52,12.52,68.28,76.26,73.35
8.50,8.50,81.87,73.78,69.99
7.28,7.28,83.07,75.83,69.35
10.30,10.30,77.84,74.91,70.07
10.32,10.32,73.83,75.52,70.25
9.90,9.90,72.07,73.37,71.73
10.51,10.51,71.05,73.45,72.22
13.03,13.03,68.66,77.99,74.43
13.37,13.37,65.81,74.37,75.11
16.35,16.35,64.25,75.84,76.51
16.07,16.07,63.09,73.88,74.03
14.74,14.74,61.31,75.11,74.02
14.12,14.12,59.82,77.36,73.51
9.48,9.48,59.85,73.65,68.20
5.71,5.71,58.68,78.56,65.64
3.52,3.52,69.65,71.70,65.97
2.07,2.07,63.27,76.19,68.01
6.40,6.40,61.50,75.76,70.26
7.63,7.63,60.38,74.10,73.36
5.82,5.82,60.33,78.32,73.90
8.04,8.04,60.32,73.94,74.72
15.19,15.19,55.95,77.14,74.30
17.75,17.75,53.42,74.34,74.06
21.71,21.71,52.59,76.40,73.31
27.01,27.01,49.95,76.89,72.80
31.88,31.88,48.70,74.64,74.17
30.18,30.18,49.59,79.90,75.01
19.22,19.22,56.10,73.52,74.07
4.26,4.26,62.54,78.23,68.29
4.92,4.92,74.50,74.15,68.04
7.20,7.20,70.98,76.24,69.52
6.37,6.37,69.37,77.99,68.02
4.19,4.19,67.95,76.96,67.35
1.48,1.48,65.77,79.97,67.39
3.52,3.52,62.69,73.64,68.50
10.09,10.09,61.57,78.57,70.84
12.85,12.85,57.73,74.78,69.81
12.64,12.64,56.54,72.36,69.45
15.64,15.64,55.28,79.65,70.01
19.50,19.50,56.07,74.84,70.89
14.98,14.98,57.48,78.26,72.14
10.56,10.56,58.50,74.62,73.53
7.18,7.18,62.53,77.15,70.79
2.69,2.69,66.13,76.26,69.24
8.33,8.33,58.86,75.80,70.43
16.12,16.12,54.62,79.41,71.42
20.37,20.37,53.86,75.65,73.35
19.52,19.52,54.15,78.05,73.38
15.74,15.74,55.37,74.92,73.82
16.17,16.17,56.52,78.01,75.10
17.85,17.85,56.32,77.98,76.96
18.79,18.79,56.97,79.07,77.83
18.17,18.17,57.89,78.81,75.88
16.10,16.10,57.45,77.22,77.69
13.10,13.10,58.24,78.47,77.53
16.30,16.30,59.92,76.87,76.28
22.15,22.15,66.59,76.26,70.66
14.07,14.07,65.55,79.69,69.32
9.96,9.96,61.19,74.96,67.61
17.14,17.14,59.70,79.18,68.82
17.29,17.29,58.67,73.08,69.98
14.08,14.08,58.41,76.42,69.62
7.77,7.77,60.28,75.96,68.56
1.06,1.06,67.74,73.89,70.63
0.97,0.97,67.11,79.76,70.87
5.80,5.80,59.58,73.62,71.94
15.60,15.60,57.74,78.21,73.15
23.25,23.25,57.04,73.52,70.21
19.24,19.24,56.59,72.80,69.46
7.46,7.46,66.58,75.40,70.32
3.33,3.33,76.02,76.29,68.41
6.23,6.23,85.95,66.11,68.52
12.24,12.24,81.70,69.63,69.54
19.01,19.01,79.40,59.56,68.85
24.34,24.34,79.35,65.96,69.26
26.23,26.23,80.39,61.53,71.93
25.56,25.56,80.79,67.54,72.78
24.30,24.30,80.81,70.72,73.68
25.99,25.99,80.03,71.04,74.68
25.07,25.07,77.54,73.66,77.21
22.91,22.91,77.12,78.33,77.36
18.43,18.43,73.97,79.26,78.14
16.83,16.83,72.55,79.74,78.08
10.97,10.97,72.95,79.96,75.92
5.45,5.45,85.11,70.38,72.75
12.03,12.03,89.29,63.63,68.83
10.47,10.47,84.20,66.92,67.34
8.31,8.31,82.98,59.77,68.63
14.13,14.13,86.01,63.31,67.94
21.33,21.33,83.05,60.70,67.71
24.52,24.52,84.59,66.29,69.00
26.11,26.11,85.72,70.93,69.73
25.35,25.35,83.35,69.30,71.14
19.54,19.54,81.07,74.57,70.04
13.22,13.22,78.66,78.16,70.36
11.94,11.94,75.12,82.09,70.46
9.83,9.83,67.98,82.57,70.65
6.42,6.42,59.68,83.58,64.99
6.49,6.49,68.42,86.48,66.88
5.78,5.78,62.29,84.70,68.20
6.36,6.36,60.79,84.42,69.94
7.07,7.07,61.67,86.40,70.07
5.14,5.14,60.86,84.81,71.68
3.96,3.96,60.40,86.82,73.04
4.95,4.95,61.73,84.60,74.25
6.19,6.19,61.28,85.40,74.91
10.70,10.70,61.20,85.09,75.87
20.24,20.24,62.34,84.31,77.43
24.46,24.46,63.00,87.16,78.13
18.45,18.45,62.84,83.73,77.45
11.14,11.14,65.86,86.23,77.45
6.73,6.73,70.69,85.40,71.95
14.90,14.90,82.41,87.55,67.38
16.27,16.27,81.51,85.38,62.83
14.84,14.84,76.04,86.63,64.32
14.94,14.94,71.78,85.89,64.66
14.55,14.55,71.35,86.70,65.36
21.06,21.06,68.87,86.39,67.97
28.34,28.34,66.58,85.41,71.44
24.79,24.79,63.43,86.76,73.12
26.75,26.75,61.23,85.46,73.84
26.97,26.97,61.26,87.60,71.62
20.98,20.98,61.25,84.92,69.84
13.07,13.07,60.71,87.18,70.85
7.57,7.57,63.25,86.05,68.69
2.19,2.19,71.70,87.15,69.06
1.25,1.25,88.29,84.68,66.73
4.76,4.76,88.34,87.74,63.37
13.11,13.11,89.29,86.24,67.09
19.96,19.96,80.81,83.87,67.84
22.09,22.09,70.54,88.13,68.74
24.90,24.90,61.33,86.23,69.09
28.61,28.61,62.62,89.33,68.44
30.03,30.03,55.66,87.76,69.69
30.25,30.25,54.88,89.03,72.11
33.52,33.52,55.62,80.61,73.53
32.25,32.25,54.64,63.62,74.61
29.30,29.30,58.00,48.53,76.40
18.29,18.29,64.99,50.50,75.21
9.45,9.45,72.38,45.75,63.42
10.20,10.20,84.09,63.95,64.86
14.16,14.16,80.09,68.06,64.77
17.04,17.04,78.21,62.90,68.42
17.18,17.18,81.39,68.33,70.99
15.57,15.57,80.27,72.26,74.37
19.45,19.45,77.58,76.80,71.24
22.08,22.08,74.79,82.85,68.39
23.76,23.76,66.71,84.95,68.50
21.51,21.51,61.11,85.55,67.70
16.56,16.56,60.37,84.44,69.34
11.19,11.19,59.94,83.89,69.98
5.23,5.23,63.30,85.83,70.73
3.38,3.38,64.46,86.16,69.84
6.31,6.31,74.74,84.51,69.10
7.32,7.32,82.44,85.49,70.76
9.65,9.65,75.47,85.16,70.52
14.09,14.09,69.83,84.65,70.26
16.83,16.83,63.36,86.42,70.58
15.40,15.40,57.04,84.12,72.36
16.32,16.32,52.79,86.04,73.37
20.87,20.87,50.88,84.95,74.57
22.38,22.38,49.95,86.88,75.29
23.10,23.10,50.12,85.32,75.33
23.15,23.15,50.27,85.71,75.85
23.29,23.29,53.87,85.70,77.37
19.66,19.66,60.73,83.04,77.91
9.18,9.18,66.41,69.48,73.73
5.96,5.96,81.54,63.73,72.42
1.39,1.39,86.67,67.36,70.55
2.95,2.95,89.69,66.74,72.73
8.50,8.50,90.76,69.48,73.09
10.98,10.98,90.70,71.52,72.78
13.60,13.60,84.08,72.44,70.02
15.57,15.57,81.93,70.04,71.06
16.45,16.45,82.61,69.88,71.23
16.62,16.62,76.76,71.53,73.56
13.24,13.24,77.74,76.65,72.56
11.67,11.67,75.58,80.30,72.48
10.59,10.59,73.28,80.65,70.90
9.49,9.49,71.80,82.82,71.65
10.86,10.86,72.61,84.07,72.37
10.98,10.98,73.48,83.56,72.07
8.98,8.98,71.53,82.68,71.75
6.19,6.19,71.15,81.96,72.09
7.34,7.34,70.39,81.04,72.86
8.31,8.31,69.30,79.86,73.67
5.07,5.07,67.80,79.26,73.61
5.42,5.42,65.50,80.47,75.27
7.74,7.74,66.08,82.69,75.97
7.27,7.27,65.40,81.97,76.84
5.24,5.24,64.65,80.65,78.00
2.63,2.63,64.16,80.21,78.12
4.22,4.22,63.92,80.55,79.51
4.50,4.50,65.46,80.35,77.64
5.95,5.95,68.38,83.63,76.53
8.34,8.34,74.67,82.93,71.81
8.27,8.27,74.10,82.45,71.99
9.65,9.65,71.95,83.15,74.26
15.89,15.89,70.17,84.19,74.76
18.05,18.05,68.69,82.84,76.32
16.15,16.15,67.64,84.03,74.66
11.17,11.17,64.10,83.64,73.43
12.79,12.79,64.50,83.26,72.46
13.40,13.40,63.62,83.83,70.68
11.66,11.66,62.40,84.14,71.67
9.81,9.81,60.24,84.68,70.44
5.76,5.76,62.86,85.70,71.98
2.12,2.12,64.87,84.08,69.73
4.13,4.13,72.28,82.58,72.64
6.00,6.00,86.46,75.53,74.17
5.55,5.55,87.70,69.09,75.96
8.01,8.01,91.65,64.96,74.91
7.72,7.72,89.99,72.62,75.59
8.05,8.05,87.52,76.01,76.62
9.95,9.95,89.96,74.42,75.49
11.99,11.99,83.54,69.57,77.45
14.29,14.29,79.79,70.14,77.50
19.19,19.19,76.87,73.72,79.95
23.24,23.24,73.59,79.66,79.54
27.50,27.50,70.89,79.50,80.78
24.89,24.89,62.88,79.69,79.70
13.39,13.39,64.11,83.08,75.33
8.88,8.88,73.40,82.62,73.53
9.04,9.04,84.18,83.65,73.29
10.78,10.78,80.15,82.89,73.11
11.01,11.01,76.25,83.16,73.54
11.69,11.69,73.98,81.58,71.62
12.24,12.24,72.63,82.29,75.40
12.25,12.25,68.95,83.63,72.78
12.64,12.64,67.94,84.72,74.60
17.41,17.41,65.55,83.77,75.73
21.74,21.74,63.68,83.71,74.48
22.66,22.66,62.43,83.82,74.21
23.31,23.31,61.10,84.05,72.46
17.35,17.35,61.43,83.97,72.37
9.03,9.03,58.00,84.97,71.60
5.44,5.44,65.31,84.72,69.70
6.03,6.03,65.32,83.73,70.79
11.88,11.88,60.98,83.96,72.25
19.51,19.51,58.88,83.63,72.04
23.14,23.14,57.98,84.29,74.52
25.15,25.15,57.89,84.64,73.81
27.60,27.60,57.18,83.71,76.34
29.17,29.17,55.63,82.03,75.32
31.44,31.44,52.99,81.67,75.27
33.74,33.74,51.92,82.28,75.55
33.78,33.78,49.76,82.45,75.43
31.83,31.83,52.62,83.75,76.27
26.57,26.57,57.44,82.41,75.92
13.33,13.33,62.28,82.27,75.03
7.36,7.36,72.11,83.21,73.42
8.54,8.54,72.86,83.16,72.22
8.98,8.98,70.13,83.80,71.97
9.21,9.21,69.15,85.21,73.37
9.85,9.85,65.34,84.88,73.67
13.28,13.28,64.23,83.51,73.17
20.04,20.04,61.27,83.67,73.38
25.12,25.12,57.96,83.64,72.96
25.41,25.41,55.55,84.47,73.95
23.98,23.98,54.53,85.19,74.09
21.24,21.24,53.02,84.39,73.57
20.55,20.55,55.91,84.11,73.28
17.72,17.72,58.01,83.86,72.27
6.23,6.23,60.66,83.59,71.16
2.30,2.30,69.58,83.08,71.75
5.99,5.99,68.90,75.79,69.31
13.19,13.19,68.15,72.59,71.55
19.38,19.38,74.04,67.44,71.39
21.93,21.93,74.34,71.37,72.73
23.93,23.93,73.01,77.42,74.29
26.22,26.22,69.14,79.30,75.20
27.90,27.90,61.54,81.33,75.71
27.60,27.60,56.86,82.67,78.18
27.98,27.98,55.08,81.58,77.80
28.55,28.55,54.87,83.57,78.01
26.91,26.91,54.23,81.88,78.96
19.94,19.94,59.10,81.49,76.77
5.02,5.02,60.10,81.90,72.10
0.00,0.00,70.60,83.47,72.86
1.28,1.28,63.33,84.07,67.32
6.01,6.01,60.40,84.35,71.08
11.69,11.69,58.19,85.18,72.09
10.95,10.95,57.29,85.04,72.60
6.56,6.56,61.40,84.89,69.18
0.65,0.65,63.16,85.09,70.93
1.52,1.52,70.01,84.70,70.14
3.40,3.40,61.99,84.44,71.92
8.42,8.42,56.26,83.30,67.94
11.82,11.82,51.14,84.27,68.98
13.27,13.27,54.09,84.43,68.82
8.94,8.94,58.91,84.52,69.74
2.40,2.40,67.38,84.09,73.35
1.12,1.12,87.12,80.97,73.50
4.16,4.16,88.15,83.79,73.22
12.42,12.42,75.32,85.62,74.24
17.14,17.14,72.41,84.51,73.80
20.82,20.82,74.31,82.69,72.38
24.48,24.48,66.45,81.83,73.41
28.24,28.24,76.42,83.00,74.99
32.13,32.13,74.93,84.15,75.59
34.76,34.76,69.54,84.60,78.05
35.69,35.69,67.51,84.50,78.31
34.47,34.47,61.34,77.28,78.11
31.61,31.61,60.85,75.83,77.71
21.64,21.64,67.04,78.29,72.13
7.17,7.17,75.50,78.43,68.70
1.85,1.85,87.78,77.30,67.58
3.67,3.67,87.57,73.36,65.80
11.73,11.73,88.68,68.89,70.96
16.90,16.90,86.92,70.08,70.76
16.42,16.42,79.40,69.12,69.77
14.69,14.69,76.44,73.84,70.60
19.54,19.54,72.55,78.42,70.93
22.39,22.39,74.95,81.79,70.92
25.33,25.33,65.30,83.33,72.11
25.85,25.85,63.64,83.17,73.26
24.88,24.88,50.78,83.51,73.86
20.82,20.82,54.12,84.14,73.52
11.42,11.42,54.66,84.20,70.77
11.14,11.14,63.56,84.30,74.53
14.54,14.54,66.56,84.36,74.09
15.49,15.49,57.43,84.43,73.02
20.72,20.72,52.78,84.76,72.40
25.01,25.01,50.21,84.88,74.31
27.43,27.43,47.66,84.39,73.80
29.43,29.43,44.07,84.39,75.28
29.33,29.33,42.45,84.64,75.21
31.17,31.17,43.04,84.91,76.35
34.08,34.08,44.30,84.53,77.54
35.89,35.89,44.39,84.55,75.34
35.99,35.99,49.52,84.80,76.75
29.72,29.72,57.51,84.52,76.21
16.11,16.11,63.32,83.20,69.13
12.29,12.29,75.70,84.10,65.97
15.45,15.45,83.31,84.63,67.59
16.61,16.61,78.93,83.31,66.23
17.35,17.35,74.07,83.76,65.69
16.69,16.69,72.21,83.79,65.42
20.30,20.30,70.74,84.37,65.69
22.06,22.06,66.91,83.56,70.37
22.15,22.15,65.50,85.28,72.30
23.73,23.73,61.96,84.43,76.31
25.78,25.78,58.89,84.26,72.12
27.00,27.00,59.26,84.47,70.74
26.30,26.30,60.30,84.65,68.70
24.47,24.47,62.36,85.27,66.09
20.18,20.18,68.09,86.01,65.15
18.23,18.23,82.95,84.04,68.78
8.57,8.57,88.85,72.61,62.79
11.15,11.15,90.64,70.29,68.29
20.71,20.71,86.67,70.57,69.99
25.48,25.48,78.41,67.40,72.13
28.83,28.83,79.71,68.12,70.53
28.67,28.67,70.44,68.22,72.09
31.16,31.16,77.44,77.93,74.87
33.73,33.73,64.51,79.03,73.94
36.39,36.39,69.14,79.90,76.15
37.30,37.30,52.47,82.60,77.50
34.60,34.60,53.45,83.54,77.54
26.16,26.16,55.65,83.74,74.65
13.80,13.80,61.49,83.15,74.05
8.28,8.28,74.91,82.13,74.50
6.08,6.08,72.65,82.93,73.08
10.48,10.48,70.10,83.40,72.54
13.37,13.37,67.99,82.63,75.87
13.41,13.41,67.79,83.44,74.58
18.81,18.81,64.20,83.45,75.42
22.19,22.19,59.92,84.13,73.81
25.33,25.33,59.51,84.35,72.47
25.88,25.88,57.19,83.84,70.72
30.54,30.54,50.88,83.68,68.32
32.58,32.58,50.11,84.91,71.41
27.25,27.25,55.45,84.89,72.23
21.91,21.91,65.95,84.83,73.28
15.74,15.74,69.53,84.53,74.16
11.31,11.31,83.86,82.43,76.11
12.47,12.47,85.58,73.94,75.60
16.73,16.73,80.99,68.78,73.81
22.83,22.83,84.15,68.58,74.17
29.48,29.48,81.89,67.81,74.56
32.91,32.91,79.63,67.94,73.21
33.06,33.06,80.78,69.53,72.91
34.81,34.81,78.64,72.86,75.35
35.65,35.65,69.43,75.49,76.46
38.16,38.16,69.15,81.09,79.31
36.85,36.85,55.53,79.64,79.65
34.42,34.42,58.11,80.83,80.28
21.76,21.76,66.08,78.09,76.29
15.93,15.93,74.13,76.04,71.11
10.22,10.22,89.32,59.91,71.62
11.84,11.84,86.90,55.18,71.19
10.56,10.56,89.02,63.76,72.39
9.29,9.29,88.11,72.17,72.05
6.89,6.89,83.20,71.92,72.81
7.74,7.74,82.31,65.92,72.53
8.03,8.03,77.76,60.05,70.42
11.22,11.22,73.08,62.97,71.85
17.98,17.98,72.70,74.26,70.85
22.62,22.62,66.80,76.41,71.57
23.29,23.29,59.34,78.61,71.06
22.43,22.43,55.60,78.53,71.46
13.26,13.26,55.27,75.42,69.35
7.19,7.19,62.13,76.65,66.53
8.26,8.26,65.50,74.47,69.37
15.57,15.57,59.00,75.76,69.55
20.77,20.77,54.61,74.47,72.78
26.18,26.18,52.74,75.63,71.09
26.86,26.86,52.97,76.60,74.02
25.52,25.52,54.15,74.48,73.24
27.39,27.39,53.86,75.64,75.12
26.85,26.85,54.80,73.87,75.12
27.71,27.71,55.09,74.92,75.55
27.28,27.28,55.95,78.05,76.65
21.94,21.94,57.96,72.72,75.85
13.90,13.90,61.49,78.29,79.44
6.65,6.65,64.62,73.17,75.01
6.00,6.00,70.06,76.90,74.23
4.16,4.16,75.00,76.53,69.55
4.37,4.37,71.24,75.20,69.00
8.27,8.27,69.02,78.27,69.56
14.42,14.42,67.22,74.29,72.01
15.95,15.95,62.81,77.48,70.97
17.69,17.69,58.09,75.28,69.21
25.02,25.02,54.30,74.14,67.88
29.45,29.45,51.28,77.97,70.26
33.55,33.55,50.81,73.78,68.43
36.34,36.34,53.08,77.20,69.99
35.66,35.66,55.24,72.46,68.84
31.83,31.83,60.98,73.56,68.06
22.40,22.40,69.16,72.29,67.44
16.54,16.54,81.57,76.30,72.59
12.58,12.58,88.56,67.64,68.11
16.65,16.65,88.48,58.74,71.16
19.49,19.49,85.57,68.87,70.12
22.17,22.17,81.56,68.72,73.20
24.89,24.89,81.23,61.22,72.81
23.37,23.37,77.00,65.80,74.56
22.72,22.72,71.66,65.26,73.44
21.51,21.51,66.63,66.51,77.60
21.16,21.16,64.06,68.26,75.59
21.23,21.23,63.59,77.46,76.08
23.79,23.79,62.09,74.42,78.31
19.14,19.14,64.73,74.97,76.74
13.93,13.93,68.97,75.81,76.08
12.75,12.75,81.16,73.41,75.03
12.05,12.05,83.46,74.70,74.17
16.64,16.64,79.08,75.59,74.60
20.89,20.89,74.09,76.96,75.77
23.02,23.02,73.40,69.87,77.14
21.10,21.10,72.32,72.30,75.07
18.14,18.14,69.45,73.10,74.15
22.21,22.21,66.79,75.03,76.83
24.33,24.33,64.19,76.11,77.48
22.72,22.72,64.24,73.66,76.91
19.19,19.19,63.37,75.46,75.08
16.22,16.22,61.67,76.52,73.67
8.56,8.56,59.36,76.43,72.09
1.92,1.92,58.61,78.64,70.72
1.07,1.07,69.55,73.23,72.39
2.42,2.42,63.36,76.49,74.34
10.37,10.37,62.24,74.20,74.78
16.84,16.84,60.94,74.25,74.12
18.52,18.52,59.28,78.33,74.65
22.06,22.06,58.74,74.44,76.39
25.70,25.70,57.21,77.97,76.05
30.62,30.62,52.77,72.49,72.18
35.67,35.67,47.38,74.94,73.51
34.87,34.87,43.53,75.18,72.72
32.75,32.75,41.31,73.45,73.60
31.67,31.67,47.37,80.57,73.64
22.77,22.77,55.04,76.52,74.08
5.65,5.65,60.82,77.14,74.00
1.95,1.95,75.51,75.74,71.59
2.21,2.21,69.88,76.98,73.35
1.65,1.65,67.64,76.93,71.25
1.77,1.77,66.94,77.62,73.15
6.46,6.46,65.43,78.29,73.76
10.12,10.12,62.15,73.58,72.16
11.62,11.62,61.27,77.78,70.41
16.03,16.03,60.46,76.89,72.78
14.70,14.70,59.97,76.64,71.36
17.39,17.39,58.15,79.97,71.37
20.41,20.41,59.44,76.59,68.19
19.43,19.43,59.34,80.32,68.96
12.56,12.56,58.80,75.21,69.99
5.03,5.03,62.65,77.53,71.32
9.69,9.69,65.83,75.61,71.61
19.57,19.57,59.36,75.51,72.12
27.82,27.82,56.59,78.87,70.44
35.25,35.25,55.75,73.56,73.33
39.50,39.50,56.34,78.50,71.26
36.99,36.99,55.19,74.97,73.64
38.28,38.28,54.54,76.71,74.73
35.19,35.19,56.67,74.92,75.68
33.51,33.51,57.55,73.10,75.77
31.11,31.11,58.05,79.03,78.41
30.36,30.36,60.58,74.15,77.02
26.39,26.39,59.77,77.54,79.24
13.96,13.96,62.04,74.87,77.51
4.13,4.13,68.10,74.95,74.88
1.99,1.99,67.84,78.89,73.93
4.25,4.25,62.95,77.76,72.02
12.92,12.92,61.82,80.59,71.93
17.48,17.48,60.10,72.52,72.19
17.81,17.81,59.37,77.96,69.43
9.02,9.02,60.37,73.88,68.68
2.73,2.73,68.62,75.43,69.40
4.00,4.00,67.64,78.87,69.53
9.40,9.40,61.77,76.16,69.19
15.76,15.76,59.23,79.49,67.32
18.31,18.31,59.21,73.32,68.98
15.94,15.94,60.94,77.41,68.56
8.47,8.47,68.03,72.60,65.73
10.34,10.34,79.83,74.96,68.92
12.00,12.00,89.02,69.20,67.49
21.59,21.59,85.08,71.15,70.84
28.12,28.12,68.00,65.55,72.64
35.18,35.18,74.04,63.84,72.88
37.71,37.71,82.20,67.54,75.20
37.54,37.54,82.56,71.41,77.41
38.13,38.13,78.93,69.38,76.54
36.15,36.15,74.02,70.30,78.03
36.66,36.66,71.53,77.73,78.29
37.83,37.83,66.37,79.74,78.66
34.86,34.86,64.09,79.25,78.98
27.45,27.45,66.32,80.09,78.02
14.15,14.15,70.28,81.41,73.50
4.21,4.21,83.16,77.03,74.33
2.68,2.68,89.28,69.41,67.37
6.85,6.85,90.54,62.02,69.50
13.34,13.34,91.53,62.37,69.62
18.85,18.85,90.97,62.70,71.88
25.02,25.02,86.49,64.79,72.63
31.86,31.86,84.92,69.34,73.40
38.87,38.87,81.07,65.67,70.24
39.47,39.47,78.45,71.10,71.45
39.80,39.80,77.53,80.38,70.11
38.19,38.19,67.36,80.82,72.47
32.62,32.62,62.52,82.95,73.11
27.66,27.66,59.66,80.91,73.25
15.78,15.78,60.04,82.63,72.22
13.68,13.68,69.20,81.46,71.98
14.99,14.99,64.12,81.69,70.76
23.49,23.49,62.30,80.23,72.03
30.78,30.78,60.92,83.53,70.74
34.85,34.85,61.71,81.20,72.37
33.98,33.98,61.59,82.82,73.95
37.41,37.41,60.68,81.56,75.09
40.28,40.28,60.10,80.61,76.54
39.64,39.64,60.01,82.86,77.38
38.93,38.93,59.76,80.08,79.36
40.06,40.06,59.68,82.15,80.48
33.04,33.04,61.68,81.43,79.66
26.46,26.46,67.53,81.85,77.99
15.67,15.67,69.44,83.01,75.03
12.89,12.89,82.82,79.76,73.85
18.21,18.21,81.29,82.06,72.96
20.63,20.63,76.97,80.78,73.01
22.94,22.94,73.81,78.58,75.59
24.46,24.46,73.40,82.40,74.86
25.10,25.10,69.93,79.57,72.10
26.46,26.46,67.61,78.56,73.09
28.49,28.49,66.74,82.56,73.93
29.02,29.02,63.61,79.61,71.51
30.49,30.49,62.46,80.40,73.46
25.66,25.66,63.27,81.96,69.88
22.45,22.45,62.91,79.11,71.94
12.69,12.69,61.31,82.59,70.65
5.63,5.63,63.89,80.19,70.07
7.34,7.34,68.80,81.58,70.31
12.59,12.59,63.96,83.27,72.27
19.50,19.50,62.04,80.19,72.75
21.96,21.96,60.45,82.44,71.77
23.17,23.17,59.66,83.40,71.34
26.46,26.46,59.88,80.45,72.62
30.40,30.40,57.89,83.12,72.49
34.20,34.20,55.21,82.65,73.28
37.91,37.91,53.11,80.41,73.42
40.47,40.47,52.66,83.64,75.45
40.75,40.75,53.30,81.71,76.69
34.46,34.46,58.18,81.46,76.58
22.18,22.18,64.28,81.11,74.37
12.67,12.67,73.44,80.26,71.27
11.10,11.10,82.97,77.59,74.73
16.55,16.55,80.58,69.03,73.88
19.16,19.16,77.93,63.85,76.62
22.59,22.59,77.46,67.18,74.30
28.49,28.49,76.65,73.25,77.12
33.48,33.48,71.04,77.39,75.82
37.04,37.04,63.26,81.33,74.47
40.81,40.81,59.29,79.42,75.86
43.03,43.03,55.81,79.88,74.32
41.07,41.07,53.81,81.76,72.29
41.05,41.05,55.62,79.34,72.93
34.77,34.77,59.15,82.39,70.27
22.04,22.04,62.33,78.37,70.92
13.28,13.28,72.12,81.42,72.10
19.35,19.35,80.86,79.81,76.01
29.27,29.27,75.10,81.65,75.86
33.99,33.99,66.82,78.07,73.55
36.02,36.02,61.01,81.44,73.81
38.93,38.93,58.01,79.67,73.26
38.73,38.73,56.22,80.23,74.37
35.88,35.88,56.03,81.54,75.67
32.79,32.79,53.20,81.11,75.66
32.98,32.98,54.37,82.03,75.35
33.56,33.56,55.10,79.39,76.78
31.73,31.73,56.60,81.73,75.83
24.49,24.49,61.56,81.62,76.24
12.26,12.26,69.60,80.58,72.63
11.93,11.93,79.80,82.24,73.73
7.64,7.64,88.13,65.91,68.87
11.42,11.42,88.60,66.92,73.18
17.53,17.53,91.30,67.32,72.66
19.93,19.93,87.70,67.25,75.25
17.53,17.53,78.88,62.13,74.10
13.71,13.71,79.66,66.87,72.54
19.13,19.13,80.67,67.09,72.67
17.85,17.85,71.88,69.80,71.70
20.39,20.39,75.77,76.74,71.67
22.04,22.04,65.80,80.50,72.32
20.48,20.48,60.40,80.26,71.90
13.14,13.14,60.25,82.27,72.57
8.83,8.83,61.40,82.90,71.71
12.08,12.08,69.92,82.47,72.34
7.74,7.74,63.84,79.15,72.56
10.20,10.20,59.54,80.12,72.81
16.55,16.55,57.69,80.27,73.89
19.35,19.35,55.46,80.70,73.83
18.41,18.41,54.67,82.10,75.42
22.29,22.29,53.88,81.97,76.63
25.57,25.57,51.89,82.36,75.10
30.20,30.20,51.93,81.95,78.16
30.26,30.26,52.65,82.19,79.23
30.40,30.40,53.53,81.00,79.42
25.53,25.53,54.32,80.44,79.16
15.16,15.16,60.18,82.95,77.68
6.45,6.45,65.05,82.00,73.48
4.62,4.62,73.99,82.03,73.33
3.05,3.05,74.79,83.24,70.08
4.44,4.44,70.64,83.19,70.38
6.89,6.89,68.98,83.86,72.39
8.95,8.95,66.83,84.65,72.46
14.88,14.88,63.83,84.42,71.04
22.59,22.59,58.66,83.72,71.97
26.52,26.52,54.43,84.00,72.45
28.07,28.07,49.60,84.35,71.96
25.55,25.55,49.33,85.15,72.44
24.86,24.86,49.06,86.37,71.75
22.72,22.72,55.43,85.08,70.71
16.07,16.07,62.87,84.40,69.19
11.03,11.03,71.40,84.08,69.52
12.68,12.68,86.43,77.02,72.18
10.73,10.73,88.25,66.53,69.34
11.79,11.79,91.28,64.33,70.56
13.84,13.84,90.18,73.52,71.07
17.80,17.80,86.28,77.08,71.81
20.91,20.91,82.23,76.21,73.14
24.01,24.01,81.64,73.74,76.39
26.10,26.10,76.91,70.10,76.90
29.78,29.78,76.58,77.20,78.20
29.29,29.29,71.16,80.91,79.47
31.00,31.00,58.18,81.35,79.69
28.26,28.26,60.39,82.73,78.56
17.50,17.50,64.50,83.47,74.96
12.05,12.05,73.36,82.71,71.16
9.24,9.24,83.98,83.84,70.20
10.79,10.79,80.79,83.78,69.67
11.79,11.79,76.81,83.94,70.54
12.86,12.86,74.48,84.37,68.30
12.38,12.38,71.69,84.08,72.30
14.00,14.00,70.51,85.12,73.45
15.81,15.81,67.32,84.50,74.07
16.95,16.95,65.07,84.26,75.81
22.74,22.74,62.68,83.85,75.08
24.47,24.47,62.08,84.09,73.08
27.06,27.06,62.50,84.48,71.42
20.95,20.95,62.02,85.37,71.38
10.43,10.43,60.21,85.16,69.65
8.96,8.96,65.40,83.44,66.98
9.42,9.42,67.79,83.95,68.88
11.26,11.26,62.26,83.29,69.63
17.48,17.48,60.07,83.65,70.43
23.23,23.23,58.27,84.33,71.86
25.58,25.58,57.60,83.41,72.46
28.99,28.99,53.70,82.18,73.77
29.68,29.68,50.19,82.86,74.04
28.10,28.10,45.13,82.47,74.20
29.13,29.13,44.73,81.86,75.20
28.35,28.35,43.45,83.38,74.94
28.37,28.37,47.23,84.61,75.76
23.69,23.69,55.86,81.82,73.08
11.03,11.03,59.35,82.22,72.20
3.76,3.76,69.76,82.68,70.78
2.35,2.35,73.01,83.33,70.91
2.49,2.49,69.47,84.57,71.93
3.10,3.10,68.13,83.70,74.47
6.28,6.28,64.96,83.28,72.76
11.65,11.65,63.43,83.73,73.31
20.10,20.10,60.88,84.28,71.93
26.02,26.02,57.34,84.21,71.55
27.06,27.06,52.07,85.69,71.14
28.31,28.31,49.92,85.16,69.74
26.05,26.05,50.33,84.51,70.45
24.77,24.77,49.92,84.54,70.82
20.48,20.48,56.02,84.52,70.61
9.85,9.85,58.73,84.90,69.34
7.69,7.69,68.65,85.04,69.42
9.54,9.54,62.35,85.45,71.03
17.03,17.03,55.76,82.74,71.53
21.43,21.43,50.66,84.16,72.39
26.02,26.02,47.53,84.55,71.70
26.48,26.48,45.09,84.91,73.14
26.35,26.35,42.73,85.55,74.41
30.84,30.84,43.62,85.47,75.60
30.85,30.85,45.46,84.32,78.19
30.09,30.09,44.82,84.18,77.14
27.83,27.83,46.92,83.82,79.36
27.51,27.51,50.62,84.76,79.28
19.95,19.95,55.67,85.77,77.99
4.81,4.81,58.69,84.83,76.37
0.64,0.64,69.11,84.61,75.52
2.81,2.81,64.46,84.43,71.49
12.70,12.70,61.28,84.40,72.97
16.91,16.91,57.27,84.47,69.95
14.91,14.91,54.89,85.61,70.98
13.09,13.09,59.94,85.72,71.91
6.96,6.96,62.34,84.44,70.56
4.92,4.92,70.54,84.16,69.30
6.43,6.43,61.41,83.73,70.63
15.08,15.08,54.95,71.91,71.59
16.78,16.78,47.88,65.57,70.89
17.70,17.70,50.46,65.37,71.25
12.85,12.85,60.37,63.02,69.62
4.66,4.66,64.99,62.93,67.51
3.29,3.29,85.28,67.38,68.28
6.46,6.46,86.77,63.97,72.37
12.42,12.42,81.02,64.39,71.52
17.69,17.69,80.10,64.85,73.09
22.61,22.61,78.55,61.31,73.48
27.84,27.84,83.78,62.77,73.30
29.84,29.84,79.30,63.75,75.84
32.68,32.68,83.37,65.83,76.81
34.11,34.11,80.18,72.15,77.40
35.47,35.47,76.45,78.71,78.68
36.93,36.93,68.45,80.98,79.24
34.91,34.91,59.21,83.53,78.15
22.26,22.26,65.01,85.05,76.71
7.64,7.64,74.73,83.75,72.35
1.62,1.62,87.85,81.56,70.35
6.55,6.55,85.16,84.32,69.01
8.75,8.75,75.26,85.18,70.77
13.98,13.98,75.52,84.08,71.14
20.73,20.73,77.84,84.73,68.98
24.77,24.77,72.12,83.57,72.09
23.36,23.36,73.72,83.21,71.24
26.37,26.37,74.14,85.98,70.84
26.83,26.83,66.85,85.77,71.92
28.10,28.10,63.94,85.19,71.07
24.69,24.69,51.69,86.20,72.37
21.45,21.45,52.52,86.49,72.18
14.58,14.58,54.95,86.38,68.79
16.17,16.17,61.19,86.15,68.24
16.10,16.10,67.99,86.48,68.46
15.75,15.75,55.74,86.33,70.10
20.33,20.33,52.40,86.02,71.86
24.25,24.25,47.55,86.18,74.01
28.12,28.12,45.29,86.15,74.86
31.43,31.43,43.07,85.91,77.11
32.06,32.06,42.91,85.53,77.94
34.00,34.00,42.28,85.44,77.68
35.96,35.96,42.85,85.42,77.95
36.63,36.63,42.55,85.55,77.22
35.22,35.22,47.15,85.09,76.83
29.95,29.95,57.14,84.59,77.02
17.29,17.29,64.81,84.08,74.22
9.56,9.56,75.61,85.47,69.28
14.75,14.75,82.55,85.88,66.39
20.39,20.39,78.88,85.98,69.03
22.49,22.49,75.02,85.09,67.14
21.58,21.58,72.64,85.66,67.22
24.02,24.02,71.16,85.35,68.40
25.05,25.05,68.18,86.30,69.89
22.16,22.16,65.81,86.41,72.13
24.11,24.11,61.23,85.77,75.36
27.82,27.82,59.75,86.60,72.22
29.35,29.35,58.60,85.65,71.97
29.88,29.88,59.19,85.51,69.31
28.06,28.06,60.81,85.22,68.11
18.41,18.41,67.82,85.79,65.45
7.32,7.32,81.11,82.87,70.51
7.40,7.40,89.08,71.57,64.94
12.96,12.96,89.65,71.23,71.00
21.29,21.29,86.52,70.26,70.78
26.72,26.72,77.19,63.75,71.77
29.69,29.69,82.33,64.13,69.67
30.87,30.87,77.38,66.11,72.59
35.48,35.48,82.31,72.97,71.77
35.94,35.94,73.36,75.28,71.54
38.35,38.35,75.14,76.98,75.24
37.85,37.85,63.30,82.56,73.67
35.02,35.02,55.29,84.64,74.51
28.08,28.08,55.42,83.85,74.45
18.80,18.80,61.47,83.75,72.90
13.91,13.91,73.28,82.82,73.78
6.55,6.55,72.19,82.07,73.34
1.33,1.33,70.40,83.01,71.88
5.45,5.45,67.96,83.57,74.19
13.75,13.75,65.96,83.93,74.10
20.95,20.95,62.83,84.44,76.35
25.61,25.61,58.47,84.92,76.70
26.31,26.31,56.47,85.10,75.33
26.83,26.83,51.74,84.97,74.58
27.00,27.00,47.65,85.05,73.64
26.83,26.83,46.67,85.44,74.65
25.02,25.02,49.39,81.08,73.75
21.47,21.47,57.36,71.96,74.19
11.23,11.23,64.42,69.50,73.77
6.92,6.92,73.65,69.28,72.64
9.88,9.88,73.70,73.49,70.25
15.78,15.78,78.41,69.36,73.31
22.19,22.19,82.13,69.63,74.30
29.71,29.71,83.25,69.54,72.61
32.63,32.63,82.75,70.34,74.90
32.25,32.25,82.41,74.83,75.36
34.65,34.65,78.80,78.26,77.41
36.46,36.46,73.59,82.01,77.81
37.67,37.67,66.64,82.95,78.89
37.20,37.20,57.75,79.92,80.66
34.30,34.30,53.15,81.21,80.87
23.27,23.27,66.19,82.78,77.35
14.83,14.83,69.70,78.70,72.56
6.39,6.39,86.99,67.01,73.13
3.19,3.19,87.20,70.13,74.32
8.08,8.08,88.52,70.36,75.38
10.53,10.53,86.41,77.50,76.43
12.44,12.44,85.17,74.36,74.79
15.17,15.17,82.55,73.50,75.65
10.57,10.57,77.63,69.78,74.78
8.12,8.12,73.89,74.94,74.01
9.34,9.34,72.68,79.23,74.54
13.31,13.31,71.60,75.80,76.67
18.19,18.19,65.65,74.54,76.06
16.58,16.58,62.45,81.58,77.70
10.62,10.62,60.72,79.90,77.75
8.13,8.13,65.10,76.44,77.42
6.24,6.24,64.98,83.31,72.27
8.24,8.24,59.88,80.73,74.58
15.14,15.14,59.39,75.66,77.44
14.04,14.04,62.06,82.92,76.28
12.20,12.20,61.85,77.88,78.17
16.31,16.31,60.76,80.29,77.69
22.93,22.93,58.85,80.75,79.50
27.59,27.59,56.87,79.57,78.31
27.15,27.15,57.77,82.99,79.04
26.81,26.81,60.25,80.75,80.80
27.20,27.20,62.05,80.36,78.80
23.60,23.60,63.90,83.72,79.50
15.82,15.82,63.83,77.62,76.59
7.73,7.73,68.93,84.37,78.67
9.24,9.24,74.06,77.30,76.09
5.86,5.86,71.88,84.15,74.80
6.42,6.42,69.55,80.86,75.55
7.69,7.69,67.65,79.51,73.92
12.75,12.75,63.63,83.35,73.93
20.14,20.14,58.29,79.85,75.07
26.53,26.53,54.30,83.95,75.22
31.46,31.46,52.72,78.40,74.85
31.99,31.99,52.08,79.56,74.39
35.89,35.89,53.58,81.75,72.92
34.71,34.71,55.88,77.67,75.39
30.82,30.82,61.38,83.98,74.77
23.06,23.06,70.08,77.68,69.44
21.41,21.41,80.32,81.74,75.08
16.31,16.31,87.16,71.72,73.91
14.80,14.80,86.85,71.14,77.08
18.15,18.15,88.77,71.08,73.73
21.77,21.77,83.45,71.11,76.03
21.04,21.04,80.73,69.18,77.24
20.33,20.33,77.65,69.96,75.31
20.40,20.40,73.53,71.92,78.66
19.13,19.13,66.38,75.97,76.82
19.02,19.02,63.73,73.76,79.05
15.09,15.09,64.44,79.88,80.49
16.06,16.06,62.71,75.54,80.29
14.16,14.16,62.95,77.04,81.78
13.69,13.69,65.82,81.90,79.63
13.95,13.95,76.26,76.85,76.38
14.22,14.22,81.02,74.21,76.16
18.41,18.41,75.68,81.87,75.90
21.76,21.76,70.55,76.61,76.28
22.33,22.33,66.64,78.05,75.85
23.28,23.28,64.83,80.27,74.19
23.53,23.53,61.50,73.38,74.21
25.39,25.39,61.01,81.83,76.04
21.83,21.83,61.09,77.71,75.04
19.18,19.18,61.47,78.70,76.01
17.96,17.96,62.33,82.34,75.12
11.29,11.29,61.30,80.08,76.98
3.69,3.69,60.47,82.69,74.06
1.88,1.88,60.23,80.13,73.17
2.54,2.54,69.11,79.44,72.84
2.59,2.59,64.15,81.31,75.90
6.22,6.22,62.86,78.24,74.39
9.23,9.23,64.06,80.81,75.07
7.75,7.75,63.88,78.22,75.82
11.51,11.51,63.34,81.99,76.83
16.18,16.18,60.96,80.90,76.30
22.22,22.22,56.09,75.06,75.45
25.04,25.04,52.21,80.68,73.88
24.90,24.90,49.41,78.39,74.72
23.03,23.03,46.87,81.06,75.14
22.11,22.11,50.83,78.89,74.48
12.65,12.65,56.09,80.95,76.01
3.17,3.17,61.27,81.26,76.10
3.76,3.76,75.00,76.02,78.85
3.79,3.79,71.99,82.17,76.44
8.06,8.06,69.15,77.50,75.21
11.50,11.50,68.38,83.16,74.80
10.28,10.28,66.97,76.33,74.57
4.53,4.53,64.62,78.12,76.30
5.19,5.19,64.05,82.21,77.22
4.63,4.63,63.61,74.81,77.55
7.87,7.87,62.69,82.70,75.78
17.44,17.44,62.08,76.13,76.59
11.53,11.53,60.71,83.44,75.99
6.33,6.33,61.26,79.64,77.74
4.01,4.01,62.13,75.78,77.60
2.94,2.94,64.55,81.85,76.75
2.90,2.90,67.53,78.04,74.34
4.21,4.21,61.82,82.93,74.51
9.63,9.63,59.92,76.95,76.62
11.35,11.35,62.79,80.90,75.10
14.84,14.84,62.83,81.00,75.58
12.00,12.00,62.33,73.92,74.44
15.00,15.00,62.28,81.75,74.93
18.88,18.88,62.52,78.66,75.15
15.20,15.20,63.65,81.44,77.28
8.92,8.92,63.97,77.67,77.53
2.37,2.37,63.24,79.92,80.53
1.03,1.03,64.36,81.35,77.85
0.44,0.44,65.68,76.20,76.92
0.09,0.09,67.99,83.63,73.65
-0.00,-0.00,66.78,77.27,68.51
2.67,2.67,60.37,82.72,69.26
10.71,10.71,56.61,78.86,72.76
15.96,15.96,54.13,78.40,72.74
16.73,16.73,54.53,81.14,73.90
8.71,8.71,58.48,76.31,74.17
0.96,0.96,64.20,82.85,74.69
0.80,0.80,66.65,78.06,73.88
8.28,8.28,57.43,82.89,74.38
15.18,15.18,51.52,79.55,74.20
20.22,20.22,49.63,76.74,73.98
18.09,18.09,53.56,83.10,76.03
9.60,9.60,67.24,77.69,75.17
0.55,0.55,74.57,83.47,72.30
1.19,1.19,84.22,73.68,75.17
10.92,10.92,80.99,63.67,73.59
20.11,20.11,78.92,63.18,73.72
25.47,25.47,82.53,49.97,71.98
28.44,28.44,81.81,57.88,72.40
27.61,27.61,79.26,65.14,76.11
28.33,28.33,76.85,70.02,75.00
28.14,28.14,75.46,71.65,74.60
27.17,27.17,71.68,72.75,75.20
29.80,29.80,70.19,78.51,76.18
29.29,29.29,60.24,76.70,77.63
25.23,25.23,61.59,74.24,74.29
12.88,12.88,67.56,80.38,70.63
3.23,3.23,82.03,73.71,70.98
6.34,6.34,88.63,65.86,70.06
7.22,7.22,83.04,62.24,68.78
7.17,7.17,85.17,60.38,69.95
5.32,5.32,85.92,59.73,73.58
7.57,7.57,85.52,65.08,73.32
11.74,11.74,80.75,66.43,74.16
18.81,18.81,76.76,74.02,73.97
22.15,22.15,74.66,73.78,73.10
24.86,24.86,70.21,76.11,72.78
25.47,25.47,68.23,81.75,75.77
24.64,24.64,54.15,76.20,72.49
18.44,18.44,52.94,77.64,77.04
8.58,8.58,56.20,81.55,75.20
3.46,3.46,68.39,77.65,73.41
7.98,7.98,62.80,76.95,72.76
16.29,16.29,55.95,82.93,73.20
25.56,25.56,52.39,78.93,71.04
26.75,26.75,48.79,75.50,71.73
28.77,28.77,46.97,82.90,73.19
30.33,30.33,45.36,77.04,75.06
29.87,29.87,44.07,81.42,74.23
29.71,29.71,44.08,79.02,73.82
29.89,29.89,42.77,76.51,74.53
29.66,29.66,43.32,82.25,75.47
27.28,27.28,50.02,77.06,75.62
19.87,19.87,58.41,83.06,74.93
13.84,13.84,64.66,78.09,68.87
18.84,18.84,82.04,77.46,71.98
25.63,25.63,81.23,81.29,69.27
29.37,29.37,75.25,78.44,70.04
32.03,32.03,69.35,82.88,70.91
34.51,34.51,64.86,77.48,71.92
34.35,34.35,61.38,80.51,73.54
34.24,34.24,57.52,80.69,74.15
31.52,31.52,54.73,73.72,74.13
29.36,29.36,52.77,82.03,73.34
26.35,26.35,50.35,78.05,72.03
27.58,27.58,51.69,82.31,75.10
26.35,26.35,56.51,78.82,73.83
19.96,19.96,65.61,78.74,75.85
11.20,11.20,72.83,80.36,71.54
4.25,4.25,87.03,77.36,74.72
7.10,7.10,88.46,81.01,72.78
19.58,19.58,88.50,82.37,72.80
25.80,25.80,81.77,84.85,70.99
29.24,29.24,76.78,81.40,71.63
31.88,31.88,64.31,80.17,73.09
34.02,34.02,56.20,83.16,74.89
32.62,32.62,47.38,82.38,73.86
32.41,32.41,44.03,79.85,74.29
33.75,33.75,43.89,79.22,73.76
37.64,37.64,45.45,79.27,74.65
39.45,39.45,51.37,80.49,75.67
42.32,42.32,60.17,74.46,74.59
52.62,52.62,70.18,80.36,69.68
61.00,61.00,83.26,78.48,70.73
60.21,60.21,80.65,69.64,66.64
53.81,53.81,77.13,64.69,69.85
50.50,50.50,77.45,55.25,70.11
43.73,43.73,80.00,64.53,75.50
37.43,37.43,81.17,70.03,74.33
33.14,33.14,80.08,68.80,74.06
30.24,30.24,75.03,69.46,71.14
32.53,32.53,73.16,75.73,73.00
32.16,32.16,63.06,75.75,74.43
30.88,30.88,56.33,77.71,74.91
30.07,30.07,52.18,76.32,76.49
24.20,24.20,54.20,79.60,76.44
22.47,22.47,64.97,78.24,77.93
22.82,22.82,73.87,77.26,81.18
25.66,25.66,68.04,78.60,78.24
28.93,28.93,58.30,76.51,76.09
32.21,32.21,48.53,81.86,74.09
34.48,34.48,44.07,78.06,74.21
36.55,36.55,42.48,76.37,75.82
36.25,36.25,42.82,80.98,76.16
36.98,36.98,42.15,75.86,75.37
34.40,34.40,39.12,83.31,74.28
38.39,38.39,38.34,78.78,76.33
36.54,36.54,39.67,76.14,77.56
33.37,33.37,46.36,81.28,75.83
26.60,26.60,51.04,77.40,72.27
29.92,29.92,61.82,81.80,75.60
35.94,35.94,68.48,81.44,77.24
36.53,36.53,71.75,78.82,77.59
40.50,40.50,74.81,80.92,74.16
38.21,38.21,75.48,76.25,76.02
51.32,51.32,76.44,82.59,75.46
56.33,56.33,77.12,78.76,75.52
60.87,60.87,75.21,73.84,76.00
64.61,64.61,74.98,56.91,76.88
64.41,64.41,73.02,52.03,79.07
68.08,68.08,75.13,50.18,79.16
66.72,66.72,74.65,41.33,78.77
66.45,66.45,73.44,43.32,77.45
62.88,62.88,73.90,41.61,79.38
60.71,60.71,73.29,38.10,78.47
57.17,57.17,73.45,37.55,82.51
55.79,55.79,71.94,37.14,80.96
57.85,57.85,70.86,30.25,79.71
58.04,58.04,71.19,33.37,80.97
56.01,56.01,69.44,30.19,79.07
62.63,62.63,69.38,27.62,79.14
62.12,62.12,68.93,25.12,80.62
60.59,60.59,68.93,25.60,83.01
58.19,58.19,67.67,28.30,82.50
60.66,60.66,67.30,26.02,84.12
62.31,62.31,67.06,25.60,81.77
61.89,61.89,67.11,25.13,80.88
61.34,61.34,66.94,31.29,80.69
62.79,62.79,65.21,32.66,77.51
64.60,64.60,64.89,27.88,81.22
67.46,67.46,65.27,29.62,82.98
68.41,68.41,65.16,31.17,82.25
68.18,68.18,64.45,33.81,80.77
64.38,64.38,65.15,35.92,81.60
60.94,60.94,63.59,30.39,80.93
64.41,64.41,64.29,32.07,79.48
71.71,71.71,62.62,26.47,79.51
72.41,72.41,61.43,24.46,80.66
65.51,65.51,62.02,25.47,77.62
60.92,60.92,61.61,33.69,79.43
70.56,70.56,60.12,33.10,77.84
68.77,68.77,60.89,35.92,78.21
64.12,64.12,59.82,39.70,79.09
57.70,57.70,60.40,38.04,78.27
56.34,56.34,59.36,37.67,76.94
64.69,64.69,59.18,38.37,80.17
65.36,65.36,59.93,33.02,80.63
66.32,66.32,60.64,27.25,78.17
67.26,67.26,60.74,26.51,80.78
73.15,73.15,63.15,35.21,83.55
79.16,79.16,63.22,41.44,81.28
74.69,74.69,61.20,38.59,80.98
64.35,64.35,59.17,26.42,80.25
49.13,49.13,56.75,21.48,80.13
64.78,64.78,55.92,24.60,79.38
66.58,66.58,55.40,23.53,79.16
62.46,62.46,55.34,23.89,80.22
55.76,55.76,55.67,23.59,79.75
51.83,51.83,56.04,27.71,79.57
45.43,45.43,53.88,26.02,78.28
47.96,47.96,54.20,19.96,79.49
45.84,45.84,55.07,22.80,81.22
51.22,51.22,54.84,19.77,80.00
56.68,56.68,54.88,19.73,81.46
57.51,57.51,55.42,16.34,83.75
59.60,59.60,55.90,8.40,80.73
61.26,61.26,55.77,23.35,82.28
51.61,51.61,54.99,23.13,80.43
51.50,51.50,51.13,27.79,76.94
53.00,53.00,48.54,30.92,76.55
54.52,54.52,47.26,30.80,79.21
55.67,55.67,45.59,30.24,78.71
57.28,57.28,46.98,31.81,79.62
55.51,55.51,46.68,30.31,79.58
50.59,50.59,45.29,24.15,79.17
51.39,51.39,44.78,19.27,83.94
51.56,51.56,48.38,13.78,86.18
53.97,53.97,49.81,10.15,82.34
57.16,57.16,50.50,5.83,79.45
53.13,53.13,47.78,6.27,81.81
50.95,50.95,47.30,12.47,82.78
52.94,52.94,47.47,10.57,81.30
50.80,50.80,48.34,8.90,83.12
46.14,46.14,49.46,4.81,83.62
45.38,45.38,50.40,0.22,82.37
46.31,46.31,49.58,2.09,82.38
47.28,47.28,50.12,1.90,82.61
48.47,48.47,49.09,9.41,81.93
50.52,50.52,47.81,13.37,79.01
50.56,50.56,47.12,12.78,76.02
48.89,48.89,46.81,21.53,80.13
52.88,52.88,47.09,24.81,81.69
55.76,55.76,45.68,22.83,81.12
51.10,51.10,45.31,24.81,77.34
46.72,46.72,43.63,28.66,78.97
45.18,45.18,45.57,26.69,78.17
44.33,44.33,48.51,26.53,79.66
44.31,44.31,49.16,26.36,81.81
45.47,45.47,49.27,25.98,77.63
43.39,43.39,46.96,31.42,78.80
40.92,40.92,45.25,35.57,79.74
39.82,39.82,44.01,29.02,80.20
44.51,44.51,43.08,15.92,80.93
43.43,43.43,43.46,28.27,81.11
44.55,44.55,44.31,28.41,79.98
44.03,44.03,46.77,29.10,82.59
42.80,42.80,48.10,30.96,82.51
43.58,43.58,47.80,25.43,82.62
44.49,44.49,46.25,20.82,82.28
41.26,41.26,44.09,31.74,79.15
41.94,41.94,41.55,28.96,82.05
43.20,43.20,39.23,25.09,76.94
44.05,44.05,39.02,24.76,79.37
44.08,44.08,40.56,28.12,75.98
41.75,41.75,38.50,32.78,78.10
40.00,40.00,37.99,31.61,77.64
37.84,37.84,37.67,29.64,79.50
39.00,39.00,36.43,27.28,76.05
40.48,40.48,35.06,22.66,78.33
40.59,40.59,36.29,29.36,78.53
43.17,43.17,38.10,26.90,78.20
45.11,45.11,38.85,22.92,78.19
45.71,45.71,38.59,18.16,81.21
45.16,45.16,36.89,19.00,79.01
44.95,44.95,37.84,18.81,76.29
44.33,44.33,36.89,16.97,77.46
48.08,48.08,38.38,18.49,76.49
48.05,48.05,38.32,15.99,78.70
46.78,46.78,36.75,17.64,77.46
47.63,47.63,35.49,18.16,79.27
43.88,43.88,33.22,17.00,78.66
43.57,43.57,34.72,15.51,79.74
45.10,45.10,36.16,10.10,83.25
46.91,46.91,34.57,9.97,85.14
48.75,48.75,36.44,11.11,86.15
46.63,46.63,38.11,15.88,85.25
44.89,44.89,38.76,21.68,84.89
42.92,42.92,37.70,23.13,84.18
41.19,41.19,46.08,21.19,81.60
42.44,42.44,53.23,18.42,83.09
43.19,43.19,58.42,24.13,82.37
43.57,43.57,58.40,24.71,82.09
43.60,43.60,55.27,23.16,81.45
46.40,46.40,52.31,25.72,82.71
46.67,46.67,48.80,26.42,83.79
45.65,45.65,45.89,25.35,80.82
44.42,44.42,43.38,26.68,81.92
43.39,43.39,41.04,26.93,80.94
45.09,45.09,39.14,26.34,81.17
44.29,44.29,38.92,19.75,80.98
42.56,42.56,38.53,22.58,75.95
40.98,40.98,38.94,19.03,77.98
42.31,42.31,38.32,16.89,77.76
43.79,43.79,39.59,20.89,78.51
45.36,45.36,39.36,27.74,79.02
49.09,49.09,39.58,29.32,80.02
48.46,48.46,36.17,30.77,79.61
48.34,48.34,33.23,31.31,80.31
47.69,47.69,35.89,26.61,78.19
49.27,49.27,40.40,26.77,80.24
48.50,48.50,40.65,32.98,81.76
46.61,46.61,40.18,30.80,82.21
44.96,44.96,41.20,30.20,82.79
42.08,42.08,42.58,23.39,84.11
39.86,39.86,41.26,22.01,79.62
37.43,37.43,41.30,29.40,78.53
38.96,38.96,39.73,26.50,77.63
42.32,42.32,40.28,16.62,77.82
44.54,44.54,41.51,18.41,80.18
42.05,42.05,39.20,15.47,81.57
42.13,42.13,39.74,21.71,78.78
40.06,40.06,39.68,14.54,77.84
40.21,40.21,38.73,14.23,78.14
40.69,40.69,37.92,20.91,77.19
40.32,40.32,35.77,21.54,75.96
40.28,40.28,36.38,25.33,79.74
41.21,41.21,38.48,29.75,76.44
41.52,41.52,39.07,32.96,79.08
41.68,41.68,37.42,32.97,77.48
40.88,40.88,36.59,32.06,77.34
40.05,40.05,35.63,21.56,76.13
40.41,40.41,36.57,23.10,76.70
38.65,38.65,36.83,28.21,77.49
38.41,38.41,36.40,29.36,78.35
39.57,39.57,37.71,25.16,78.77
38.40,38.40,36.45,24.00,78.86
38.29,38.29,36.08,25.57,75.81
39.19,39.19,36.68,22.77,79.24
39.97,39.97,36.15,29.03,79.78
47.59,47.59,39.02,30.40,81.96
49.32,49.32,39.12,19.28,82.94
46.12,46.12,36.68,17.98,81.59
45.62,45.62,34.89,20.95,83.19
46.49,46.49,35.48,29.44,84.81
45.41,45.41,39.04,26.69,83.12
44.60,44.60,41.28,23.92,82.87
43.70,43.70,39.95,26.81,83.89
41.68,41.68,38.13,35.33,80.92
38.28,38.28,37.32,36.49,80.96
36.81,36.81,37.89,34.69,78.89
36.26,36.26,37.77,37.04,79.84
37.13,37.13,39.02,37.05,79.72
35.29,35.29,35.65,36.64,83.37
37.55,37.55,35.84,30.85,79.76
37.55,37.55,35.71,29.93,78.61
36.53,36.53,34.75,28.26,78.15
34.98,34.98,34.47,30.18,79.02
38.95,38.95,32.92,31.41,80.18
41.73,41.73,34.59,34.46,82.32
41.29,41.29,38.13,35.26,83.75
38.41,38.41,36.55,31.87,82.59
38.93,38.93,37.37,31.24,84.03
40.34,40.34,39.87,36.88,85.18
40.53,40.53,41.30,35.50,85.89
40.84,40.84,40.42,33.49,86.10
41.93,41.93,40.12,37.57,85.00
42.63,42.63,41.09,38.56,86.23
40.50,40.50,41.57,36.81,85.19
36.72,36.72,41.37,30.28,82.62
35.07,35.07,42.41,21.48,80.41
32.53,32.53,40.10,21.97,77.14
36.68,36.68,37.13,15.93,78.41
42.88,42.88,36.70,10.41,83.97
45.97,45.97,35.07,3.53,84.42
47.64,47.64,35.40,3.34,84.65
46.55,46.55,38.11,12.55,84.66
44.30,44.30,37.75,20.31,84.47
43.56,43.56,38.26,17.80,84.49
46.62,46.62,40.32,15.78,83.20
47.42,47.42,40.65,15.46,83.12
46.75,46.75,41.19,17.54,82.72
46.17,46.17,41.91,15.16,84.57
43.16,43.16,38.66,13.65,82.44
41.70,41.70,36.38,13.78,81.48
38.98,38.98,30.38,16.68,81.16
38.48,38.48,28.33,20.57,81.82
40.99,40.99,23.73,20.97,84.73
37.80,37.80,20.05,22.99,83.63
39.58,39.58,16.25,24.55,85.43
37.32,37.32,16.65,22.57,82.84
37.18,37.18,17.11,27.36,84.67
38.78,38.78,16.67,28.43,83.21
37.67,37.67,17.19,25.95,82.45
38.59,38.59,22.15,27.96,85.67
41.71,41.71,22.86,23.84,84.23
41.82,41.82,23.10,23.91,86.11
44.35,44.35,24.99,22.15,85.87
44.31,44.31,24.41,24.61,86.49
42.18,42.18,22.25,30.39,85.46
41.03,41.03,21.81,29.37,86.00
37.65,37.65,28.64,34.41,85.13
34.37,34.37,26.74,30.93,84.62
31.63,31.63,29.45,39.01,85.36
34.35,34.35,33.12,39.46,84.97
35.60,35.60,33.98,39.88,83.74
35.83,35.83,33.45,37.56,84.99
38.89,38.89,35.18,37.14,82.29
40.85,40.85,34.92,41.65,85.31
39.50,39.50,35.09,38.23,83.75
38.33,38.33,34.46,37.45,82.28
36.75,36.75,33.68,43.10,82.36
34.44,34.44,33.12,36.23,81.98
32.60,32.60,31.68,35.50,81.03
30.68,30.68,27.07,34.57,83.38
30.57,30.57,23.45,37.11,80.78
27.47,27.47,21.07,36.49,82.52
21.98,21.98,19.44,28.59,82.79
22.14,22.14,19.37,31.95,79.98
24.85,24.85,19.57,31.44,83.54
31.36,31.36,25.58,29.82,80.45
40.94,40.94,36.82,31.37,84.87
46.97,46.97,43.41,35.75,87.37
42.65,42.65,42.11,34.86,84.65
39.34,39.34,40.80,29.60,85.07
35.88,35.88,40.94,30.05,85.03
35.68,35.68,38.03,25.10,82.95
38.52,38.52,40.10,23.47,83.63
39.76,39.76,41.19,22.10,81.62
44.02,44.02,46.04,19.53,86.29
44.36,44.36,46.58,20.34,82.83
39.79,39.79,43.74,20.62,83.13
34.53,34.53,40.73,17.80,84.10
33.43,33.43,38.39,12.55,83.84
35.53,35.53,38.79,16.61,82.61
36.55,36.55,40.25,20.37,80.82
35.36,35.36,39.51,19.29,84.55
34.18,34.18,38.46,15.85,82.25
34.28,34.28,37.44,7.51,81.66
34.13,34.13,36.69,8.94,82.11
34.80,34.80,35.96,13.35,80.66
36.08,36.08,36.81,8.95,82.14
37.65,37.65,38.85,4.63,82.66
40.25,40.25,38.56,7.44,82.56
40.93,40.93,38.02,6.53,81.37
39.29,39.29,39.76,10.38,82.38
39.56,39.56,41.76,11.37,80.77
40.58,40.58,42.63,12.12,85.27
41.38,41.38,41.47,12.37,81.40
43.47,43.47,38.44,15.58,85.92
47.52,47.52,36.02,16.49,83.77
44.82,44.82,33.57,20.62,86.45
43.12,43.12,33.68,22.67,86.33
42.58,42.58,29.96,25.62,86.99
42.29,42.29,29.20,23.64,85.27
41.24,41.24,31.16,26.30,87.60
43.80,43.80,33.50,27.59,86.95
43.98,43.98,32.18,33.93,84.77
43.09,43.09,33.58,32.44,85.25
42.73,42.73,36.37,39.29,85.02
41.70,41.70,38.30,45.19,83.19
40.97,40.97,37.72,48.27,82.15
45.67,45.67,37.90,48.59,83.65
47.83,47.83,37.26,43.90,84.27
45.81,45.81,36.59,40.48,85.08
42.03,42.03,36.36,40.06,82.10
39.38,39.38,37.12,36.85,82.87
38.01,38.01,37.52,39.56,82.43
36.23,36.23,35.81,32.90,82.14
35.03,35.03,34.31,36.05,82.17
29.89,29.89,32.15,37.10,79.92
33.40,33.40,29.05,37.40,81.89
34.39,34.39,24.89,35.41,83.11
32.76,32.76,22.36,30.35,82.00
36.69,36.69,21.09,29.67,82.12
37.58,37.58,16.95,23.09,80.27
37.24,37.24,14.64,20.94,83.91
38.24,38.24,15.94,25.95,82.63
38.54,38.54,19.09,23.68,82.75
38.45,38.45,22.77,23.98,85.49
37.24,37.24,25.47,20.29,83.76
36.41,36.41,25.55,20.40,84.19
36.42,36.42,22.98,23.60,84.55
36.33,36.33,22.05,23.30,81.84
36.80,36.80,23.26,26.98,84.26
36.47,36.47,27.54,23.67,83.77
35.96,35.96,31.78,21.74,82.99
35.71,35.71,30.40,24.76,81.69
37.40,37.40,32.77,28.14,81.81
37.79,37.79,32.73,27.75,80.92
38.44,38.44,33.72,23.84,80.29
40.24,40.24,33.12,23.03,79.72
41.80,41.80,34.00,15.74,81.84
43.36,43.36,34.63,26.71,80.48
44.68,44.68,33.45,28.34,78.80
43.07,43.07,36.06,23.39,80.22
48.24,48.24,37.18,25.95,82.24
49.45,49.45,37.01,29.50,83.25
47.89,47.89,35.43,32.87,81.97
51.60,51.60,36.37,31.66,80.39
48.62,48.62,37.77,28.29,83.23
45.29,45.29,39.11,25.51,80.46
42.21,42.21,38.93,26.78,82.78
43.92,43.92,40.03,26.77,81.80
43.38,43.38,39.46,29.13,83.13
49.16,49.16,38.10,31.29,81.99
49.10,49.10,39.21,30.25,82.71
47.64,47.64,40.72,26.20,85.32
47.28,47.28,41.86,30.61,85.26
46.48,46.48,42.09,31.81,85.70
46.41,46.41,41.96,34.48,84.99
44.33,44.33,41.26,29.01,83.31
46.27,46.27,39.97,32.60,84.94
51.95,51.95,45.49,36.55,83.97
54.80,54.80,46.92,41.58,83.68
54.82,54.82,51.33,47.21,82.79
53.17,53.17,52.91,51.40,83.69
52.17,52.17,53.25,46.13,84.53
51.42,51.42,54.86,44.24,81.36
48.41,48.41,55.94,47.12,83.02
47.28,47.28,56.94,49.06,79.44
51.14,51.14,55.73,47.61,81.01
53.85,53.85,57.30,42.79,82.95
51.85,51.85,57.06,47.48,82.98
48.55,48.55,58.17,48.91,79.18
50.62,50.62,58.73,49.24,80.89
55.09,55.09,60.01,46.07,80.96
57.75,57.75,61.55,37.49,80.82
56.98,56.98,62.40,37.30,81.90
56.19,56.19,62.56,27.41,82.26
56.00,56.00,63.48,37.45,82.83
55.06,55.06,62.11,40.74,83.38
54.38,54.38,63.61,33.97,81.40
52.83,52.83,63.83,31.06,81.79
53.25,53.25,63.75,24.80,84.07
54.49,54.49,63.46,14.61,83.17
54.77,54.77,64.66,18.10,82.28
54.18,54.18,63.09,17.41,80.87
46.31,46.31,63.52,14.38,81.59
48.86,48.86,64.76,14.21,82.87
51.68,51.68,64.63,7.33,79.80
52.09,52.09,64.53,9.67,82.68
53.69,53.69,64.64,11.90,84.18
54.24,54.24,63.40,11.09,81.87
54.09,54.09,64.89,9.38,79.45
53.16,53.16,66.13,13.64,81.62
55.04,55.04,67.35,14.43,82.52
59.90,59.90,68.36,15.72,80.64
62.31,62.31,68.49,13.61,79.78
62.73,62.73,68.59,7.80,81.50
63.44,63.44,67.83,10.90,80.49
64.45,64.45,68.29,9.41,82.65
64.02,64.02,68.87,11.00,80.05
64.57,64.57,69.26,11.30,83.36
64.94,64.94,68.73,17.34,83.18
65.07,65.07,69.97,23.22,85.00
65.52,65.52,69.56,22.56,82.09
63.48,63.48,68.88,17.35,79.97
63.43,63.43,69.15,21.59,81.51
60.19,60.19,68.73,18.54,82.83
62.26,62.26,68.35,17.53,85.29
64.80,64.80,68.19,23.05,84.36
63.52,63.52,69.08,27.91,86.45
60.96,60.96,69.93,28.07,84.22
56.04,56.04,69.95,29.53,85.05
55.50,55.50,68.78,28.81,85.26
61.24,61.24,68.31,26.34,85.17
63.07,63.07,67.91,25.04,85.90
64.34,64.34,70.39,18.87,84.28
66.72,66.72,70.48,25.33,85.03
56.51,56.51,70.15,23.98,82.07
50.06,50.06,69.91,24.86,83.19
52.60,52.60,70.18,27.59,83.72
55.84,55.84,70.03,25.99,83.16
55.71,55.71,69.27,29.57,82.12
57.85,57.85,69.60,37.21,84.37
61.61,61.61,69.46,38.70,84.65
60.58,60.58,69.43,32.68,83.28
59.30,59.30,69.65,38.00,82.09
59.69,59.69,69.59,31.10,84.12
57.43,57.43,68.96,40.98,82.06
55.94,55.94,69.65,46.72,85.83
61.16,61.16,67.97,54.27,83.42
61.09,61.09,66.47,57.72,84.41
60.36,60.36,65.54,59.54,84.92
57.03,57.03,66.18,65.25,85.52
54.17,54.17,67.84,67.64,84.44
51.22,51.22,68.83,62.11,85.33
49.80,49.80,68.37,62.05,84.86
46.07,46.07,67.16,65.30,84.50
47.71,47.71,66.51,65.41,84.24
51.10,51.10,67.55,66.92,85.28
48.35,48.35,67.16,67.98,83.81
47.57,47.57,73.73,68.10,82.82
47.17,47.17,79.57,56.55,81.22
45.36,45.36,86.44,49.74,77.65
38.72,38.72,86.60,55.13,77.32
35.54,35.54,91.52,50.46,78.91
37.62,37.62,91.80,54.29,77.28
33.95,33.95,91.04,63.11,76.80
32.54,32.54,91.11,61.31,77.69
37.36,37.36,88.15,65.19,78.52
34.20,34.20,90.42,66.63,77.86
37.32,37.32,91.42,69.84,77.37
37.50,37.50,91.18,71.28,80.29
36.20,36.20,88.47,70.82,78.76
30.85,30.85,88.95,71.27,78.41
33.45,33.45,88.47,70.66,80.63
32.19,32.19,82.75,64.10,83.12
32.21,32.21,77.91,74.04,85.00
26.05,26.05,74.84,74.36,85.55
18.50,18.50,73.65,75.48,83.55
24.56,24.56,73.52,76.73,85.23
29.83,29.83,73.00,73.78,83.75
30.83,30.83,69.24,78.19,82.65
27.85,27.85,68.23,76.69,84.68
25.91,25.91,67.36,78.41,86.33
22.75,22.75,68.19,79.02,86.83
24.31,24.31,65.86,74.96,87.08
23.53,23.53,65.68,76.70,85.52
21.12,21.12,69.13,77.51,85.39
19.55,19.55,71.11,78.92,83.98
17.06,17.06,80.12,73.46,85.74
15.58,15.58,82.92,67.85,85.49
19.60,19.60,86.88,63.21,83.90
25.11,25.11,88.73,60.09,83.88
28.60,28.60,89.93,60.53,83.94
28.63,28.63,90.69,60.01,82.48
24.54,24.54,89.11,63.97,83.34
21.32,21.32,91.03,64.22,82.67
22.05,22.05,90.35,67.21,82.83
27.24,27.24,89.45,72.45,83.24
19.15,19.15,88.31,71.90,81.58
15.52,15.52,90.74,74.06,82.32
19.27,19.27,89.43,69.08,82.32
29.43,29.43,85.38,72.17,81.10
31.34,31.34,80.14,69.93,84.86
20.31,20.31,76.28,72.76,83.95
21.40,21.40,72.39,77.37,81.38
21.95,21.95,70.04,75.45,82.07
27.07,27.07,69.75,79.36,84.11
27.22,27.22,68.01,77.94,85.10
26.99,26.99,66.50,79.95,84.36
26.56,26.56,66.70,79.33,84.29
25.83,25.83,67.45,76.62,83.99
28.46,28.46,66.09,76.77,82.49
30.93,30.93,65.62,78.29,85.84
29.12,29.12,66.03,79.94,84.01
33.84,33.84,70.63,79.67,83.10
38.29,38.29,73.46,77.93,81.84
41.57,41.57,84.66,69.52,84.07
41.72,41.72,85.93,63.09,83.23
35.07,35.07,88.83,59.68,82.82
43.35,43.35,90.16,58.58,80.81
43.60,43.60,92.09,59.71,81.03
39.56,39.56,90.65,60.41,79.73
36.29,36.29,91.50,63.24,79.71
32.76,32.76,90.27,65.13,81.33
30.33,30.33,88.22,67.76,81.63
28.66,28.66,90.92,71.54,79.02
24.84,24.84,91.52,70.87,78.53
20.42,20.42,90.47,71.75,80.32
19.73,19.73,86.30,70.45,78.49
23.06,23.06,85.71,69.14,78.88
26.94,26.94,80.49,78.06,81.41
29.07,29.07,73.81,72.39,79.25
31.20,31.20,71.13,77.40,79.22
35.49,35.49,71.02,76.55,80.15
41.33,41.33,69.56,80.09,81.15
27.78,27.78,67.51,79.30,79.40
29.93,29.93,65.24,75.16,80.51
33.92,33.92,65.73,77.70,83.37
39.79,39.79,66.15,78.54,84.50
39.75,39.75,65.25,79.07,84.28
34.84,34.84,64.66,79.56,82.58
31.32,31.32,66.57,77.92,80.63
27.46,27.46,69.48,76.04,79.62
29.76,29.76,76.01,75.35,82.37
31.27,31.27,81.02,71.69,86.66
32.38,32.38,85.84,61.95,87.96
27.90,27.90,88.58,55.95,84.60
26.89,26.89,91.23,57.51,82.11
29.40,29.40,89.88,62.32,80.25
29.99,29.99,91.96,62.95,81.54
35.70,35.70,88.03,66.36,81.01
37.05,37.05,89.84,64.48,83.19
36.69,36.69,90.47,66.20,80.02
33.02,33.02,91.17,72.60,80.21
31.82,31.82,89.78,73.00,79.40
30.71,30.71,87.64,71.56,80.03
35.15,35.15,88.42,75.36,78.97
42.73,42.73,83.24,65.50,81.18
41.66,41.66,76.37,75.32,84.07
34.41,34.41,73.58,74.61,82.65
28.95,28.95,71.42,77.18,81.11
23.72,23.72,70.01,78.49,82.61
22.64,22.64,67.34,72.44,79.48
19.96,19.96,64.65,78.77,82.88
18.82,18.82,63.23,79.25,82.46
25.15,25.15,61.71,78.04,83.86
32.22,32.22,62.59,80.02,83.23
32.16,32.16,61.15,77.28,82.62
27.59,27.59,60.58,77.97,83.38
15.68,15.68,66.55,75.82,81.14
10.88,10.88,71.55,77.00,81.30
10.88,10.88,81.85,77.32,79.42
8.96,8.96,87.20,68.44,77.73
6.68,6.68,88.30,58.45,71.42
8.81,8.81,90.59,48.16,72.59
12.72,12.72,91.91,58.02,74.76
18.33,18.33,93.20,54.32,76.68
21.53,21.53,89.38,59.07,73.40
22.46,22.46,91.77,59.53,77.75
19.11,19.11,91.75,66.93,75.68
18.89,18.89,91.44,68.66,77.96
18.39,18.39,88.91,71.24,74.99
13.83,13.83,90.97,74.20,77.89
10.30,10.30,90.16,69.27,75.95
13.28,13.28,87.04,75.22,80.15
23.39,23.39,80.74,72.11,77.75
24.80,24.80,76.74,73.07,80.14
18.41,18.41,72.41,76.39,77.31
13.03,13.03,70.60,73.97,79.54
12.98,12.98,69.17,78.69,78.64
11.96,11.96,68.00,77.07,77.94
9.76,9.76,65.30,78.78,79.96
11.81,11.81,62.94,79.34,79.86
15.52,15.52,60.87,76.57,79.79
16.32,16.32,59.53,75.55,79.75
15.17,15.17,60.01,77.55,82.26
15.70,15.70,62.20,78.29,80.20
20.62,20.62,68.04,78.36,80.01
20.73,20.73,74.30,77.03,81.29
13.63,13.63,85.43,73.29,80.87
5.54,5.54,83.93,64.06,80.84
5.33,5.33,88.96,57.94,79.77
10.66,10.66,91.55,59.23,78.66
16.81,16.81,91.13,59.86,76.50
19.54,19.54,89.60,61.15,79.11
18.61,18.61,91.34,65.58,78.75
16.69,16.69,90.31,64.44,77.67
14.12,14.12,88.02,70.34,77.92
10.77,10.77,89.44,70.36,76.77
11.57,11.57,91.50,71.68,75.36
11.90,11.90,91.15,69.86,75.87
10.88,10.88,87.24,70.29,77.27
7.03,7.03,84.32,69.79,78.37
6.38,6.38,80.70,75.94,78.68
4.36,4.36,74.39,69.72,80.33
5.00,5.00,71.31,76.99,81.54
9.51,9.51,71.14,78.46,81.55
12.45,12.45,69.46,78.99,82.57
13.37,13.37,65.90,80.47,80.38
14.42,14.42,64.51,76.56,82.97
12.45,12.45,64.62,79.96,84.64
13.39,13.39,63.31,78.05,83.60
16.40,16.40,62.92,79.57,84.65
16.12,16.12,63.08,79.35,83.82
16.06,16.06,64.79,79.87,82.54
13.04,13.04,70.98,78.50,77.52
9.95,9.95,75.15,74.43,77.54
5.11,5.11,86.83,73.86,74.82
10.63,10.63,86.17,64.74,74.68
18.03,18.03,90.53,57.89,77.74
21.70,21.70,92.73,57.66,78.46
23.17,23.17,90.82,57.93,78.56
26.08,26.08,92.74,63.78,80.05
30.41,30.41,89.78,68.62,80.15
27.61,27.61,88.88,67.24,80.37
22.80,22.80,91.00,67.40,76.61
15.95,15.95,91.59,71.01,77.50
10.67,10.67,91.04,70.70,76.05
7.12,7.12,87.32,69.63,77.96
8.02,8.02,88.31,73.16,78.57
8.21,8.21,84.44,62.15,79.22
7.28,7.28,77.39,76.31,77.78
6.61,6.61,73.76,75.04,78.83
4.74,4.74,72.44,79.33,80.26
6.20,6.20,69.67,78.29,78.67
9.26,9.26,68.58,76.89,75.15
9.70,9.70,67.34,78.02,78.58
8.69,8.69,64.90,77.69,78.59
6.76,6.76,63.43,78.04,78.28
7.73,7.73,64.75,78.44,79.51
10.53,10.53,66.62,78.29,82.35
10.99,10.99,65.82,79.19,81.35
10.24,10.24,68.77,76.16,81.20
12.02,12.02,72.43,78.12,81.51
13.42,13.42,79.80,75.92,83.17
8.89,8.89,85.32,69.72,80.56
2.47,2.47,86.65,64.18,78.55
1.29,1.29,89.04,56.79,77.86
4.36,4.36,90.45,59.81,77.39
5.99,5.99,93.00,64.32,72.63
8.39,8.39,88.45,62.15,75.27
9.92,9.92,90.92,65.92,73.49
12.35,12.35,90.79,67.86,77.30
9.38,9.38,90.67,71.97,74.15
5.68,5.68,89.83,71.65,76.47
1.71,1.71,89.51,73.47,73.19
0.55,0.55,89.96,72.10,78.04
0.52,0.52,86.98,73.19,78.10
3.42,3.42,79.78,71.13,77.31
5.93,5.93,76.32,74.95,78.80
8.22,8.22,73.02,77.07,80.19
5.65,5.65,72.28,76.50,80.23
5.12,5.12,70.74,77.00,80.30
6.87,6.87,70.66,77.38,80.02
5.58,5.58,67.86,76.61,79.51
6.08,6.08,68.55,78.44,79.80
4.95,4.95,67.54,77.80,81.63
6.11,6.11,68.18,80.13,81.97
8.11,8.11,67.16,76.76,83.73
8.34,8.34,65.84,78.92,81.34
3.67,3.67,70.01,77.40,79.26
1.28,1.28,70.03,79.63,77.95
2.73,2.73,83.41,75.10,79.20
10.53,10.53,86.71,70.79,76.00
12.90,12.90,88.55,56.30,77.36
15.98,15.98,92.10,56.26,77.64
21.42,21.42,91.38,57.87,77.58
21.54,21.54,89.26,61.76,77.60
22.09,22.09,92.02,67.91,75.70
22.32,22.32,90.13,71.11,75.80
23.51,23.51,88.98,73.80,78.01
28.28,28.28,87.12,76.27,79.08
26.37,26.37,88.99,77.28,75.68
27.96,27.96,90.05,78.65,77.26
34.26,34.26,87.17,79.39,78.36
40.95,40.95,79.84,79.45,81.10
52.56,52.56,76.43,80.42,83.76
59.89,59.89,73.09,83.10,81.62
63.85,63.85,71.44,85.41,80.74
68.45,68.45,71.50,84.61,81.68
69.16,69.16,71.83,84.21,82.19
69.39,69.39,68.59,84.31,79.47
70.25,70.25,66.20,84.15,82.59
66.68,66.68,67.72,84.05,83.61
65.34,65.34,69.67,85.08,86.41
64.96,64.96,69.35,85.15,85.07
64.79,64.79,67.52,83.56,85.03
62.87,62.87,68.23,83.52,83.58
57.75,57.75,70.05,83.75,84.40
53.34,53.34,74.96,83.33,84.21
51.33,51.33,81.79,78.89,84.43
52.96,52.96,86.07,72.52,83.82
56.02,56.02,88.18,58.75,82.22
55.69,55.69,90.34,54.83,82.24
61.22,61.22,88.00,56.89,83.18
63.52,63.52,91.59,63.31,81.15
69.48,69.48,89.65,69.66,81.30
72.32,72.32,86.70,73.24,81.91
71.53,71.53,88.96,77.37,81.47
69.36,69.36,89.17,77.66,80.47
67.93,67.93,89.08,78.11,80.65
62.74,62.74,86.91,81.89,78.67
65.16,65.16,83.25,82.00,82.68
59.55,59.55,79.47,81.18,78.21
59.80,59.80,75.33,84.42,85.85
61.90,61.90,72.32,83.72,84.53
61.75,61.75,70.81,83.81,83.89
62.55,62.55,69.37,83.53,84.17
53.35,53.35,68.65,84.57,83.99
61.92,61.92,67.38,84.89,82.86
67.21,67.21,66.53,85.64,80.98
74.86,74.86,65.02,85.14,83.15
74.62,74.62,63.07,84.15,82.34
67.43,67.43,63.28,83.65,81.77
65.33,65.33,64.19,84.19,84.04
61.83,61.83,67.27,84.12,80.65
61.06,61.06,72.68,85.16,81.86
63.52,63.52,78.88,82.60,81.71
56.19,56.19,86.41,72.85,85.51
56.00,56.00,85.89,63.42,85.09
52.62,52.62,89.99,60.29,82.59
61.36,61.36,88.25,63.22,85.04
62.81,62.81,91.34,68.24,82.57
59.06,59.06,88.50,69.83,84.00
49.34,49.34,89.12,74.09,82.79
58.08,58.08,89.65,76.58,83.30
61.48,61.48,89.95,79.62,81.02
62.69,62.69,88.69,75.64,83.35
58.47,58.47,86.01,79.18,82.45
48.15,48.15,88.00,82.22,82.11
57.12,57.12,83.13,79.41,81.91
54.53,54.53,78.96,82.01,82.20
58.86,58.86,74.87,84.22,82.31
53.60,53.60,71.27,84.75,79.11
53.32,53.32,70.67,85.30,80.30
53.60,53.60,69.24,86.46,80.66
59.66,59.66,67.70,85.13,81.61
59.69,59.69,65.64,85.13,80.36
52.10,52.10,63.90,84.80,82.68
56.20,56.20,61.92,85.05,83.89
49.76,49.76,61.33,85.39,84.22
58.17,58.17,60.69,85.16,83.46
57.52,57.52,61.77,86.00,84.21
49.63,49.63,67.26,84.75,82.43
51.97,51.97,73.06,83.56,82.47
48.47,48.47,79.67,81.57,82.47
54.07,54.07,84.16,75.00,82.48
49.78,49.78,87.75,65.58,83.82
44.39,44.39,90.55,58.91,82.37
46.19,46.19,90.15,64.76,80.19
43.80,43.80,88.26,67.57,80.63
45.35,45.35,90.86,69.06,81.25
56.57,56.57,89.64,72.00,82.63
54.94,54.94,88.80,74.27,82.34
46.42,46.42,86.74,77.05,81.56
43.66,43.66,88.40,76.71,80.31
39.21,39.21,89.53,80.60,79.73
40.51,40.51,87.77,81.17,80.25
42.04,42.04,80.55,80.81,80.17
39.84,39.84,75.52,82.51,83.23
37.82,37.82,71.30,84.75,83.43
40.28,40.28,68.82,85.62,82.58
41.98,41.98,68.59,84.47,83.51
41.88,41.88,68.80,83.78,82.57
39.00,39.00,66.85,84.14,82.14
39.09,39.09,64.28,84.78,83.57
39.91,39.91,62.72,85.18,83.40
40.94,40.94,61.60,85.88,85.06
41.54,41.54,60.69,84.35,84.08
40.45,40.45,59.38,84.38,83.27
41.62,41.62,62.74,84.63,83.69
35.26,35.26,66.99,84.94,81.38
29.97,29.97,73.62,84.46,80.69
25.69,25.69,84.73,80.10,78.96
29.45,29.45,85.44,70.10,79.23
40.42,40.42,91.18,60.67,80.23
40.79,40.79,90.97,56.00,78.71
40.40,40.40,91.00,69.70,77.92
35.18,35.18,92.58,72.70,77.87
37.79,37.79,91.00,74.41,78.46
35.28,35.28,86.58,69.48,76.60
31.40,31.40,84.65,75.89,77.77
35.62,35.62,91.00,80.70,74.47
37.00,37.00,91.02,80.44,76.52
31.58,31.58,83.81,78.71,79.73
36.43,36.43,79.04,78.93,79.92
32.09,32.09,77.50,81.30,79.78
40.27,40.27,76.00,86.24,80.30
36.83,36.83,71.20,85.27,78.84
37.47,37.47,71.21,87.40,78.96
47.34,47.34,69.88,85.57,79.32
48.86,48.86,68.17,87.22,81.88
42.41,42.41,65.41,85.37,78.16
42.41,42.41,61.14,87.10,81.54
45.65,45.65,57.90,86.21,82.58
46.19,46.19,56.64,86.71,82.48
46.59,46.59,56.72,85.73,81.42
48.83,48.83,59.22,85.69,85.31
48.28,48.28,65.00,86.69,82.94
46.83,46.83,68.04,84.16,83.04
45.74,45.74,76.14,85.73,82.13
45.52,45.52,82.51,80.24,78.79
45.49,45.49,87.04,73.51,78.50
43.06,43.06,91.52,64.63,80.13
43.54,43.54,89.80,63.03,80.16
46.96,46.96,90.78,66.35,79.85
46.30,46.30,90.68,71.10,79.97
43.21,43.21,88.22,71.93,81.53
40.26,40.26,84.64,72.17,81.91
38.69,38.69,89.52,76.00,80.13
36.96,36.96,91.43,81.90,77.36
37.18,37.18,86.90,80.11,79.06
35.90,35.90,82.67,78.68,77.95
31.20,31.20,77.94,79.70,81.50
31.20,31.20,80.01,82.56,80.58
37.92,37.92,75.26,84.69,81.35
35.43,35.43,70.69,86.67,80.01
29.83,29.83,69.19,85.07,81.51
29.61,29.61,68.39,87.72,80.15
30.11,30.11,65.57,85.92,82.43
33.44,33.44,63.16,88.48,81.45
36.75,36.75,61.50,86.22,83.24
35.63,35.63,59.31,87.41,83.79
36.44,36.44,59.84,85.70,83.90
31.69,31.69,59.01,85.63,83.65
30.52,30.52,60.18,86.53,84.40
32.94,32.94,66.51,85.30,82.52
31.74,31.74,74.76,86.93,80.88
31.10,31.10,79.54,82.40,76.02
33.52,33.52,85.28,76.51,75.12
36.08,36.08,88.56,64.82,76.95
40.91,40.91,91.39,52.10,76.97
41.71,41.71,91.43,60.69,78.46
40.84,40.84,91.49,67.46,77.92
38.92,38.92,91.13,67.43,80.25
38.47,38.47,89.96,67.98,80.01
37.58,37.58,84.80,69.28,80.13
37.49,37.49,89.97,74.81,79.69
35.62,35.62,89.16,75.98,78.42
35.10,35.10,89.25,74.77,78.89
34.26,34.26,79.87,73.34,78.90
35.25,35.25,79.80,78.91,79.68
40.10,40.10,79.60,84.14,80.40
36.26,36.26,74.46,85.15,80.63
34.11,34.11,70.45,85.53,80.89
30.84,30.84,68.80,88.24,81.27
31.85,31.85,66.29,84.66,83.49
37.89,37.89,64.14,86.58,83.01
40.21,40.21,61.86,85.14,82.03
38.44,38.44,61.21,87.63,81.22
38.41,38.41,61.07,84.99,82.58
42.58,42.58,62.29,87.36,81.72
41.53,41.53,63.15,85.32,82.12
37.12,37.12,64.79,85.87,82.85
28.83,28.83,69.39,87.12,82.64
25.75,25.75,75.26,84.45,81.74
29.71,29.71,79.74,83.41,83.14
32.01,32.01,87.83,74.21,83.59
31.59,31.59,89.06,62.88,82.36
29.60,29.60,87.85,40.44,80.35
28.90,28.90,89.84,42.36,84.07
29.45,29.45,88.33,27.17,81.50
34.03,34.03,89.32,25.75,82.22
37.43,37.43,89.51,37.04,81.37
43.22,43.22,86.32,40.78,79.16
46.30,46.30,88.65,39.45,82.11
41.88,41.88,90.75,40.65,81.60
33.24,33.24,89.68,44.39,78.06
29.61,29.61,85.02,37.39,80.69
28.00,28.00,81.60,29.24,80.52
28.69,28.69,76.98,45.35,82.90
28.91,28.91,72.28,59.90,81.45
31.29,31.29,70.35,69.19,85.46
32.54,32.54,70.94,72.34,82.76
37.13,37.13,68.14,71.85,81.22
36.21,36.21,71.75,71.83,83.43
30.47,30.47,74.59,74.90,82.92
28.96,28.96,70.58,77.59,82.95
30.17,30.17,67.96,77.36,83.61
34.87,34.87,67.15,75.81,83.19
31.30,31.30,68.22,74.19,80.23
33.07,33.07,68.91,72.00,81.47
36.15,36.15,73.64,64.20,83.84
40.66,40.66,79.56,56.99,82.92
45.94,45.94,86.28,54.93,75.81
48.16,48.16,87.17,60.08,76.39
48.40,48.40,90.51,49.08,76.86
45.11,45.11,92.02,56.23,76.03
44.39,44.39,90.79,62.09,77.99
46.31,46.31,92.36,60.16,78.27
48.19,48.19,88.46,62.09,77.08
48.78,48.78,90.53,64.69,77.90
49.73,49.73,91.27,65.92,77.31
50.16,50.16,91.56,67.40,79.93
49.80,49.80,89.46,71.48,77.44
48.45,48.45,87.72,70.93,79.25
48.52,48.52,88.28,74.48,77.77
45.68,45.68,82.84,64.89,80.67
47.48,47.48,76.96,75.12,83.96
54.17,54.17,74.56,73.21,82.31
54.13,54.13,73.66,79.39,80.56
49.98,49.98,72.61,77.79,82.31
50.77,50.77,71.26,74.26,83.85
52.96,52.96,68.62,77.15,81.96
55.94,55.94,67.93,75.81,82.09
53.92,53.92,67.57,77.23,87.88
51.39,51.39,68.36,78.48,90.37
51.29,51.29,67.31,76.02,89.45
53.37,53.37,68.55,76.35,87.93
53.86,53.86,69.95,74.75,84.55
53.58,53.58,73.10,77.45,81.01
56.18,56.18,79.03,74.78,83.69
56.94,56.94,84.20,67.49,79.82
56.81,56.81,87.89,59.62,79.64
57.43,57.43,88.80,58.15,79.59
57.83,57.83,90.82,53.93,79.95
59.66,59.66,92.36,59.38,80.46
61.57,61.57,88.28,64.40,80.45
62.02,62.02,90.91,64.04,79.89
60.27,60.27,91.22,68.77,78.44
60.53,60.53,90.42,71.08,77.78
59.16,59.16,88.46,71.85,78.12
57.68,57.68,90.71,74.48,78.29
54.82,54.82,89.71,67.43,78.69
58.36,58.36,86.17,72.43,80.03
61.16,61.16,79.42,72.50,80.95
62.59,62.59,76.87,74.82,80.90
63.15,63.15,72.78,76.50,81.39
62.08,62.08,70.91,72.51,82.07
60.11,60.11,69.25,78.44,82.93
59.52,59.52,68.36,76.59,82.43
60.90,60.90,65.55,78.84,83.58
59.20,59.20,64.38,77.54,86.19
52.58,52.58,64.31,75.26,85.48
45.79,45.79,63.81,78.09,82.62
43.46,43.46,65.06,75.80,82.83
39.73,39.73,67.52,77.13,82.62
35.55,35.55,71.76,78.20,78.13
35.80,35.80,73.03,77.86,78.27
38.07,38.07,84.15,70.83,80.50
41.25,41.25,85.17,65.22,82.35
42.06,42.06,89.17,53.72,81.03
42.76,42.76,91.60,49.45,81.40
44.00,44.00,91.58,60.09,80.93
42.70,42.70,90.00,60.99,79.72
45.42,45.42,91.62,62.65,81.71
45.83,45.83,90.83,63.82,81.92
43.17,43.17,88.90,69.63,80.75
41.68,41.68,89.73,70.96,80.49
41.06,41.06,91.65,70.24,82.16
43.18,43.18,91.14,69.81,82.95
43.66,43.66,86.85,70.51,80.68
49.42,49.42,84.78,70.38,80.87
50.50,50.50,79.75,76.05,82.02
48.63,48.63,74.68,71.20,79.61
45.89,45.89,70.69,78.58,77.70
49.57,49.57,70.78,76.28,80.26
48.64,48.64,68.37,78.94,80.29
46.73,46.73,65.47,80.19,82.86
48.24,48.24,63.57,78.00,85.67
52.16,52.16,62.13,78.60,85.11
56.97,56.97,61.83,77.67,82.51
55.76,55.76,62.10,80.50,84.60
51.81,51.81,62.03,79.05,82.80
46.92,46.92,64.48,79.68,82.31
45.02,45.02,72.40,78.91,81.31
46.83,46.83,78.23,73.92,83.83
49.08,49.08,83.05,72.21,83.91
51.64,51.64,86.94,58.65,82.88
51.60,51.60,89.14,57.96,81.25
48.16,48.16,91.45,57.35,78.70
44.75,44.75,89.70,62.22,77.75
47.50,47.50,92.30,62.77,77.09
52.55,52.55,89.53,63.62,80.63
57.19,57.19,88.32,67.74,82.21
58.74,58.74,90.46,70.76,81.12
57.86,57.86,91.21,72.73,78.00
52.04,52.04,90.95,73.30,77.69
52.21,52.21,87.31,69.48,79.39
60.90,60.90,87.78,74.46,82.10
61.96,61.96,83.69,68.58,82.41
65.23,65.23,76.25,76.55,85.06
65.19,65.19,72.78,75.51,82.64
61.20,61.20,70.84,78.06,84.81
59.13,59.13,70.19,78.99,82.91
57.64,57.64,68.64,77.10,82.68
57.51,57.51,66.77,78.86,82.44
59.19,59.19,64.98,77.85,80.17
59.58,59.58,64.19,79.32,81.29
58.03,58.03,65.86,79.05,80.63
56.98,56.98,64.65,79.01,81.74
55.34,55.34,65.06,78.68,81.70
53.36,53.36,69.90,74.86,82.09
48.34,48.34,73.61,79.56,78.45
52.20,52.20,81.48,76.59,77.10
48.62,48.62,87.06,68.96,75.77
47.78,47.78,87.86,61.78,71.51
45.44,45.44,91.00,49.48,71.24
42.52,42.52,91.63,52.77,74.91
38.74,38.74,93.63,57.15,71.77
36.18,36.18,88.96,59.25,73.61
42.48,42.48,91.08,59.40,76.17
44.69,44.69,91.83,66.04,74.39
44.20,44.20,91.36,68.89,76.97
43.41,43.41,89.48,72.50,74.51
43.68,43.68,89.23,72.10,79.21
43.51,43.51,89.61,68.47,76.07
41.78,41.78,87.75,73.14,78.37
40.83,40.83,80.88,66.35,80.50
42.71,42.71,77.46,76.27,79.60
44.25,44.25,73.58,75.48,79.58
45.45,45.45,72.34,75.84,77.53
46.45,46.45,70.76,77.19,78.65
52.87,52.87,69.44,77.60,78.76
52.06,52.06,66.15,77.18,79.14
50.51,50.51,65.47,78.91,80.55
55.37,55.37,68.70,76.97,82.64
54.01,54.01,65.81,78.05,83.25
52.14,52.14,64.39,76.23,82.11
52.06,52.06,67.40,79.12,82.21
46.24,46.24,71.44,77.31,78.60
43.15,43.15,77.23,78.82,79.29
48.97,48.97,82.37,71.88,80.74
54.79,54.79,84.73,63.45,80.40
56.81,56.81,88.35,57.30,77.85
54.61,54.61,91.56,54.20,79.76
54.74,54.74,90.77,55.52,78.32
56.06,56.06,89.37,57.31,79.64
53.70,53.70,91.43,61.39,76.58
52.46,52.46,90.80,61.21,77.74
48.51,48.51,90.18,67.58,79.37
46.14,46.14,88.43,69.52,78.02
50.15,50.15,91.00,69.27,74.77
52.19,52.19,91.55,72.12,74.19
49.89,49.89,88.38,72.01,79.31
52.06,52.06,84.47,72.57,76.81
50.62,50.62,79.78,74.83,77.96
49.91,49.91,75.51,66.50,77.82
49.23,49.23,72.71,76.32,80.04
47.29,47.29,71.87,75.03,78.57
49.53,49.53,70.46,76.49,79.43
50.70,50.70,69.46,77.80,79.72
49.49,49.49,67.42,77.41,81.94
50.97,50.97,68.79,76.88,80.65
53.44,53.44,67.48,74.11,81.78
50.16,50.16,66.55,78.12,83.74
50.59,50.59,67.45,77.85,84.53
43.05,43.05,68.25,78.45,78.75
42.98,42.98,70.84,78.45,75.02
45.82,45.82,76.46,74.75,77.82
43.91,43.91,87.11,72.77,74.86
43.65,43.65,84.85,63.15,76.72
43.77,43.77,90.03,61.42,77.07
41.71,41.71,92.13,58.42,77.75
40.55,40.55,91.40,55.37,76.77
40.83,40.83,92.81,60.51,77.08
41.44,41.44,90.84,65.60,78.65
40.36,40.36,88.11,64.64,77.96
43.84,43.84,90.43,68.73,77.60
41.32,41.32,91.51,71.74,78.15
39.30,39.30,91.24,71.34,74.48
39.16,39.16,87.75,71.53,78.12
38.26,38.26,87.60,73.16,76.98
40.26,40.26,85.57,65.57,76.73
43.48,43.48,78.69,74.95,78.13
46.43,46.43,73.66,72.88,75.97
45.65,45.65,73.40,77.62,78.05
44.72,44.72,72.33,78.75,77.31
44.96,44.96,69.59,76.74,77.39
46.03,46.03,68.56,77.82,76.85
40.69,40.69,66.38,76.54,78.70
41.28,41.28,65.91,78.67,81.14
47.49,47.49,65.25,78.15,82.28
49.38,49.38,67.46,79.85,80.99
51.06,51.06,67.56,80.07,81.75
53.86,53.86,68.34,75.62,81.69
52.92,52.92,74.37,77.62,81.94
51.44,51.44,81.06,76.58,79.16
48.37,48.37,83.74,71.15,77.42
46.40,46.40,87.60,68.59,77.87
46.07,46.07,90.33,57.55,79.46
39.31,39.31,90.13,58.48,77.65
32.71,32.71,91.83,62.97,76.05
32.53,32.53,89.49,59.65,76.40
32.08,32.08,89.30,62.85,76.39
32.33,32.33,90.89,68.09,79.35
30.20,30.20,90.69,70.65,76.13
29.63,29.63,90.44,70.08,73.33
24.98,24.98,88.10,72.43,73.29
29.18,29.18,89.53,70.70,76.49
36.18,36.18,87.63,73.15,78.49
39.43,39.43,80.47,69.66,79.71
43.82,43.82,75.90,77.31,83.04
45.01,45.01,73.42,76.63,82.01
42.55,42.55,73.43,78.61,83.07
38.40,38.40,72.07,77.86,83.68
40.35,40.35,70.91,76.14,85.10
37.00,37.00,68.58,79.27,84.44
38.04,38.04,66.57,78.02,84.68
39.46,39.46,66.07,80.19,84.36
36.93,36.93,65.91,78.91,83.75
28.54,28.54,65.80,75.61,81.95
22.16,22.16,65.09,79.01,78.55
11.65,11.65,70.49,77.58,78.24
8.30,8.30,72.98,79.61,72.38
11.27,11.27,81.83,75.83,77.09
11.16,11.16,86.44,69.61,78.22
14.60,14.60,87.66,58.39,78.75
19.67,19.67,92.21,54.37,78.67
22.88,22.88,90.73,56.68,79.00
25.07,25.07,89.60,64.36,79.23
25.43,25.43,91.31,66.70,77.85
26.54,26.54,90.17,70.26,77.50
28.10,28.10,89.86,73.55,79.46
30.33,30.33,87.57,75.71,80.17
31.56,31.56,88.43,75.47,81.15
28.72,28.72,90.32,77.22,79.11
31.11,31.11,88.48,78.91,79.86
29.46,29.46,80.63,78.93,80.55
33.58,33.58,75.16,80.40,85.52
34.39,34.39,73.18,83.17,85.13
33.80,33.80,70.09,84.76,85.45
29.65,29.65,70.12,83.98,83.70
26.40,26.40,70.95,84.08,83.92
26.91,26.91,68.63,84.26,84.64
28.91,28.91,64.33,84.43,83.46
30.80,30.80,65.57,84.60,86.92
32.90,32.90,64.54,85.14,86.51
34.92,34.92,63.32,83.94,85.11
33.31,33.31,60.37,84.03,84.69
27.97,27.97,62.58,83.83,83.92
26.82,26.82,69.37,84.02,82.94
34.01,34.01,72.79,83.73,83.02
35.87,35.87,82.02,78.28,85.50
27.87,27.87,84.01,70.82,84.90
27.88,27.88,88.71,51.20,83.38
26.72,26.72,88.94,56.00,83.59
28.72,28.72,88.50,59.38,83.19
29.06,29.06,90.84,65.83,81.03
30.90,30.90,90.95,66.83,83.32
29.97,29.97,87.77,71.93,83.02
36.04,36.04,87.60,76.63,83.03
35.31,35.31,89.13,77.91,81.87
34.06,34.06,89.55,79.07,80.55
37.57,37.57,88.89,82.40,79.72
32.31,32.31,82.48,82.73,80.16
33.38,33.38,80.19,81.11,81.79
34.49,34.49,75.98,82.93,84.24
38.16,38.16,72.22,84.16,84.15
33.27,33.27,69.58,84.97,82.60
33.06,33.06,70.65,84.90,83.35
23.76,23.76,69.53,84.87,83.90
28.11,28.11,68.86,86.22,83.28
27.45,27.45,67.71,84.96,84.53
31.29,31.29,68.59,84.12,85.72
30.84,30.84,67.05,84.40,84.68
34.75,34.75,65.50,84.51,85.06
35.94,35.94,66.15,85.07,83.55
30.61,30.61,67.84,86.26,81.75
32.90,32.90,72.12,85.14,78.75
31.93,31.93,77.62,82.92,78.95
35.11,35.11,85.96,73.98,80.67
37.81,37.81,86.33,66.70,81.64
39.82,39.82,90.76,56.70,79.46
36.89,36.89,90.13,60.98,79.11
35.28,35.28,90.33,59.81,76.93
37.74,37.74,91.22,67.82,77.27
44.22,44.22,88.21,72.04,77.86
45.38,45.38,89.30,74.79,79.96
43.24,43.24,90.78,78.87,78.20
42.54,42.54,89.13,78.21,81.14
42.98,42.98,87.62,79.83,80.28
43.83,43.83,86.76,81.49,78.40
44.33,44.33,83.56,81.21,81.67
38.92,38.92,79.41,80.46,80.78
34.98,34.98,75.89,83.35,81.93
34.66,34.66,74.10,84.49,80.18
35.44,35.44,72.34,85.69,82.80
35.34,35.34,72.40,84.72,80.46
36.82,36.82,71.31,84.13,81.50
36.28,36.28,70.27,84.61,81.91
33.50,33.50,68.54,84.13,84.35
30.02,30.02,67.00,84.75,84.71
31.04,31.04,66.11,84.98,84.90
31.76,31.76,66.30,85.00,85.38
35.88,35.88,65.26,83.49,86.38
34.32,34.32,67.18,83.95,85.46
34.07,34.07,71.07,83.29,84.22
37.49,37.49,78.09,81.46,85.60
42.11,42.11,82.86,76.35,84.35
44.43,44.43,88.72,68.65,83.70
42.71,42.71,89.85,56.96,81.26
39.52,39.52,89.50,60.01,80.13
36.17,36.17,90.03,65.66,77.89
40.77,40.77,89.88,64.86,78.12
48.12,48.12,90.41,69.85,79.76
49.00,49.00,88.92,73.30,80.52
49.32,49.32,88.56,76.30,79.16
46.19,46.19,86.67,76.92,79.21
40.55,40.55,89.51,78.68,76.79
36.84,36.84,88.18,79.81,76.57
36.23,36.23,81.25,79.66,78.11
40.11,40.11,75.29,81.48,83.08
41.77,41.77,72.37,84.99,83.36
44.56,44.56,70.41,84.58,82.08
41.85,41.85,69.97,84.05,81.93
38.74,38.74,69.87,84.04,83.12
36.65,36.65,69.14,84.08,81.15
36.26,36.26,68.38,84.97,80.09
40.51,40.51,66.76,85.82,80.07
42.18,42.18,66.22,84.33,80.73
40.23,40.23,67.03,84.59,81.45
37.03,37.03,67.98,84.79,83.03
32.72,32.72,67.61,84.77,83.86
27.05,27.05,70.18,85.39,81.59
21.65,21.65,74.44,85.37,78.76
16.35,16.35,81.65,78.91,80.66
16.54,16.54,85.52,76.84,79.55
19.50,19.50,90.47,71.80,76.90
21.43,21.43,89.51,71.10,80.85
22.58,22.58,88.31,68.53,78.61
19.72,19.72,86.76,67.88,81.84
18.13,18.13,87.72,61.61,78.29
16.74,16.74,91.03,69.92,77.54
17.92,17.92,87.79,71.04,78.96
22.28,22.28,90.21,73.08,78.94
28.89,28.89,89.59,68.82,78.54
31.06,31.06,84.68,70.32,79.22
29.29,29.29,79.11,69.48,79.48
21.44,21.44,76.40,65.42,74.45
17.61,17.61,73.11,73.24,75.00
22.64,22.64,71.30,76.60,74.72
25.97,25.97,69.08,81.37,77.46
23.84,23.84,67.75,77.57,76.64
26.17,26.17,67.53,81.83,78.57
27.38,27.38,66.73,79.53,77.47
37.31,37.31,65.65,80.06,77.69
38.16,38.16,64.86,81.85,78.25
38.14,38.14,62.64,80.30,80.73
35.67,35.67,61.84,82.54,80.12
29.66,29.66,61.70,80.30,81.43
30.14,30.14,60.35,80.65,81.54
30.92,30.92,61.08,83.38,79.37
34.58,34.58,60.35,79.38,84.27
33.06,33.06,60.25,80.84,81.72
34.71,34.71,60.29,82.70,79.29
33.79,33.79,60.27,79.64,80.76
35.34,35.34,60.27,82.11,79.87
35.56,35.56,59.51,81.77,80.64
35.22,35.22,58.81,79.23,77.98
35.80,35.80,59.36,83.49,80.74
34.25,34.25,57.89,79.59,79.14
37.38,37.38,57.88,80.30,79.18
36.14,36.14,58.76,83.36,81.63
35.27,35.27,57.06,81.37,81.51
35.91,35.91,56.98,83.15,79.65
37.96,37.96,57.20,80.94,79.70
39.38,39.38,57.09,82.86,72.94
36.14,36.14,56.18,83.74,78.24
33.40,33.40,55.94,81.47,74.61
33.21,33.21,54.72,80.02,78.36
35.83,35.83,54.41,83.92,77.14
34.77,34.77,55.50,81.26,79.41
37.54,37.54,54.82,82.28,80.04
38.26,38.26,55.25,83.15,79.05
37.74,37.74,55.23,80.41,80.57
35.77,35.77,57.53,84.06,83.43
32.29,32.29,57.08,82.19,81.99
34.31,34.31,56.17,81.54,81.86
35.10,35.10,55.08,83.79,81.32
34.31,34.31,52.51,81.62,80.34
33.48,33.48,51.81,83.18,77.84
33.80,33.80,52.14,82.44,78.06
33.21,33.21,51.36,80.10,75.46
31.30,31.30,51.77,83.55,75.51
29.90,29.90,48.49,81.07,76.86
31.14,31.14,48.90,81.08,78.45
29.98,29.98,48.88,82.73,78.91
30.16,30.16,48.50,79.31,75.91
29.85,29.85,48.02,81.23,79.58
31.44,31.44,44.40,79.51,79.22
32.40,32.40,44.71,78.55,78.93
31.50,31.50,44.74,80.05,79.49
30.38,30.38,43.77,80.13,80.17
30.03,30.03,43.86,79.92,80.28
29.07,29.07,42.44,78.82,79.01
28.53,28.53,41.76,77.61,81.92
30.06,30.06,42.65,80.44,76.51
32.14,32.14,43.06,78.45,77.70
35.28,35.28,45.18,75.22,79.77
37.55,37.55,44.60,79.97,78.39
39.02,39.02,44.90,76.42,78.82
42.96,42.96,46.33,75.23,81.11
47.39,47.39,50.35,78.55,80.43
50.61,50.61,51.62,75.34,79.55
51.14,51.14,50.32,75.45,78.88
50.01,50.01,49.06,76.89,81.69
49.05,49.05,46.51,71.63,82.25
49.40,49.40,50.01,75.36,80.13
49.10,49.10,51.38,73.90,82.78
47.16,47.16,50.48,71.81,81.34
46.36,46.36,50.18,72.89,82.07
45.31,45.31,47.70,70.24,82.13
45.97,45.97,48.20,69.05,83.01
46.23,46.23,47.09,70.43,79.84
45.46,45.46,46.59,70.64,77.53
44.68,44.68,46.56,72.40,76.69
44.69,44.69,47.53,67.25,77.15
43.02,43.02,47.66,64.56,75.55
44.98,44.98,48.31,66.58,75.56
46.19,46.19,49.38,65.14,75.14
51.92,51.92,49.48,65.41,78.75
54.90,54.90,50.76,63.43,79.33
52.50,52.50,56.47,58.79,76.69
50.12,50.12,58.40,62.74,78.31
50.90,50.90,58.89,55.08,81.67
51.92,51.92,57.05,56.56,80.35
51.16,51.16,59.28,58.71,79.00
51.93,51.93,61.17,55.79,79.28
46.48,46.48,61.24,52.48,81.52
48.26,48.26,62.73,56.86,83.64
46.22,46.22,63.42,52.49,84.25
44.25,44.25,65.12,48.26,84.26
42.62,42.62,64.40,45.76,84.41
44.56,44.56,64.51,48.29,84.60
43.79,43.79,65.57,48.72,81.61
42.22,42.22,61.31,40.84,83.23
34.56,34.56,49.89,26.94,72.52
28.78,28.78,45.87,22.77,69.64
25.77,25.77,45.40,27.65,66.06
24.47,24.47,44.05,32.80,63.33
24.21,24.21,42.39,33.00,63.94
25.41,25.41,41.74,33.67,62.12
26.93,26.93,38.46,36.05,59.94
27.56,27.56,37.11,28.98,58.26
29.43,29.43,37.73,32.27,59.12
26.54,26.54,34.40,31.39,57.70
25.83,25.83,33.09,32.34,54.00
25.56,25.56,33.38,30.13,53.06
22.70,22.70,33.30,36.18,53.62
20.44,20.44,33.48,33.06,50.82
19.84,19.84,28.78,27.77,43.44
16.17,16.17,28.17,26.51,36.70
15.00,15.00,28.69,27.56,35.78
12.23,12.23,22.34,27.33,35.95
11.57,11.57,25.51,24.76,33.09
14.06,14.06,24.43,20.06,31.22
15.31,15.31,24.87,23.66,31.87
13.69,13.69,20.64,23.77,27.91
8.98,8.98,19.16,21.85,27.35
9.36,9.36,20.99,20.25,26.90
10.26,10.26,22.24,20.21,27.81
10.47,10.47,20.94,17.46,28.56
13.65,13.65,22.77,17.40,25.75
14.05,14.05,20.95,18.26,23.14
13.43,13.43,24.37,18.60,24.40
12.67,12.67,23.74,17.06,22.88
12.02,12.02,22.34,16.21,22.66
11.56,11.56,20.65,14.50,21.59
11.02,11.02,20.67,15.02,20.89
10.57,10.57,19.76,14.12,19.12
10.31,10.31,19.45,14.10,19.21
8.30,8.30,17.75,10.72,16.61
5.73,5.73,13.36,5.79,12.15
4.40,4.40,11.13,4.16,10.35
4.38,4.38,10.60,3.54,8.84
5.48,5.48,12.45,5.09,10.78
6.24,6.24,14.44,7.07,12.09
6.77,6.77,13.10,11.01,12.73
4.31,4.31,14.27,15.03,14.13
4.39,4.39,17.48,17.12,18.16
3.88,3.88,17.66,16.44,19.71
4.16,4.16,19.21,14.86,22.30
3.47,3.47,19.36,13.32,18.48
7.22,7.22,18.21,11.59,16.20
8.26,8.26,20.28,12.69,16.97
8.71,8.71,22.50,13.55,17.23
7.77,7.77,21.78,13.90,16.40
6.26,6.26,19.34,10.85,14.80
5.13,5.13,18.27,11.27,13.80
4.13,4.13,17.66,10.14,12.50
3.79,3.79,16.43,7.80,11.55
2.86,2.86,15.30,6.87,10.26
0.89,0.89,11.49,4.66,7.08
0.02,0.02,7.42,1.26,4.06
-0.00,-0.00,5.19,0.73,2.75
0.03,0.03,6.03,0.50,3.04
0.20,0.20,8.05,1.47,3.93
0.25,0.25,9.22,2.98,4.69
0.36,0.36,10.09,6.97,6.09
0.21,0.21,10.96,10.36,7.57
0.21,0.21,14.17,12.10,10.98
0.44,0.44,14.18,10.84,12.92
0.40,0.40,14.79,8.42,14.48
0.41,0.41,15.32,6.42,10.76
1.26,1.26,15.60,6.92,10.55
1.97,1.97,16.40,7.07,10.38
2.14,2.14,17.75,8.14,10.44
1.74,1.74,17.25,7.94,10.08
0.85,0.85,15.15,6.25,8.33
0.28,0.28,14.29,6.02,7.73
0.16,0.16,12.57,4.59,5.93
0.06,0.06,11.50,3.63,5.40
0.00,0.00,8.70,1.78,3.30
-0.00,-0.00,5.07,0.36,1.74
-0.00,-0.00,1.77,-0.00,1.59
-0.00,-0.00,0.25,-0.00,1.59
-0.00,-0.00,0.35,-0.00,1.59
-0.00,-0.00,1.47,-0.00,1.59
-0.00,-0.00,2.69,0.13,1.59
-0.00,-0.00,4.10,1.90,1.81
-0.00,-0.00,6.75,4.81,2.87
-0.00,-0.00,8.11,5.40,4.89
-0.00,-0.00,8.77,4.82,6.07
-0.00,-0.00,8.78,3.67,6.35
-0.00,-0.00,8.46,2.16,3.89
-0.00,-0.00,8.44,2.41,3.43
-0.00,-0.00,9.90,2.72,3.62
-0.00,-0.00,11.16,3.19,3.81
-0.00,-0.00,9.12,2.07,2.94
-0.00,-0.00,7.70,1.61,2.22
-0.00,-0.00,5.92,0.83,1.73
-0.00,-0.00,4.75,0.40,1.67
-0.00,-0.00,3.67,0.06,1.59
-0.00,-0.00,1.36,-0.00,1.59
-0.00,-0.00,0.12,-0.00,1.59
-0.00,-0.00,-0.00,-0.00,1.59
-0.00,-0.00,-0.00,-0.00,1.59
-0.00,-0.00,-0.00,-0.00,1.59
-0.00,-0.00,-0.00,-0.00,1.59
-0.00,-0.00,0.04,-0.00,1.59
-0.00,-0.00,0.34,-0.00,1.59
-0.00,-0.00,1.65,0.20,1.59
-0.00,-0.00,2.37,0.41,1.64
-0.00,-0.00,2.96,0.28,1.69
-0.00,-0.00,2.04,0.01,1.59
-0.00,-0.00,2.05,-0.00,1.59
-0.00,-0.00,2.02,-0.00,1.59
-0.00,-0.00,4.14,0.12,1.59
-0.00,-0.00,4.16,0.09,1.59
-0.00,-0.00,2.62,0.00,1.59
-0.00,-0.00,1.25,-0.00,1.59
-0.00,-0.00,0.39,-0.00,1.59
-0.00,-0.00,0.10,-0.00,1.59
-0.00,-0.00,-0.00,-0.00,1.59
-0.00,-0.00,-0.00,-0.00,1.59
-0.00,-0.00,-0.00,-0.00,1.59
-0.00,-0.00,-0.00,-0.00,1.59
-0.00,-0.00,-0.00,-0.00,1.59
-0.00,-0.00,-0.00,-0.00,1.59
-0.00,-0.00,-0.00,-0.00,1.59
-0.00,-0.00,-0.00,-0.00,1.59
-0.00,-0.00,-0.00,-0.00,1.59
-0.00,-0.00,-0.00,-0.00,1.59
-0.00,-0.00,-0.00,-0.00,1.59
-0.00,-0.00,-0.00,-0.00,1.59
-0.00,-0.00,-0.00,-0.00,1.59
-0.00,-0.00,-0.00,-0.00,1.59
-0.00,-0.00,-0.00,-0.00,1.59
-0.00,-0.00,-0.00,-0.00,1.59
-0.00,-0.00,-0.00,-0.00,1.59
-0.00,-0.00,-0.00,-0.00,1.59
-0.00,-0.00,-0.00,-0.00,1.59
-0.00,-0.00,-0.00,-0.00,1.59
-0.00,-0.00,-0.00,-0.00,1.59
-0.00,-0.00,-0.00,-0.00,1.59
-0.00,-0.00,-0.00,-0.00,1.59
-0.00,-0.00,-0.00,-0.00,1.59
-0.00,-0.00,-0.00,-0.00,1.59
-0.00,-0.00,-0.00,-0.00,1.59
-0.00,-0.00,-0.00,-0.00,1.59
-0.00,-0.00,-0.00,-0.00,1.59
-0.00,-0.00,-0.00,-0.00,1.59
-0.00,-0.00,-0.00,-0.00,1.59
-0.00,-0.00,-0.00,-0.00,1.59
-0.00,-0.00,-0.00,-0.00,1.59
-0.00,-0.00,-0.00,-0.00,1.59
-0.00,-0.00,-0.00,-0.00,1.59
-0.00,-0.00,-0.00,-0.00,1.59
-0.00,-0.00,-0.00,-0.00,1.59
-0.00,-0.00,-0.00,-0.00,1.59
-0.00,-0.00,-0.00,-0.00,1.59
-0.00,-0.00,-0.00,-0.00,1.59
-0.00,-0.00,-0.00,-0.00,1.59
-0.00,-0.00,-0.00,-0.00,1.59
-0.00,-0.00,-0.00,-0.00,1.59
-0.00,-0.00,-0.00,-0.00,1.59
-0.00,-0.00,-0.00,-0.00,1.59
-0.00,-0.00,-0.00,-0.00,1.59
-0.00,-0.00,-0.00,-0.00,1.59
-0.00,-0.00,-0.00,-0.00,1.59
-0.00,-0.00,-0.00,-0.00,1.59
-0.00,-0.00,-0.00,-0.00,1.59
-0.00,-0.00,-0.00,-0.00,1.59
-0.00,-0.00,-0.00,-0.00,1.59
-0.00,-0.00,-0.00,-0.00,1.59
-0.00,-0.00,-0.00,-0.00,1.59
-0.00,-0.00,-0.00,-0.00,1.59
-0.00,-0.00,-0.00,-0.00,1.59
-0.00,-0.00,-0.00,-0.00,1.59
-0.00,-0.00,-0.00,-0.00,1.59
-0.00,-0.00,-0.00,-0.00,1.59
-0.00,-0.00,-0.00,-0.00,1.59
-0.00,-0.00,-0.00,-0.00,1.59
-0.00,-0.00,-0.00,-0.00,1.59
-0.00,-0.00,-0.00,-0.00,1.59
-0.00,-0.00,-0.00,-0.00,1.59
-0.00,-0.00,-0.00,-0.00,1.59
-0.00,-0.00,-0.00,-0.00,1.59
-0.00,-0.00,-0.00,-0.00,1.59
-0.00,-0.00,-0.00,-0.00,1.59
-0.00,-0.00,-0.00,-0.00,1.59
-0.00,-0.00,-0.00,-0.00,1.59
-0.00,-0.00,-0.00,-0.00,1.59
-0.00,-0.00,-0.00,-0.00,1.59
-0.00,-0.00,-0.00,-0.00,1.59
-0.00,-0.00,-0.00,-0.00,1.59
-0.00,-0.00,-0.00,-0.00,1.59
-0.00,-0.00,-0.00,-0.00,1.59
-0.00,-0.00,-0.00,-0.00,1.59
-0.00,-0.00,-0.00,-0.00,1.59
-0.00,-0.00,-0.00,-0.00,1.59
-0.00,-0.00,-0.00,-0.00,1.59
-0.00,-0.00,-0.00,-0.00,1.59
-0.00,-0.00,-0.00,-0.00,1.59
-0.00,-0.00,-0.00,-0.00,1.59
-0.00,-0.00,-0.00,-0.00,1.59
-0.00,-0.00,-0.00,-0.00,1.59
-0.00,-0.00,-0.00,-0.00,1.59
-0.00,-0.00,-0.00,-0.00,1.59
-0.00,-0.00,-0.00,-0.00,1.59
-0.00,-0.00,-0.00,-0.00,1.59
-0.00,-0.00,-0.00,-0.00,1.59
-0.00,-0.00,-0.00,-0.00,1.59
-0.00,-0.00,-0.00,-0.00,1.59
-0.00,-0.00,-0.00,-0.00,1.59
-0.00,-0.00,-0.00,-0.00,1.59
-0.00,-0.00,-0.00,-0.00,1.59
-0.00,-0.00,-0.00,-0.00,1.59
-0.00,-0.00,-0.00,-0.00,1.59
-0.00,-0.00,-0.00,-0.00,1.59
-0.00,-0.00,-0.00,-0.00,1.59
-0.00,-0.00,-0.00,-0.00,1.59
-0.00,-0.00,-0.00,-0.00,1.59
-0.00,-0.00,-0.00,-0.00,1.59
-0.00,-0.00,-0.00,-0.00,1.59
-0.00,-0.00,-0.00,-0.00,1.59
-0.00,-0.00,-0.00,-0.00,1.59
-0.00,-0.00,-0.00,-0.00,1.59
-0.00,-0.00,-0.00,-0.00,1.59
-0.00,-0.00,-0.00,-0.00,1.59
-0.00,-0.00,-0.00,-0.00,1.59
-0.00,-0.00,-0.00,-0.00,1.59
-0.00,-0.00,-0.00,-0.00,1.59
-0.00,-0.00,-0.00,-0.00,1.59
-0.00,-0.00,-0.00,-0.00,1.59
-0.00,-0.00,-0.00,-0.00,1.59
-0.00,-0.00,-0.00,-0.00,1.59
-0.00,-0.00,-0.00,-0.00,1.59
-0.00,-0.00,-0.00,-0.00,1.59
-0.00,-0.00,-0.00,-0.00,1.59
-0.00,-0.00,-0.00,-0.00,1.59
-0.00,-0.00,-0.00,-0.00,1.59
-0.00,-0.00,-0.00,-0.00,1.59
