31.63,31.63,26.88,34.91,50.13
29.50,29.50,33.91,27.09,71.24
22.84,22.84,35.49,25.17,71.55
19.70,19.70,33.04,24.30,69.80
20.18,20.18,34.40,21.62,70.10
21.40,21.40,33.70,20.93,71.62
21.06,21.06,34.68,20.94,70.74
21.84,21.84,34.30,24.01,71.21
22.97,22.97,34.69,24.06,69.08
23.67,23.67,37.68,23.48,69.96
21.39,21.39,36.55,21.63,67.61
21.97,21.97,39.28,21.46,68.95
20.79,20.79,39.17,19.29,68.91
19.88,19.88,38.36,24.26,68.76
22.58,22.58,41.61,24.08,67.85
23.31,23.31,39.26,21.18,67.59
23.62,23.62,43.43,18.71,63.63
23.79,23.79,43.96,24.40,64.96
22.82,22.82,46.77,27.48,61.85
22.80,22.80,48.02,28.05,63.16
22.31,22.31,46.37,28.49,59.12
24.83,24.83,47.70,28.39,58.94
21.95,21.95,45.95,26.12,59.55
20.40,20.40,47.54,27.01,59.76
23.94,23.94,46.54,26.94,58.03
23.75,23.75,46.56,28.01,57.71
20.98,20.98,41.41,30.23,57.86
16.97,16.97,39.45,35.53,57.81
11.65,11.65,36.33,38.10,63.64
13.28,13.28,36.62,28.74,72.13
14.61,14.61,35.46,24.46,71.20
15.84,15.84,34.97,20.40,70.00
17.03,17.03,36.52,22.56,71.90
16.26,16.26,36.03,17.36,68.64
18.39,18.39,37.47,16.98,72.20
17.17,17.17,36.82,17.29,69.55
18.52,18.52,37.57,16.88,70.74
18.59,18.59,38.80,12.81,69.40
14.59,14.59,36.17,12.80,68.22
17.16,17.16,40.48,13.77,69.69
17.84,17.84,40.08,12.65,67.15
15.79,15.79,37.47,11.69,69.31
18.53,18.53,39.99,9.45,67.82
21.36,21.36,42.70,8.04,67.01
21.67,21.67,42.22,11.06,63.88
24.16,24.16,43.79,8.47,65.11
29.23,29.23,44.26,9.41,62.57
29.27,29.27,40.43,10.52,62.50
27.33,27.33,40.50,9.30,61.81
19.88,19.88,37.29,12.83,61.38
18.91,18.91,36.24,6.42,66.61
17.45,17.45,33.35,0.22,72.66
17.62,17.62,33.24,-0.00,72.52
18.39,18.39,35.03,4.27,72.98
17.02,17.02,35.95,5.91,73.88
18.90,18.90,37.51,1.73,73.41
20.01,20.01,36.75,3.45,73.96
21.03,21.03,36.79,2.34,74.54
21.62,21.62,38.33,4.83,72.81
22.95,22.95,38.96,10.89,73.85
23.12,23.12,38.22,19.43,73.19
22.94,22.94,36.78,19.64,72.47
24.25,24.25,36.56,20.29,73.27
24.34,24.34,37.17,22.56,73.85
23.83,23.83,35.76,24.30,72.77
26.77,26.77,37.56,26.94,71.72
27.77,27.77,36.89,27.48,72.47
28.14,28.14,35.64,28.84,68.06
30.16,30.16,37.82,25.40,69.38
27.85,27.85,35.90,25.86,66.74
22.49,22.49,29.73,30.72,67.06
20.10,20.10,33.84,29.78,68.91
19.50,19.50,30.40,19.40,74.48
22.25,22.25,29.77,11.46,73.99
23.33,23.33,32.33,3.54,73.95
22.56,22.56,31.48,6.42,73.94
23.86,23.86,32.20,12.52,72.60
26.90,26.90,36.04,14.15,74.40
25.74,25.74,34.70,4.41,72.79
26.12,26.12,34.60,8.58,72.86
27.05,27.05,35.59,18.49,71.00
25.48,25.48,34.17,18.42,70.52
25.35,25.35,35.47,16.55,73.03
25.31,25.31,34.43,18.44,70.04
25.39,25.39,32.14,15.19,70.07
25.45,25.45,32.49,17.02,69.77
27.87,27.87,34.32,19.69,68.73
29.99,29.99,35.37,24.13,70.24
32.99,32.99,34.83,25.31,67.21
33.93,33.93,33.97,31.21,68.51
34.81,34.81,32.71,29.37,64.99
33.54,33.54,34.61,30.35,65.12
28.27,28.27,33.17,30.57,64.28
26.68,26.68,35.26,29.00,64.77
26.34,26.34,34.34,28.20,66.38
28.40,28.40,34.33,29.01,65.28
29.53,29.53,35.49,32.86,66.49
30.95,30.95,36.74,28.68,66.50
28.70,28.70,39.00,30.23,67.20
26.98,26.98,41.76,31.96,67.16
28.03,28.03,42.64,32.49,66.78
26.90,26.90,40.82,31.36,68.08
26.59,26.59,40.61,32.69,66.89
26.42,26.42,42.50,28.38,65.70
25.49,25.49,41.63,31.14,64.81
27.19,27.19,43.78,27.36,66.40
26.96,26.96,42.10,29.38,67.03
28.16,28.16,44.35,32.06,67.03
30.02,30.02,42.74,28.67,66.28
31.50,31.50,41.82,31.86,66.06
34.38,34.38,40.13,31.66,65.55
34.46,34.46,39.72,32.02,64.71
30.17,30.17,34.81,31.03,65.38
19.58,19.58,27.71,35.36,64.98
18.14,18.14,30.90,31.11,67.03
17.39,17.39,30.20,23.32,69.93
18.03,18.03,30.14,22.26,71.02
20.17,20.17,29.69,23.79,69.99
21.15,21.15,30.13,23.23,70.43
21.54,21.54,31.15,18.26,70.05
23.98,23.98,31.61,24.34,70.84
25.44,25.44,32.44,25.35,70.73
25.51,25.51,31.82,23.73,71.75
25.76,25.76,32.78,28.26,69.17
24.49,24.49,31.47,27.51,71.76
26.84,26.84,32.07,27.91,71.20
26.84,26.84,31.56,27.09,70.05
27.59,27.59,31.33,25.59,70.42
27.76,27.76,33.21,31.63,67.42
31.51,31.51,34.92,28.44,68.47
32.14,32.14,35.42,30.26,66.90
32.81,32.81,35.24,30.21,63.96
34.53,34.53,37.25,31.44,63.96
33.89,33.89,37.65,31.58,61.03
33.64,33.64,41.63,34.07,61.14
32.69,32.69,40.04,29.23,61.00
35.23,35.23,43.70,31.21,63.02
36.80,36.80,41.53,25.69,61.95
36.60,36.60,43.45,28.55,61.26
37.17,37.17,39.38,26.35,61.29
34.81,34.81,40.14,26.77,60.23
29.56,29.56,33.39,34.96,58.79
19.76,19.76,32.99,40.51,61.85
19.99,19.99,34.70,34.35,69.37
18.21,18.21,28.74,26.88,68.61
22.22,22.22,29.29,31.55,71.20
23.71,23.71,30.74,32.90,72.07
24.51,24.51,30.41,33.80,70.15
25.25,25.25,28.99,33.89,71.91
27.79,27.79,29.40,36.45,70.24
26.64,26.64,29.10,37.60,71.37
26.88,26.88,30.40,38.05,69.57
27.82,27.82,30.64,38.38,71.30
27.63,27.63,29.92,40.47,70.59
28.51,28.51,31.57,40.41,69.66
29.56,29.56,29.68,38.99,69.43
29.86,29.86,29.66,38.58,67.88
30.01,30.01,32.39,39.09,67.97
30.54,30.54,33.66,38.75,67.77
32.78,32.78,34.85,37.39,64.87
35.07,35.07,36.59,36.46,65.29
33.96,33.96,36.69,36.76,62.90
32.05,32.05,30.90,37.97,61.77
26.24,26.24,28.14,39.73,62.13
22.33,22.33,29.75,38.08,62.17
21.40,21.40,31.52,29.54,69.28
19.76,19.76,28.74,28.89,70.67
21.49,21.49,28.86,26.02,71.58
22.83,22.83,28.72,25.06,71.85
24.28,24.28,28.82,27.21,70.56
26.04,26.04,29.87,29.48,71.40
26.78,26.78,30.86,31.17,71.89
27.11,27.11,30.85,25.71,71.69
30.26,30.26,31.96,21.35,72.64
29.62,29.62,30.24,18.47,71.14
30.25,30.25,29.60,20.38,72.10
29.84,29.84,29.38,18.69,71.25
29.61,29.61,29.66,35.03,68.56
30.74,30.74,28.10,29.79,70.43
33.74,33.74,29.80,25.22,68.73
34.28,34.28,29.47,24.29,67.62
34.28,34.28,29.47,23.45,67.28
33.52,33.52,30.33,23.84,63.50
32.92,32.92,29.15,25.38,63.40
26.74,26.74,25.30,32.49,62.02
23.30,23.30,25.57,22.85,64.01
22.14,22.14,29.98,22.08,71.27
19.47,19.47,28.29,13.21,73.04
21.14,21.14,27.49,18.44,72.42
21.17,21.17,26.66,16.61,72.00
23.37,23.37,29.65,24.59,72.32
23.90,23.90,29.48,21.74,72.69
24.68,24.68,29.84,27.55,71.67
26.37,26.37,31.29,19.89,72.32
26.81,26.81,29.22,18.39,74.05
27.57,27.57,28.61,22.87,72.51
30.60,30.60,28.93,27.86,70.63
30.29,30.29,28.57,32.03,70.98
28.17,28.17,27.16,35.97,69.31
26.60,26.60,25.05,31.66,70.46
30.30,30.30,32.85,28.95,70.84
29.40,29.40,31.16,32.78,69.93
30.78,30.78,28.66,25.83,68.73
32.45,32.45,30.98,34.60,66.09
31.19,31.19,30.04,31.17,64.47
30.46,30.46,29.63,28.87,63.84
26.71,26.71,34.45,34.21,64.44
28.82,28.82,36.53,31.19,63.48
27.63,27.63,36.89,34.42,67.06
26.12,26.12,38.78,32.86,67.96
28.27,28.27,44.58,30.75,66.56
28.71,28.71,43.53,30.64,64.38
28.06,28.06,38.73,31.49,64.39
24.74,24.74,34.13,29.54,61.59
26.64,26.64,37.36,25.90,63.75
26.79,26.79,35.50,29.68,67.94
29.52,29.52,31.26,27.22,68.64
32.73,32.73,30.68,23.90,66.78
33.48,33.48,32.06,23.07,65.57
31.39,31.39,32.44,25.83,66.13
29.39,29.39,33.02,26.64,64.60
26.18,26.18,34.02,28.08,66.38
26.73,26.73,36.85,28.25,64.47
30.55,30.55,34.19,30.43,66.22
32.04,32.04,32.63,34.40,66.16
31.95,31.95,30.19,36.90,65.94
27.61,27.61,25.99,36.00,67.85
19.31,19.31,20.96,32.29,68.32
21.23,21.23,28.32,35.48,69.90
18.99,18.99,25.88,28.34,71.06
19.53,19.53,25.95,18.66,72.73
20.46,20.46,27.29,11.33,70.77
21.14,21.14,27.88,9.64,70.69
21.80,21.80,26.26,11.16,72.26
23.39,23.39,29.29,17.77,71.53
24.05,24.05,27.36,21.77,72.80
24.62,24.62,27.17,19.94,70.78
24.68,24.68,27.95,27.29,70.21
25.55,25.55,29.98,28.42,70.13
25.95,25.95,27.71,30.24,67.37
28.37,28.37,29.26,30.29,69.51
29.06,29.06,29.34,30.43,69.06
29.84,29.84,34.36,31.03,67.21
31.62,31.62,38.69,30.37,67.24
33.12,33.12,37.92,29.68,62.88
33.67,33.67,42.37,30.45,64.29
32.94,32.94,44.74,29.19,62.42
33.76,33.76,40.32,26.08,62.78
32.88,32.88,45.36,27.31,60.23
34.93,34.93,43.90,28.11,60.14
37.34,37.34,44.75,23.44,60.81
37.14,37.14,44.41,26.51,59.27
36.81,36.81,44.75,28.62,58.59
36.47,36.47,43.59,28.11,59.32
34.57,34.57,42.03,27.98,59.67
27.13,27.13,35.50,32.79,58.99
16.99,16.99,33.36,36.21,58.54
15.57,15.57,32.71,32.22,70.88
16.82,16.82,29.96,21.78,72.58
19.68,19.68,33.46,21.45,71.83
21.07,21.07,32.36,19.58,70.86
21.38,21.38,34.09,16.47,69.81
24.33,24.33,34.08,19.80,72.25
24.94,24.94,33.56,14.69,71.30
26.44,26.44,33.10,18.35,71.33
26.92,26.92,34.27,22.49,69.82
27.01,27.01,35.68,19.67,70.83
28.43,28.43,36.05,20.66,68.28
29.40,29.40,36.59,17.57,68.48
29.87,29.87,36.57,16.45,70.09
30.84,30.84,39.20,16.21,69.27
33.99,33.99,35.24,14.79,67.84
36.08,36.08,34.30,14.60,67.35
35.98,35.98,38.47,15.57,64.52
37.27,37.27,35.51,11.17,65.54
36.68,36.68,37.94,14.55,62.84
33.51,33.51,31.09,14.23,62.05
25.79,25.79,25.35,22.60,59.69
24.96,24.96,31.11,12.01,62.46
20.55,20.55,30.08,14.90,74.27
19.59,19.59,28.76,16.97,73.53
23.67,23.67,30.33,20.07,74.74
23.14,23.14,30.65,24.73,74.62
24.18,24.18,32.39,25.15,74.84
27.46,27.46,33.53,25.16,75.51
28.59,28.59,32.66,24.11,72.30
30.27,30.27,31.82,25.29,74.27
30.79,30.79,30.51,25.92,72.37
31.00,31.00,28.02,29.43,71.22
32.39,32.39,29.28,30.79,72.66
34.74,34.74,28.09,29.07,72.09
36.25,36.25,27.23,25.14,70.80
35.91,35.91,25.79,26.70,70.60
38.05,38.05,25.70,29.50,68.68
38.24,38.24,25.74,28.26,68.29
36.59,36.59,24.22,25.89,68.28
36.97,36.97,21.94,23.69,65.13
35.24,35.24,18.56,26.01,65.35
30.04,30.04,14.16,31.20,63.06
25.03,25.03,22.27,31.40,63.42
22.16,22.16,27.98,27.91,71.56
23.38,23.38,25.98,21.37,71.72
25.61,25.61,26.44,25.91,72.79
24.94,24.94,26.12,23.95,73.01
24.90,24.90,27.80,21.03,72.24
27.33,27.33,31.20,26.21,73.84
27.25,27.25,30.93,28.55,71.88
25.28,25.28,29.13,24.35,73.28
25.91,25.91,28.44,22.79,72.51
27.75,27.75,27.37,26.30,69.58
28.71,28.71,28.21,25.51,72.34
33.10,33.10,27.28,18.28,72.30
33.95,33.95,24.41,23.87,71.44
34.74,34.74,23.61,22.79,69.75
36.07,36.07,22.49,25.65,70.77
35.39,35.39,22.14,31.69,70.50
36.49,36.49,22.11,28.03,71.26
35.31,35.31,21.18,30.39,67.39
36.55,36.55,20.83,33.69,67.78
36.78,36.78,23.03,34.97,67.35
35.37,35.37,25.42,34.06,65.08
42.00,42.00,33.89,35.55,66.00
38.18,38.18,31.90,33.25,63.01
37.53,37.53,34.39,34.15,64.56
37.74,37.74,36.94,30.63,61.18
37.66,37.66,39.39,33.53,62.62
38.02,38.02,41.04,30.35,60.03
38.67,38.67,43.11,30.90,59.91
38.25,38.25,43.26,33.34,57.99
39.19,39.19,41.38,31.85,57.51
38.18,38.18,43.98,35.74,56.75
37.88,37.88,42.91,33.83,54.87
37.77,37.77,45.68,37.12,55.49
38.24,38.24,43.00,36.20,54.63
38.82,38.82,46.89,35.92,54.71
39.14,39.14,43.79,34.84,55.71
40.39,40.39,46.23,37.63,52.64
38.74,38.74,42.20,37.48,51.67
39.20,39.20,41.37,35.05,50.16
37.14,37.14,42.19,38.51,50.00
30.68,30.68,33.14,33.24,49.18
21.13,21.13,28.05,35.83,50.57
17.79,17.79,31.41,34.63,58.12
17.54,17.54,31.88,36.98,71.91
18.36,18.36,29.08,36.66,71.60
20.35,20.35,27.95,38.44,71.91
22.46,22.46,30.30,40.57,71.16
22.05,22.05,28.01,40.36,70.73
25.35,25.35,29.42,41.64,71.20
27.20,27.20,29.24,43.07,70.30
25.89,25.89,30.16,44.54,72.13
24.44,24.44,28.57,44.54,68.97
25.08,25.08,28.94,45.96,69.78
25.78,25.78,27.22,46.04,70.09
27.19,27.19,28.35,45.92,69.40
29.29,29.29,28.36,46.32,69.91
30.19,30.19,27.88,46.37,68.52
28.90,28.90,33.01,46.41,67.40
30.00,30.00,28.70,44.85,67.17
30.07,30.07,36.32,42.97,64.40
32.78,32.78,36.66,41.96,64.14
32.36,32.36,39.56,40.50,61.80
32.49,32.49,42.16,38.65,61.94
33.15,33.15,43.94,34.37,61.09
39.50,39.50,43.12,34.21,59.94
36.37,36.37,43.61,30.54,61.86
35.61,35.61,42.08,29.60,59.77
36.89,36.89,42.52,29.83,59.91
34.92,34.92,39.53,24.67,59.98
30.47,30.47,36.07,31.93,57.74
20.34,20.34,31.74,39.48,59.75
18.60,18.60,36.55,36.02,68.03
17.16,17.16,32.06,33.35,70.46
18.65,18.65,28.73,36.47,71.32
20.20,20.20,29.42,38.46,70.05
22.90,22.90,28.97,41.17,71.42
25.74,25.74,28.53,41.35,71.24
27.26,27.26,27.59,42.54,69.42
27.49,27.49,26.73,43.30,71.71
25.89,25.89,27.55,44.18,71.06
28.25,28.25,26.53,43.66,69.98
28.12,28.12,28.75,45.35,72.79
28.32,28.32,28.75,45.81,69.34
28.49,28.49,25.01,45.54,70.98
31.39,31.39,26.43,45.09,71.58
33.38,33.38,26.60,45.79,67.50
33.10,33.10,30.99,44.71,68.49
33.32,33.32,29.39,42.20,65.31
33.99,33.99,34.65,40.62,64.54
32.21,32.21,35.20,40.78,63.18
29.31,29.31,31.90,42.01,60.90
22.45,22.45,28.59,43.23,60.10
19.99,19.99,29.73,42.57,58.76
19.26,19.26,35.71,36.81,70.18
18.87,18.87,32.85,33.16,71.12
21.27,21.27,32.99,32.74,71.75
21.96,21.96,30.28,37.07,71.62
26.18,26.18,32.73,32.15,71.61
26.74,26.74,32.80,34.34,70.06
28.76,28.76,32.05,32.54,71.72
30.37,30.37,33.42,38.28,72.11
28.11,28.11,32.32,35.27,72.55
28.84,28.84,30.99,37.62,73.16
31.75,31.75,29.26,41.39,72.19
33.37,33.37,29.87,42.59,71.91
33.16,33.16,30.34,43.25,70.77
33.31,33.31,29.23,42.59,69.80
32.48,32.48,30.23,44.39,70.77
33.84,33.84,31.61,43.77,68.71
34.61,34.61,35.47,43.35,68.59
33.74,33.74,34.45,39.97,66.07
30.03,30.03,34.20,39.20,63.01
23.27,23.27,29.92,40.30,62.88
18.92,18.92,29.14,32.11,63.57
17.54,17.54,37.54,35.54,68.67
15.94,15.94,34.76,33.57,74.17
19.12,19.12,33.47,31.79,72.12
18.74,18.74,31.48,30.21,72.71
22.60,22.60,32.56,33.32,73.15
23.99,23.99,32.69,40.32,72.29
24.49,24.49,31.31,42.83,71.58
24.11,24.11,33.13,43.68,70.90
24.56,24.56,33.19,45.31,72.46
26.69,26.69,32.39,46.99,72.34
25.76,25.76,29.65,47.59,70.58
30.36,30.36,28.92,48.50,71.11
30.42,30.42,27.53,48.94,71.13
28.82,28.82,26.28,49.89,68.31
27.16,27.16,31.55,49.24,69.98
28.55,28.55,36.61,47.75,71.66
28.35,28.35,35.06,45.93,70.47
29.09,29.09,32.11,44.64,68.90
31.53,31.53,34.08,44.21,67.35
31.24,31.24,34.61,39.05,69.26
28.81,28.81,30.31,39.34,67.09
33.09,33.09,36.11,38.09,67.28
32.12,32.12,37.42,36.31,68.64
29.88,29.88,39.51,34.08,66.60
30.63,30.63,43.46,34.16,65.24
30.02,30.02,41.54,33.26,67.10
28.44,28.44,37.07,30.30,65.39
20.96,20.96,30.13,23.04,65.87
17.09,17.09,36.01,19.33,68.80
11.64,11.64,38.05,12.94,72.99
12.65,12.65,37.01,12.81,73.14
16.05,16.05,36.22,15.48,73.16
16.62,16.62,35.96,22.33,71.16
16.78,16.78,35.67,28.58,71.47
19.12,19.12,38.03,29.87,75.01
19.56,19.56,33.53,32.24,73.06
20.25,20.25,32.77,38.30,74.95
20.01,20.01,29.48,42.18,73.97
22.02,22.02,28.59,42.94,71.70
22.55,22.55,32.92,41.93,73.11
18.75,18.75,53.57,43.20,71.55
10.20,10.20,65.39,41.78,69.78
4.23,4.23,72.11,41.03,69.17
6.37,6.37,88.12,38.54,66.94
10.87,10.87,86.68,32.80,65.62
21.70,21.70,85.99,47.62,63.91
28.16,28.16,85.62,54.88,62.60
27.58,27.58,88.72,60.17,63.56
28.12,28.12,86.37,63.04,61.38
22.71,22.71,84.38,64.36,65.93
17.67,17.67,83.14,70.43,69.25
17.65,17.65,79.00,72.53,69.02
21.04,21.04,77.86,74.43,67.41
23.98,23.98,74.90,74.53,68.07
27.52,27.52,74.73,74.32,69.97
27.00,27.00,59.14,75.53,65.99
28.42,28.42,41.61,76.09,67.94
28.78,28.78,45.61,75.68,65.73
33.87,33.87,38.56,74.18,66.28
40.51,40.51,32.53,74.03,64.56
56.44,56.44,28.11,74.21,66.34
62.99,62.99,25.25,74.56,65.73
66.97,66.97,30.69,74.62,64.87
68.54,68.54,44.78,77.18,63.60
72.37,72.37,41.91,74.16,70.07
72.59,72.59,41.75,72.42,72.93
69.53,69.53,42.53,73.83,73.70
67.47,67.47,40.80,72.81,70.62
60.87,60.87,46.03,74.87,66.70
57.84,57.84,59.57,73.97,62.95
67.14,67.14,67.23,73.44,59.20
74.02,74.02,83.34,72.48,58.72
79.56,79.56,88.19,69.16,56.78
76.10,76.10,85.20,64.71,58.59
75.48,75.48,86.01,60.17,59.41
78.35,78.35,87.53,61.37,62.14
80.27,80.27,86.02,57.49,62.97
78.22,78.22,84.70,65.63,62.87
78.22,78.22,85.79,67.49,65.77
80.14,80.14,78.56,72.75,70.52
79.01,79.01,78.83,73.08,67.58
75.67,75.67,75.42,75.16,70.43
77.93,77.93,77.08,74.77,69.15
77.58,77.58,66.30,74.65,70.57
78.41,78.41,53.98,73.50,68.23
75.28,75.28,47.16,73.35,74.20
74.33,74.33,45.00,75.51,76.58
77.62,77.62,41.93,74.89,75.56
79.60,79.60,36.95,72.09,69.88
79.06,79.06,37.03,74.72,68.13
78.73,78.73,38.68,73.19,66.67
80.84,80.84,40.51,74.92,65.33
80.97,80.97,42.68,73.62,62.95
80.81,80.81,41.72,74.43,66.27
79.03,79.03,41.16,76.11,70.91
79.55,79.55,38.81,70.77,70.84
78.57,78.57,40.60,74.19,68.93
78.89,78.89,53.10,72.88,68.04
77.73,77.73,63.87,71.88,66.74
76.89,76.89,72.10,73.60,65.06
78.81,78.81,87.53,72.85,59.89
78.44,78.44,87.21,68.63,59.50
77.54,77.54,83.76,66.36,57.81
77.83,77.83,85.70,67.55,61.11
77.59,77.59,85.01,66.59,61.04
79.04,79.04,84.89,67.92,60.31
81.84,81.84,86.45,64.48,64.42
80.77,80.77,80.46,59.56,67.58
78.99,78.99,78.74,48.64,66.46
81.23,81.23,76.20,49.59,67.68
82.41,82.41,78.43,51.27,64.28
79.47,79.47,74.68,47.85,65.60
78.30,78.30,62.74,56.78,65.13
83.11,83.11,59.79,53.34,65.07
81.47,81.47,52.80,63.99,65.94
79.49,79.49,42.29,75.35,71.81
76.83,76.83,38.36,75.77,71.02
79.17,79.17,37.03,75.43,72.29
78.47,78.47,39.04,76.78,71.39
71.13,71.13,45.42,75.35,72.69
70.79,70.79,49.95,75.07,75.44
70.49,70.49,48.64,71.76,78.14
68.93,68.93,46.96,71.48,79.10
67.96,67.96,42.33,74.92,77.12
66.44,66.44,40.87,74.28,75.13
68.82,68.82,45.65,73.46,74.54
71.48,71.48,58.59,71.65,71.31
68.89,68.89,68.52,72.16,67.35
73.29,73.29,81.71,68.76,65.88
76.78,76.78,88.00,60.69,61.74
82.66,82.66,86.66,54.38,59.83
84.62,84.62,85.81,57.54,58.73
82.64,82.64,85.11,60.03,59.10
82.98,82.98,85.90,62.72,60.34
83.67,83.67,87.06,66.97,59.53
80.70,80.70,83.75,69.00,60.64
76.42,76.42,79.41,74.14,63.70
80.30,80.30,74.69,73.08,63.01
84.96,84.96,71.45,73.24,65.63
80.79,80.79,71.95,72.76,63.46
76.37,76.37,65.29,74.55,63.77
73.45,73.45,57.29,72.36,67.51
70.32,70.32,40.02,75.27,72.02
75.22,75.22,35.95,72.72,72.87
74.00,74.00,37.08,73.10,72.03
70.10,70.10,37.40,74.63,70.14
68.66,68.66,39.79,72.76,69.39
69.73,69.73,39.46,75.04,68.89
70.97,70.97,39.33,74.11,70.05
71.46,71.46,38.20,74.97,71.29
71.88,71.88,34.37,74.53,71.11
73.02,73.02,35.51,72.52,69.58
70.47,70.47,33.98,73.13,69.18
69.75,69.75,36.86,71.22,67.57
67.07,67.07,51.54,72.63,64.37
66.56,66.56,64.09,72.38,65.15
68.90,68.90,71.73,74.61,60.65
75.00,75.00,86.08,66.86,60.61
73.15,73.15,87.18,55.11,58.33
76.59,76.59,86.59,50.01,59.25
76.08,76.08,85.55,52.29,60.57
73.28,73.28,84.93,57.51,62.27
75.26,75.26,87.63,58.43,60.71
79.31,79.31,84.93,64.16,63.36
81.15,81.15,83.34,70.46,66.51
80.87,80.87,81.51,71.63,67.23
81.95,81.95,74.84,71.96,70.31
82.24,82.24,75.41,72.45,69.17
82.34,82.34,71.55,73.94,69.52
81.12,81.12,64.88,73.94,68.29
79.96,79.96,50.01,73.57,68.87
79.69,79.69,44.69,72.82,67.84
81.64,81.64,42.27,65.10,70.22
82.41,82.41,41.61,55.06,67.11
78.16,78.16,42.91,48.79,64.09
76.19,76.19,46.52,52.23,65.65
76.29,76.29,46.55,55.02,64.06
74.10,74.10,49.47,55.11,64.96
74.40,74.40,52.23,59.13,68.82
80.22,80.22,54.16,71.25,63.63
78.23,78.23,54.09,72.55,62.68
72.93,72.93,52.36,73.41,62.92
69.67,69.67,52.62,74.04,61.70
68.86,68.86,57.36,73.52,64.49
63.99,63.99,63.51,72.41,60.59
63.86,63.86,76.68,70.28,63.44
63.55,63.55,87.81,68.12,62.40
69.79,69.79,86.41,65.18,61.68
75.07,75.07,86.36,63.83,60.82
77.23,77.23,85.30,66.75,64.23
81.47,81.47,87.02,65.76,61.98
77.10,77.10,87.61,63.96,63.46
73.79,73.79,82.41,60.57,63.94
78.99,78.99,82.94,55.46,68.90
83.88,83.88,76.28,49.55,69.69
83.41,83.41,79.82,42.96,68.74
77.19,77.19,75.66,45.88,71.51
78.09,78.09,71.92,49.44,67.16
79.14,79.14,58.37,52.68,71.33
75.78,75.78,55.01,58.25,73.00
75.17,75.17,52.56,72.49,78.91
72.60,72.60,52.33,75.80,76.72
72.06,72.06,48.54,74.80,72.30
73.26,73.26,41.52,76.22,68.93
74.40,74.40,36.78,76.52,70.10
72.02,72.02,35.35,75.28,66.24
71.58,71.58,34.09,75.34,66.34
69.96,69.96,34.84,74.16,67.81
69.44,69.44,37.30,76.31,70.89
67.76,67.76,36.64,76.78,73.12
66.40,66.40,35.94,76.18,71.48
65.72,65.72,46.89,74.56,71.16
66.46,66.46,61.68,76.04,70.14
64.65,64.65,65.68,75.80,68.16
68.09,68.09,85.63,73.09,65.85
71.99,71.99,87.18,63.97,62.33
73.40,73.40,85.94,54.76,59.98
74.08,74.08,85.83,49.24,62.31
78.32,78.32,86.34,48.84,61.70
80.09,80.09,88.52,51.01,62.13
78.50,78.50,84.48,51.93,64.83
77.26,77.26,85.22,47.83,66.38
76.77,76.77,78.32,44.68,66.51
75.73,75.73,78.77,47.19,67.71
75.02,75.02,77.61,36.68,65.25
77.42,77.42,75.30,41.24,64.94
76.37,76.37,65.64,44.14,65.12
72.49,72.49,44.27,46.36,66.27
72.76,72.76,41.37,57.91,75.51
70.05,70.05,37.85,71.38,77.54
70.06,70.06,35.74,71.37,77.77
71.80,71.80,34.60,71.45,75.30
74.16,74.16,32.36,72.36,76.20
73.92,73.92,36.58,73.94,76.11
71.06,71.06,41.15,71.73,73.05
71.26,71.26,44.29,68.58,74.82
68.60,68.60,41.08,72.07,76.64
68.33,68.33,38.63,74.06,75.42
67.97,67.97,38.30,73.73,74.80
66.56,66.56,36.71,75.51,71.72
64.27,64.27,38.94,76.39,71.87
62.55,62.55,49.00,75.17,70.24
67.66,67.66,61.28,68.11,74.14
65.45,65.45,62.32,74.10,74.77
69.20,69.20,61.77,72.71,70.96
70.52,70.52,55.85,71.00,73.11
76.54,76.54,51.41,73.36,68.62
74.50,74.50,50.13,74.74,66.54
73.44,73.44,50.61,73.06,67.31
75.68,75.68,50.96,65.04,66.25
77.99,77.99,50.69,71.65,76.16
76.35,76.35,48.66,74.14,74.90
77.87,77.87,48.03,74.21,73.95
76.92,76.92,45.30,73.62,70.22
74.78,74.78,44.78,71.41,67.85
77.76,77.76,44.71,72.13,66.74
75.97,75.97,44.13,71.11,69.56
73.69,73.69,42.82,75.72,75.68
71.65,71.65,42.06,73.87,77.15
75.41,75.41,39.87,74.20,70.93
71.97,71.97,40.05,73.28,69.62
70.80,70.80,41.67,73.87,70.67
69.26,69.26,39.20,72.52,69.02
69.97,69.97,40.13,70.08,67.98
69.46,69.46,42.16,75.26,74.55
69.09,69.09,41.73,71.85,76.56
68.67,68.67,41.17,73.09,74.06
68.20,68.20,43.18,70.75,72.78
66.96,66.96,49.91,74.62,70.22
64.04,64.04,55.69,76.07,68.35
66.35,66.35,67.19,75.03,62.40
68.86,68.86,81.46,67.62,60.38
72.16,72.16,88.14,65.98,63.35
76.33,76.33,85.40,63.35,61.39
73.82,73.82,86.10,61.02,61.59
74.22,74.22,87.21,64.13,61.76
74.79,74.79,85.89,65.93,61.29
75.73,75.73,85.06,65.32,64.23
78.92,78.92,86.39,70.68,67.55
77.44,77.44,78.87,73.54,69.10
76.75,76.75,78.90,76.40,68.28
76.71,76.71,75.24,76.68,68.78
78.50,78.50,76.49,75.11,67.22
74.66,74.66,65.55,70.78,68.85
77.93,77.93,53.18,74.15,68.54
78.19,78.19,49.65,75.52,68.83
76.88,76.88,45.35,74.93,68.15
82.48,82.48,42.79,73.98,64.56
83.49,83.49,39.23,73.73,66.78
77.96,77.96,38.27,73.42,66.54
73.44,73.44,42.34,72.94,65.05
74.20,74.20,46.85,75.43,64.99
70.17,70.17,49.55,72.71,63.38
76.45,76.45,50.09,69.42,65.69
70.96,70.96,48.41,71.51,67.91
66.01,66.01,48.51,73.67,69.85
63.52,63.52,48.00,73.65,68.14
65.33,65.33,52.53,72.53,65.53
59.15,59.15,62.98,71.28,63.42
61.58,61.58,75.21,67.48,62.39
65.14,65.14,87.37,63.60,64.58
67.02,67.02,88.29,64.46,63.38
71.85,71.85,85.06,63.96,67.15
74.36,74.36,87.07,62.63,64.90
78.27,78.27,85.91,58.78,62.52
78.78,78.78,85.29,61.83,65.18
73.95,73.95,86.86,69.26,65.13
72.61,72.61,81.51,73.45,66.95
77.35,77.35,79.91,72.89,69.68
83.11,83.11,75.39,74.93,69.03
78.66,78.66,77.30,75.23,68.81
75.46,75.46,71.45,74.95,68.55
83.00,83.00,62.68,72.92,69.24
80.05,80.05,46.84,73.38,70.62
75.82,75.82,50.55,73.53,78.75
75.93,75.93,45.63,73.71,74.73
76.20,76.20,40.54,73.18,72.21
75.24,75.24,36.24,75.29,72.82
70.61,70.61,40.41,74.87,68.42
69.64,69.64,43.53,75.20,64.87
69.29,69.29,46.46,73.18,65.31
66.38,66.38,50.82,73.29,68.21
64.27,64.27,53.37,71.29,72.44
61.26,61.26,50.29,74.85,71.97
59.28,59.28,48.04,73.21,71.84
60.66,60.66,45.79,74.12,74.45
59.54,59.54,53.94,75.19,73.39
60.47,60.47,64.84,73.69,73.69
65.85,65.85,79.83,71.89,72.50
67.53,67.53,87.11,68.08,66.06
70.73,70.73,86.98,68.12,61.63
69.15,69.15,85.60,63.73,61.05
72.41,72.41,84.48,65.62,62.41
72.57,72.57,85.58,65.79,62.35
72.02,72.02,87.28,65.54,62.55
72.12,72.12,82.93,63.46,64.15
72.63,72.63,82.15,50.38,69.00
71.13,71.13,76.05,51.33,67.28
72.71,72.71,77.99,39.35,67.83
73.14,73.14,78.38,38.92,67.84
69.47,69.47,70.34,45.54,65.83
69.64,69.64,60.76,47.72,64.64
66.59,66.59,55.43,51.57,71.16
62.93,62.93,47.32,70.56,76.44
65.84,65.84,44.86,72.95,77.30
67.73,67.73,42.70,74.04,72.50
68.40,68.40,42.91,73.29,75.50
66.41,66.41,45.06,73.44,73.81
64.56,64.56,50.25,72.19,74.14
60.76,60.76,50.56,74.11,74.80
70.11,70.11,49.33,68.20,77.61
67.97,67.97,47.20,76.64,76.63
68.56,68.56,44.30,73.43,73.28
65.09,65.09,47.35,72.69,73.36
60.20,60.20,55.14,75.49,70.36
58.10,58.10,66.55,72.56,67.69
61.70,61.70,71.86,67.99,64.13
62.64,62.64,86.44,65.28,61.20
69.44,69.44,88.20,58.08,58.59
74.51,74.51,86.28,54.18,57.70
74.11,74.11,85.67,59.35,57.42
74.32,74.32,85.63,63.14,60.06
73.76,73.76,87.83,66.69,55.93
74.84,74.84,85.90,66.28,56.52
77.44,77.44,82.96,72.37,57.79
79.26,79.26,78.97,72.95,62.67
80.67,80.67,71.14,74.14,64.62
81.33,81.33,73.21,73.21,61.41
81.45,81.45,67.54,74.64,63.08
78.66,78.66,59.68,74.82,63.37
77.09,77.09,49.05,71.89,67.88
75.12,75.12,39.40,72.81,74.02
75.02,75.02,38.86,74.21,74.34
75.90,75.90,40.29,73.86,73.54
75.66,75.66,40.05,74.96,68.19
75.44,75.44,42.17,75.54,67.13
75.75,75.75,47.09,73.78,63.48
76.13,76.13,49.00,75.29,63.22
72.07,72.07,48.33,72.47,65.75
71.66,71.66,45.28,74.76,60.38
71.20,71.20,42.96,73.32,62.97
70.77,70.77,41.06,75.71,61.17
73.62,73.62,45.46,76.07,61.75
72.30,72.30,57.40,72.66,59.73
71.69,71.69,65.00,71.07,61.49
71.84,71.84,77.85,73.42,64.83
71.66,71.66,87.98,59.01,66.40
72.06,72.06,86.63,49.32,66.94
74.34,74.34,86.21,51.30,65.06
74.98,74.98,85.01,53.60,66.07
71.06,71.06,86.48,57.85,65.87
69.92,69.92,87.21,61.12,64.76
66.68,66.68,83.73,68.73,67.73
65.27,65.27,85.08,71.71,70.47
66.70,66.70,76.13,73.58,71.65
66.32,66.32,76.03,73.56,71.75
67.85,67.85,72.45,75.60,70.89
68.09,68.09,73.92,75.15,70.54
69.09,69.09,58.49,75.92,70.69
68.38,68.38,50.90,76.35,69.82
68.51,68.51,46.22,76.34,70.70
70.19,70.19,44.46,76.01,67.74
69.79,69.79,42.24,76.52,68.86
69.56,69.56,45.17,76.22,68.56
67.66,67.66,46.13,75.46,65.11
68.86,68.86,48.35,75.59,66.59
68.79,68.79,48.02,74.60,66.92
67.21,67.21,46.75,70.07,65.69
67.93,67.93,43.77,71.87,67.28
65.61,65.61,41.55,62.59,67.92
65.69,65.69,45.44,56.73,67.63
64.31,64.31,52.14,52.73,64.22
66.95,66.95,62.17,50.30,63.60
63.47,63.47,63.39,52.55,59.18
63.70,63.70,86.17,53.36,60.18
65.54,65.54,86.98,39.75,61.72
67.64,67.64,86.25,30.57,62.56
66.14,66.14,85.86,44.83,63.87
62.87,62.87,86.87,52.81,62.73
62.30,62.30,89.10,57.62,64.44
57.75,57.75,84.62,55.72,64.70
56.16,56.16,85.34,61.21,73.33
53.66,53.66,78.45,69.56,78.11
53.67,53.67,76.94,73.68,75.64
53.72,53.72,75.81,72.22,74.99
54.93,54.93,70.40,73.45,73.70
51.66,51.66,59.72,68.82,70.86
52.52,52.52,59.08,74.38,66.02
58.59,58.59,68.18,73.19,70.35
55.29,55.29,68.51,74.84,70.99
51.52,51.52,64.31,71.78,68.50
56.78,56.78,59.28,72.14,67.67
59.63,59.63,53.91,71.07,66.12
58.19,58.19,45.38,72.40,65.70
51.34,51.34,43.03,73.17,66.59
44.03,44.03,46.51,64.26,70.56
43.63,43.63,52.64,70.59,77.18
45.24,45.24,49.59,72.05,78.73
47.93,47.93,45.22,73.49,76.31
52.07,52.07,42.24,75.07,73.20
53.46,53.46,55.55,74.16,72.68
55.39,55.39,64.05,72.20,68.98
58.59,58.59,74.19,65.42,68.37
60.21,60.21,87.00,67.72,64.72
62.70,62.70,86.63,62.63,61.73
62.65,62.65,86.70,64.91,60.85
61.91,61.91,85.28,63.16,60.35
58.89,58.89,88.28,64.06,58.79
56.01,56.01,85.41,69.76,60.32
52.61,52.61,84.89,71.83,61.89
48.26,48.26,82.21,63.42,63.82
46.53,46.53,80.51,60.11,65.07
44.59,44.59,78.74,55.72,65.29
50.36,50.36,76.74,48.69,66.43
57.73,57.73,76.23,47.64,65.41
66.42,66.42,62.31,56.18,62.98
72.64,72.64,65.00,64.15,65.63
74.09,74.09,64.68,73.63,71.77
70.36,70.36,61.21,75.28,71.67
69.96,69.96,59.79,75.67,71.70
71.23,71.23,57.33,77.18,68.06
69.12,69.12,53.98,76.93,69.54
70.41,70.41,56.79,74.71,65.83
70.49,70.49,56.83,75.52,63.34
72.17,72.17,53.18,77.34,62.77
70.29,70.29,56.13,76.79,61.13
69.92,69.92,56.21,77.36,60.87
69.41,69.41,54.34,75.71,60.75
67.45,67.45,58.33,76.32,61.92
68.01,68.01,60.89,75.18,59.63
69.65,69.65,65.53,78.08,55.60
70.84,70.84,73.17,78.15,53.76
71.10,71.10,76.35,77.29,52.44
72.61,72.61,74.81,74.69,54.73
71.86,71.86,68.01,76.60,55.78
71.94,71.94,61.19,77.42,56.03
71.87,71.87,57.69,77.49,58.18
72.27,72.27,60.79,77.69,60.20
72.18,72.18,64.36,74.99,65.72
69.92,69.92,68.52,73.39,73.65
70.60,70.60,68.50,73.62,71.38
68.19,68.19,67.49,74.78,68.04
66.38,66.38,63.71,74.75,64.14
65.21,65.21,62.32,75.93,63.02
62.51,62.51,63.93,74.32,62.52
61.43,61.43,63.28,73.49,62.16
59.04,59.04,62.25,72.20,61.70
60.54,60.54,62.30,73.10,63.82
61.05,61.05,62.55,72.93,62.27
61.43,61.43,63.42,74.52,63.28
61.46,61.46,58.93,73.79,64.30
59.75,59.75,57.15,74.62,65.80
63.72,63.72,56.72,71.39,69.29
70.51,70.51,56.93,74.60,77.38
69.10,69.10,56.04,77.98,74.95
67.37,67.37,55.98,76.74,72.46
63.41,63.41,55.88,75.67,67.97
64.59,64.59,58.73,78.43,66.08
65.10,65.10,62.81,79.56,58.83
66.28,66.28,70.81,70.68,61.97
66.76,66.76,87.72,65.89,66.47
65.53,65.53,87.03,56.27,66.63
64.79,64.79,83.87,47.81,66.07
60.70,60.70,87.15,52.52,67.51
55.19,55.19,86.88,57.61,65.52
51.95,51.95,86.17,56.84,63.67
50.90,50.90,86.70,61.58,67.31
49.84,49.84,80.98,66.15,70.84
51.40,51.40,81.34,70.74,72.46
52.21,52.21,74.91,71.75,70.45
54.08,54.08,77.25,71.56,71.30
54.55,54.55,73.44,73.83,69.53
55.17,55.17,64.65,74.24,69.88
56.08,56.08,61.94,73.31,69.96
55.70,55.70,74.69,74.50,68.44
56.34,56.34,73.54,74.78,66.05
53.88,53.88,70.80,74.42,67.81
54.78,54.78,67.47,73.28,66.84
56.38,56.38,67.05,73.22,67.36
54.17,54.17,64.32,73.63,66.72
55.17,55.17,62.88,77.01,64.47
60.48,60.48,60.79,75.62,71.24
54.27,54.27,56.98,69.06,76.29
46.52,46.52,51.62,72.72,73.58
42.42,42.42,49.62,75.31,70.19
42.31,42.31,52.61,72.03,67.25
43.43,43.43,57.68,74.38,63.00
47.72,47.72,68.65,72.70,56.59
56.63,56.63,81.44,69.76,58.50
62.27,62.27,87.02,67.31,61.40
74.36,74.36,87.29,63.48,63.34
75.04,75.04,86.03,61.69,62.62
78.25,78.25,85.85,58.72,62.88
75.98,75.98,85.51,57.70,62.12
79.05,79.05,87.28,62.15,64.80
80.77,80.77,83.69,67.91,66.79
81.62,81.62,81.54,70.71,67.90
81.65,81.65,76.37,71.74,67.01
82.04,82.04,76.33,72.82,69.26
81.86,81.86,76.56,73.46,66.46
83.07,83.07,68.37,74.11,68.47
82.72,82.72,59.53,74.08,68.29
83.69,83.69,68.18,73.37,71.56
80.97,80.97,74.64,75.07,74.76
77.37,77.37,72.00,72.54,75.53
78.02,78.02,69.22,74.64,71.85
76.83,76.83,65.90,73.50,68.73
78.67,78.67,63.29,74.95,69.84
77.37,77.37,60.44,74.16,66.29
68.88,68.88,57.58,75.44,64.25
70.42,70.42,56.15,74.44,66.87
70.12,70.12,49.02,74.09,74.01
68.25,68.25,44.30,71.95,73.17
73.60,73.60,43.87,73.23,70.48
78.34,78.34,55.17,75.30,71.87
76.47,76.47,63.02,73.58,71.78
77.43,77.43,70.50,71.60,70.07
78.37,78.37,86.83,74.15,65.93
76.77,76.77,88.06,65.87,63.56
79.09,79.09,86.18,55.76,61.85
80.30,80.30,84.76,60.57,61.04
82.03,82.03,85.11,63.30,63.65
82.18,82.18,87.13,65.06,62.93
79.64,79.64,84.47,60.27,62.85
80.87,80.87,82.07,56.38,64.61
81.66,81.66,79.06,45.65,67.27
79.38,79.38,76.17,52.37,70.10
76.64,76.64,79.83,53.87,65.98
79.76,79.76,75.08,53.31,66.89
80.04,80.04,67.18,48.08,66.26
82.42,82.42,62.13,59.96,67.97
83.15,83.15,72.44,63.90,76.12
77.75,77.75,74.36,73.77,78.03
80.47,80.47,71.28,75.87,75.09
79.56,79.56,66.91,75.80,73.66
78.11,78.11,63.91,75.51,71.59
75.89,75.89,60.03,76.14,72.24
77.19,77.19,59.36,75.13,74.30
74.32,74.32,63.12,72.09,73.41
72.13,72.13,68.10,71.93,76.38
76.62,76.62,55.36,73.22,76.50
74.06,74.06,51.48,75.02,73.44
70.46,70.46,53.67,72.71,74.98
70.65,70.65,59.64,73.35,70.37
73.40,73.40,68.12,72.05,66.31
69.92,69.92,80.39,69.68,61.62
68.78,68.78,87.74,60.42,60.21
72.00,72.00,85.73,54.01,58.16
75.18,75.18,86.47,56.94,59.08
69.81,69.81,85.10,59.82,62.68
69.07,69.07,87.32,62.73,63.60
68.27,68.27,87.98,65.17,63.76
69.23,69.23,84.55,69.94,62.67
69.76,69.76,84.16,72.37,67.18
67.30,67.30,72.77,73.99,66.80
65.53,65.53,74.51,72.42,67.75
69.06,69.06,69.48,74.44,65.82
68.13,68.13,66.15,72.57,64.97
67.49,67.49,62.62,74.87,66.69
69.70,69.70,69.13,76.31,68.82
73.97,73.97,76.34,71.21,66.20
76.53,76.53,73.79,75.18,65.19
73.28,73.28,70.72,74.01,65.71
66.51,66.51,67.32,75.47,65.74
69.23,69.23,64.89,75.51,65.00
70.55,70.55,62.73,76.50,65.65
69.39,69.39,59.13,76.45,67.58
67.57,67.57,56.57,74.49,69.38
69.93,69.93,49.55,73.29,68.85
71.97,71.97,45.89,74.14,67.95
69.64,69.64,43.59,73.58,68.84
71.14,71.14,50.84,75.92,68.82
73.35,73.35,59.92,73.31,67.42
72.68,72.68,66.78,74.28,64.64
76.22,76.22,86.47,70.11,58.40
75.70,75.70,86.82,62.75,61.56
77.06,77.06,86.02,51.76,62.75
75.68,75.68,85.72,55.92,62.44
76.03,76.03,85.48,58.25,62.34
74.99,74.99,88.11,62.81,62.83
74.47,74.47,83.93,67.37,64.89
74.20,74.20,86.02,72.51,67.23
72.61,72.61,79.61,74.46,71.04
74.44,74.44,77.09,74.23,71.12
76.20,76.20,74.33,75.23,70.23
75.16,75.16,74.73,75.62,70.52
75.09,75.09,65.24,76.00,71.70
71.89,71.89,59.33,73.08,71.66
74.91,74.91,70.80,72.42,70.11
71.64,71.64,74.59,68.86,71.90
67.34,67.34,72.30,57.54,71.78
71.66,71.66,68.99,51.75,70.50
71.85,71.85,65.91,55.28,67.39
75.00,75.00,62.17,52.11,67.63
73.97,73.97,61.22,56.75,66.73
75.81,75.81,61.39,58.55,69.14
80.61,80.61,54.88,72.29,64.72
78.57,78.57,46.88,74.32,64.95
74.68,74.68,46.54,74.15,66.17
71.28,71.28,48.75,73.82,65.55
73.99,73.99,55.30,74.17,64.01
74.57,74.57,62.84,73.57,62.42
75.21,75.21,74.91,73.06,62.49
75.28,75.28,87.85,68.36,58.99
77.06,77.06,86.32,65.26,60.95
79.41,79.41,86.12,63.32,59.95
79.76,79.76,85.57,64.77,64.10
79.54,79.54,88.66,65.20,61.97
78.57,78.57,85.55,63.37,64.82
76.76,76.76,84.02,61.14,63.95
75.94,75.94,82.49,55.84,68.49
77.60,77.60,79.16,45.05,67.59
78.57,78.57,78.16,44.36,66.90
78.67,78.67,76.30,46.61,71.48
79.02,79.02,73.35,51.10,68.32
80.49,80.49,64.40,54.23,63.56
78.05,78.05,68.06,58.38,65.63
72.89,72.89,79.67,73.74,65.31
74.58,74.58,78.13,75.56,66.83
73.49,73.49,72.75,74.94,63.59
69.57,69.57,68.33,76.58,63.16
69.24,69.24,65.29,76.56,64.69
68.23,68.23,60.87,74.55,63.82
63.21,63.21,58.13,75.30,64.30
60.88,60.88,55.58,76.85,66.72
64.88,64.88,51.99,77.64,69.83
63.82,63.82,45.59,76.63,72.45
59.02,59.02,43.66,76.25,71.82
62.00,62.00,46.30,76.52,71.74
60.01,60.01,60.06,74.87,69.01
61.91,61.91,64.90,75.97,69.63
66.77,66.77,82.80,70.61,67.40
67.92,67.92,88.62,64.80,64.20
71.17,71.17,84.64,51.29,63.28
75.12,75.12,86.08,34.41,63.23
76.60,76.60,87.52,50.52,65.97
78.65,78.65,86.85,51.44,63.52
76.38,76.38,85.15,51.21,66.53
73.74,73.74,86.21,53.71,66.87
76.13,76.13,78.38,51.47,69.29
75.73,75.73,79.27,51.60,67.76
75.80,75.80,76.64,50.20,67.68
76.74,76.74,78.63,51.87,67.92
75.86,75.86,65.60,51.29,65.64
76.36,76.36,56.76,56.08,67.33
73.63,73.63,68.64,57.72,75.47
75.40,75.40,74.49,69.77,77.27
76.80,76.80,72.18,71.94,77.86
77.16,77.16,68.92,71.80,75.58
76.61,76.61,64.74,72.11,75.44
74.04,74.04,61.36,72.36,75.29
72.05,72.05,60.58,72.97,73.95
70.25,70.25,59.92,67.88,72.53
68.15,68.15,63.82,72.87,75.43
66.20,66.20,61.81,72.89,75.69
61.42,61.42,51.55,75.40,73.55
59.53,59.53,50.95,75.93,72.89
58.90,58.90,56.87,75.91,71.69
57.34,57.34,65.34,73.31,67.69
56.93,56.93,73.16,68.28,65.51
58.66,58.66,87.48,70.63,60.97
64.00,64.00,87.97,67.41,63.41
63.16,63.16,83.53,53.34,63.02
63.46,63.46,88.02,57.36,64.87
64.39,64.39,86.61,60.48,61.86
66.05,66.05,86.58,66.12,64.02
66.55,66.55,87.48,59.76,64.90
66.49,66.49,82.96,66.53,72.79
67.74,67.74,80.67,69.99,74.50
67.73,67.73,76.00,73.38,72.22
68.59,68.59,76.18,72.69,69.28
67.61,67.61,71.23,72.77,66.88
65.36,65.36,61.50,71.52,64.33
62.74,62.74,64.42,74.56,66.90
72.73,72.73,78.68,73.79,66.34
68.85,68.85,74.71,73.60,65.71
67.57,67.57,70.91,75.18,68.31
72.87,72.87,68.50,73.53,63.58
73.65,73.65,65.56,71.08,64.32
72.34,72.34,64.56,74.44,61.67
71.76,71.76,68.89,69.65,60.25
74.46,74.46,80.48,71.28,57.65
76.70,76.70,88.66,64.91,60.04
74.63,74.63,85.91,48.34,60.77
74.05,74.05,85.97,53.22,58.28
74.26,74.26,85.32,58.85,56.59
75.84,75.84,87.67,62.57,56.79
75.06,75.06,88.52,59.09,56.75
75.58,75.58,85.36,56.81,60.62
78.57,78.57,86.55,57.39,62.94
78.25,78.25,87.64,61.06,63.83
79.83,79.83,86.57,60.95,64.55
79.44,79.44,85.05,64.20,66.59
71.85,71.85,85.30,63.70,64.42
72.58,72.58,87.52,63.59,64.89
73.36,73.36,84.01,67.88,67.79
78.25,78.25,82.54,73.58,70.82
77.05,77.05,76.70,74.56,71.21
76.19,76.19,76.10,76.31,67.70
79.71,79.71,76.60,75.79,68.50
78.13,78.13,69.20,72.54,68.70
78.16,78.16,56.12,73.72,69.19
78.04,78.04,63.79,75.26,67.64
75.35,75.35,74.72,74.32,67.78
74.56,74.56,72.64,74.86,67.41
73.55,73.55,69.81,74.50,64.59
70.94,70.94,65.37,72.79,65.66
67.51,67.51,63.25,73.36,63.99
63.44,63.44,60.59,73.54,64.55
60.80,60.80,59.32,74.37,65.81
65.36,65.36,66.63,70.25,73.19
61.97,61.97,59.07,72.00,75.20
64.21,64.21,53.50,71.95,72.87
64.28,64.28,51.85,73.34,70.37
65.52,65.52,56.55,73.32,64.83
65.51,65.51,65.93,71.09,61.94
62.98,62.98,72.10,68.84,56.90
71.22,71.22,85.36,68.43,60.47
74.66,74.66,87.42,64.95,58.84
74.72,74.72,86.53,62.05,59.39
76.19,76.19,85.55,59.68,61.14
76.38,76.38,85.29,58.76,63.78
74.52,74.52,87.18,56.62,61.38
73.80,73.80,85.30,65.85,68.86
76.91,76.91,82.28,73.44,71.66
80.60,80.60,80.40,74.93,70.67
81.04,81.04,75.95,74.64,71.54
79.84,79.84,78.58,74.58,72.83
77.49,77.49,72.36,75.36,70.39
74.28,74.28,66.72,74.36,68.27
75.56,75.56,65.90,74.15,69.51
68.07,68.07,76.36,73.26,72.02
70.46,70.46,76.06,73.99,73.82
72.07,72.07,71.98,73.59,70.91
69.59,69.59,69.47,74.29,71.26
69.27,69.27,66.07,75.77,66.92
64.57,64.57,62.13,72.86,66.08
58.54,58.54,58.78,73.73,66.48
55.86,55.86,56.86,72.21,67.80
57.15,57.15,54.32,72.22,74.06
52.30,52.30,48.71,74.06,71.26
55.66,55.66,47.22,76.64,71.59
57.75,57.75,48.33,73.85,72.84
60.21,60.21,54.63,72.84,71.85
67.22,67.22,65.22,74.00,70.51
68.33,68.33,77.71,70.37,65.60
69.81,69.81,88.10,67.92,63.33
72.25,72.25,85.97,66.21,62.39
73.54,73.54,85.73,63.97,60.20
75.34,75.34,84.39,61.47,62.63
74.19,74.19,86.17,64.49,62.21
74.28,74.28,86.93,67.66,60.63
76.00,76.00,82.81,63.47,63.22
76.42,76.42,83.31,58.56,68.95
76.35,76.35,75.34,50.03,67.13
75.97,75.97,79.79,40.17,68.87
76.08,76.08,76.88,41.91,68.37
73.66,73.66,73.44,49.54,66.68
72.43,72.43,62.89,50.16,65.85
71.78,71.78,66.95,54.92,69.97
71.69,71.69,76.38,71.74,72.96
71.47,71.47,73.81,73.42,73.64
72.53,72.53,70.41,73.51,71.87
73.47,73.47,67.52,73.33,74.05
70.55,70.55,63.30,74.81,73.80
68.33,68.33,61.45,74.37,75.18
63.43,63.43,65.30,71.25,75.81
62.89,62.89,71.38,70.16,76.07
59.52,59.52,67.10,76.05,74.27
58.81,58.81,59.44,76.17,74.91
59.48,59.48,52.30,73.24,75.71
64.54,64.54,56.09,75.37,74.59
64.48,64.48,62.43,73.06,69.80
65.67,65.67,71.70,69.31,67.16
76.52,76.52,86.12,63.36,61.02
84.56,84.56,86.91,55.53,58.73
84.43,84.43,84.87,49.98,58.83
81.81,81.81,85.04,60.48,57.08
79.20,79.20,86.21,63.45,57.74
78.19,78.19,88.59,65.91,54.44
76.76,76.76,84.38,67.49,54.58
77.23,77.23,84.75,69.62,57.51
80.47,80.47,78.69,75.59,62.48
80.08,80.08,73.23,74.02,64.04
77.80,77.80,72.34,74.87,63.72
75.72,75.72,70.96,73.12,62.66
76.32,76.32,63.37,76.34,65.09
70.72,70.72,64.95,75.04,63.19
75.45,75.45,75.38,74.80,68.77
73.76,73.76,75.03,75.51,68.66
74.35,74.35,72.35,73.39,69.30
74.35,74.35,67.51,76.00,66.50
73.25,73.25,64.79,74.75,65.05
74.05,74.05,61.51,75.88,60.46
73.34,73.34,59.76,73.99,59.47
73.15,73.15,57.75,75.30,59.07
69.76,69.76,53.83,73.92,61.27
63.98,63.98,47.05,75.23,60.33
65.12,65.12,45.83,75.40,60.82
65.45,65.45,47.74,74.07,61.04
61.98,61.98,54.01,74.29,59.47
64.27,64.27,63.62,70.22,59.46
69.47,69.47,75.69,73.54,60.38
79.15,79.15,86.29,66.84,58.06
79.16,79.16,86.65,49.87,57.31
79.05,79.05,86.22,48.16,60.38
73.26,73.26,85.51,52.14,61.97
74.77,74.77,88.09,56.40,62.30
77.60,77.60,85.46,60.71,64.71
75.81,75.81,84.65,66.19,64.63
74.79,74.79,84.21,69.85,69.86
76.24,76.24,77.66,72.06,69.44
78.98,78.98,76.34,72.33,71.32
75.92,75.92,72.90,73.31,69.78
76.96,76.96,74.52,74.79,70.96
75.39,75.39,63.71,76.08,70.28
75.85,75.85,60.11,74.90,68.43
75.43,75.43,74.29,74.53,67.54
74.99,74.99,72.88,74.95,66.99
75.42,75.42,69.76,75.13,64.99
73.45,73.45,66.82,75.35,66.71
68.52,68.52,65.56,75.47,63.17
71.75,71.75,65.38,75.91,62.00
71.54,71.54,63.64,75.42,62.04
71.57,71.57,61.46,73.65,63.58
73.33,73.33,60.05,71.59,67.65
75.76,75.76,56.37,64.44,66.68
75.35,75.35,54.61,55.58,63.90
76.33,76.33,55.94,55.78,64.83
73.39,73.39,62.58,51.49,62.07
69.83,69.83,66.09,56.22,56.78
68.88,68.88,83.23,53.38,55.93
71.14,71.14,87.82,45.25,60.68
77.01,77.01,84.30,31.97,64.62
79.23,79.23,86.11,47.93,65.41
77.24,77.24,88.15,55.33,64.62
78.16,78.16,86.67,56.07,64.87
79.52,79.52,84.94,58.70,62.82
79.45,79.45,86.00,60.29,67.91
79.46,79.46,77.81,71.37,74.60
79.97,79.97,77.41,71.55,73.49
79.73,79.73,74.94,70.67,69.59
80.50,80.50,74.46,72.07,65.30
78.27,78.27,61.89,74.84,66.33
76.98,76.98,64.83,74.11,66.08
71.85,71.85,75.66,71.21,62.96
71.86,71.86,78.40,73.00,63.96
75.43,75.43,75.12,73.73,66.45
78.56,78.56,71.20,71.29,67.32
75.66,75.66,66.77,72.83,66.79
71.47,71.47,63.98,71.09,64.15
69.46,69.46,61.23,73.97,64.68
66.38,66.38,63.96,67.87,68.67
60.86,60.86,76.01,71.87,71.87
61.84,61.84,72.62,72.76,73.35
62.65,62.65,66.28,74.25,72.79
61.26,61.26,60.66,72.71,72.23
64.44,64.44,59.81,74.47,71.81
64.87,64.87,65.54,70.00,68.79
73.92,73.92,72.30,65.89,67.38
78.19,78.19,87.15,68.26,64.48
73.88,73.88,87.26,65.93,63.46
74.11,74.11,84.43,61.28,61.67
74.68,74.68,86.53,63.75,64.62
73.97,73.97,85.87,64.78,62.30
75.42,75.42,85.32,68.61,61.23
77.75,77.75,86.76,70.34,63.06
78.59,78.59,80.34,61.58,67.50
75.05,75.05,81.21,56.65,67.97
73.80,73.80,78.15,52.83,66.50
75.87,75.87,78.95,43.51,67.88
77.00,77.00,75.75,50.32,66.84
74.72,74.72,64.06,51.60,65.80
75.29,75.29,63.96,60.29,65.26
76.40,76.40,77.59,71.02,72.33
76.24,76.24,74.78,74.59,72.26
68.98,68.98,70.81,75.58,73.20
67.00,67.00,67.28,74.48,73.76
63.73,63.73,64.11,72.79,71.42
62.86,62.86,61.08,73.78,72.74
63.61,63.61,58.87,72.59,70.41
62.44,62.44,55.97,75.57,73.68
59.16,59.16,53.96,75.95,72.20
61.42,61.42,49.67,74.40,72.02
60.60,60.60,49.12,73.19,72.55
59.70,59.70,51.35,73.52,73.12
58.77,58.77,57.32,75.88,70.88
62.64,62.64,63.42,75.83,64.58
70.04,70.04,82.44,74.27,65.37
73.71,73.71,86.92,65.03,61.03
77.60,77.60,87.03,65.18,58.95
78.32,78.32,86.38,63.28,63.35
78.81,78.81,85.34,66.85,57.73
77.88,77.88,86.25,68.30,59.51
77.59,77.59,87.31,67.92,60.41
79.32,79.32,83.40,69.97,67.98
80.34,80.34,81.70,70.18,69.68
79.84,79.84,76.93,73.53,66.23
80.51,80.51,77.35,74.29,65.50
77.15,77.15,77.72,75.43,65.28
77.24,77.24,65.78,75.43,62.90
76.77,76.77,57.80,74.87,62.81
72.23,72.23,66.48,72.47,65.61
72.34,72.34,74.84,73.53,71.25
70.95,70.95,72.55,70.37,70.85
73.89,73.89,68.77,72.88,70.72
70.64,70.64,65.01,73.35,72.84
69.37,69.37,63.58,75.31,70.74
71.02,71.02,64.63,73.46,70.68
69.59,69.59,66.49,68.58,67.32
65.47,65.47,87.31,71.43,65.06
68.63,68.63,88.27,63.74,64.61
69.22,69.22,86.41,55.54,62.32
68.47,68.47,85.79,50.41,64.77
71.15,71.15,87.66,59.70,62.18
70.81,70.81,88.55,61.98,63.52
67.98,67.98,83.72,57.39,64.42
67.10,67.10,87.29,53.27,68.08
63.94,63.94,87.29,52.87,69.35
62.82,62.82,85.73,53.37,66.17
60.38,60.38,85.12,57.43,65.38
62.74,62.74,85.84,57.95,65.35
61.43,61.43,88.20,61.83,67.43
60.04,60.04,85.68,63.40,68.77
60.40,60.40,81.54,67.56,68.46
60.76,60.76,81.15,71.72,70.86
60.47,60.47,76.23,71.49,70.81
62.70,62.70,78.00,72.28,67.79
57.70,57.70,73.23,71.94,68.51
58.60,58.60,66.14,74.82,71.00
57.97,57.97,59.42,75.40,67.20
57.26,57.26,71.94,74.93,68.71
58.45,58.45,75.04,73.98,69.37
61.44,61.44,71.74,74.95,68.40
61.29,61.29,67.48,74.90,67.68
62.32,62.32,65.84,74.93,66.66
60.65,60.65,62.46,72.95,67.21
59.79,59.79,61.66,74.18,67.14
54.45,54.45,66.33,75.37,69.72
52.98,52.98,67.17,72.37,73.55
55.01,55.01,57.41,72.11,74.64
53.43,53.43,52.45,75.79,72.63
53.12,53.12,54.73,73.76,69.07
52.65,52.65,59.22,74.47,66.52
51.05,51.05,68.80,72.66,61.76
52.54,52.54,79.27,72.26,61.72
60.79,60.79,87.31,69.42,65.63
70.24,70.24,85.93,63.99,65.34
70.44,70.44,85.66,61.54,65.22
60.16,60.16,85.02,61.14,66.95
54.43,54.43,86.58,60.88,62.85
52.44,52.44,87.39,64.29,65.65
52.13,52.13,83.83,68.92,67.32
57.74,57.74,83.93,73.52,71.32
62.87,62.87,76.49,73.55,72.51
63.99,63.99,78.48,72.86,70.12
66.83,66.83,74.85,73.34,69.66
68.30,68.30,71.66,74.37,70.35
67.74,67.74,65.33,73.42,66.83
70.86,70.86,70.48,74.46,68.41
75.39,75.39,77.42,75.73,69.90
73.59,73.59,73.75,73.55,69.41
76.64,76.64,69.21,72.45,70.74
73.26,73.26,65.32,75.42,68.19
68.50,68.50,63.96,73.64,66.08
58.78,58.78,60.27,76.00,67.40
55.41,55.41,56.87,74.46,66.22
54.69,54.69,56.48,74.61,64.63
54.12,54.12,54.49,74.70,73.79
50.23,50.23,49.63,71.68,73.12
54.68,54.68,49.31,72.06,72.37
59.78,59.78,53.70,75.56,73.22
62.81,62.81,62.75,72.42,71.31
65.94,65.94,68.96,73.91,69.47
73.71,73.71,86.38,72.33,63.88
76.69,76.69,87.22,64.11,61.79
77.91,77.91,86.13,61.53,62.00
74.90,74.90,84.87,63.90,61.46
73.86,73.86,85.49,66.92,65.13
72.75,72.75,88.32,64.74,64.68
76.26,76.26,83.51,59.47,64.80
79.74,79.74,84.73,55.34,68.90
74.65,74.65,77.37,46.63,72.66
72.73,72.73,79.08,39.90,73.80
76.20,76.20,77.35,49.77,71.73
79.01,79.01,76.53,53.40,69.81
76.87,76.87,69.40,53.26,67.40
73.42,73.42,62.52,57.49,68.35
74.61,74.61,72.42,59.85,72.37
70.82,70.82,74.83,73.56,74.72
70.95,70.95,70.86,76.49,75.90
71.23,71.23,67.86,75.96,75.29
70.82,70.82,64.72,75.98,75.16
75.28,75.28,62.09,76.95,73.04
75.61,75.61,61.36,75.67,73.15
71.81,71.81,65.62,72.36,73.60
73.90,73.90,75.40,72.21,72.31
73.20,73.20,71.03,74.57,73.20
68.90,68.90,66.64,74.01,70.90
67.16,67.16,61.25,76.19,71.54
66.61,66.61,60.79,73.44,68.46
64.22,64.22,67.40,73.07,65.37
67.96,67.96,77.43,71.92,62.32
70.84,70.84,87.50,58.49,59.52
76.56,76.56,85.58,51.84,55.94
74.67,74.67,86.21,54.18,53.41
73.68,73.68,85.28,60.91,56.74
67.24,67.24,88.66,63.55,56.65
63.59,63.59,86.11,67.07,58.17
65.32,65.32,84.94,68.95,60.75
64.54,64.54,84.48,73.15,64.54
62.90,62.90,74.81,72.56,64.85
62.59,62.59,74.12,74.12,67.06
63.59,63.59,70.25,73.92,64.11
62.51,62.51,65.65,74.59,67.35
63.74,63.74,63.20,74.00,66.22
73.37,73.37,68.67,76.21,68.69
78.54,78.54,75.95,69.80,70.07
80.65,80.65,73.59,75.56,69.88
76.29,76.29,71.02,75.17,64.31
67.57,67.57,67.70,73.88,66.72
71.45,71.45,64.16,76.10,65.64
74.73,74.73,59.89,76.81,66.07
71.57,71.57,58.61,76.56,66.04
69.62,69.62,54.84,73.17,67.24
69.00,69.00,52.22,74.17,68.45
74.49,74.49,48.83,73.22,67.82
74.44,74.44,47.63,75.61,68.28
72.88,72.88,51.64,73.98,67.25
74.09,74.09,60.89,75.37,67.48
71.99,71.99,67.09,71.87,63.44
74.73,74.73,83.52,71.19,61.05
74.55,74.55,87.91,62.67,59.09
75.63,75.63,85.32,46.63,61.17
75.80,75.80,85.64,51.44,60.88
73.69,73.69,87.12,59.47,62.11
76.64,76.64,86.21,63.11,63.24
77.59,77.59,84.64,67.15,64.85
77.43,77.43,85.99,71.73,65.85
78.17,78.17,80.51,74.59,72.07
76.38,76.38,77.92,74.52,70.57
79.05,79.05,72.94,75.29,69.48
76.67,76.67,75.71,75.80,69.45
75.22,75.22,68.06,76.69,69.61
76.39,76.39,60.57,72.33,70.91
76.81,76.81,69.42,72.76,67.79
73.42,73.42,75.78,72.41,69.88
72.63,72.63,73.57,60.05,68.87
71.55,71.55,69.20,57.72,68.27
73.71,73.71,66.30,56.10,66.95
74.73,74.73,62.63,55.35,66.14
66.89,66.89,60.19,54.00,65.17
63.58,63.58,62.18,57.01,63.08
76.93,76.93,66.51,72.40,62.69
74.85,74.85,60.35,74.45,63.38
72.22,72.22,55.27,74.58,64.88
70.59,70.59,54.96,74.13,62.47
65.32,65.32,56.59,74.45,61.47
62.67,62.67,62.88,73.51,61.68
62.59,62.59,72.65,71.70,56.67
67.17,67.17,87.37,69.35,54.04
75.02,75.02,86.57,64.85,51.92
81.21,81.21,84.99,62.17,57.66
80.83,80.83,87.07,66.02,58.90
76.66,76.66,86.77,66.87,58.75
76.42,76.42,85.86,66.11,61.19
73.44,73.44,86.33,62.46,63.55
75.22,75.22,80.78,56.26,68.66
76.78,76.78,79.91,55.58,69.26
78.80,78.80,76.72,53.45,69.53
78.63,78.63,77.95,53.03,72.09
78.14,78.14,72.01,58.40,68.74
77.30,77.30,65.87,57.01,65.41
75.77,75.77,66.54,55.89,68.42
71.35,71.35,78.87,73.25,65.92
73.49,73.49,77.44,77.09,64.39
72.68,72.68,72.74,76.45,64.63
69.69,69.69,68.83,76.55,64.97
72.16,72.16,65.36,75.05,63.23
71.25,71.25,61.37,75.62,64.70
62.93,62.93,58.45,74.60,64.64
60.20,60.20,56.37,76.45,67.49
58.53,58.53,53.95,76.84,69.52
61.25,61.25,51.13,76.33,71.71
61.94,61.94,48.03,75.81,70.54
59.61,59.61,48.24,75.88,71.92
60.27,60.27,57.53,77.56,71.25
62.27,62.27,67.17,75.98,69.11
71.83,71.83,79.16,70.90,66.43
70.60,70.60,87.44,69.56,60.81
73.66,73.66,87.48,58.55,61.46
74.70,74.70,86.50,50.68,60.35
75.82,75.82,85.81,52.73,64.07
77.41,77.41,86.51,52.27,63.15
77.17,77.17,87.72,53.03,60.57
77.31,77.31,84.16,54.33,65.31
75.78,75.78,81.65,55.89,66.19
73.11,73.11,76.00,58.07,66.87
75.20,75.20,78.07,49.29,67.14
72.69,72.69,78.23,48.23,65.57
71.02,71.02,68.87,54.02,64.44
66.77,66.77,57.51,49.21,65.22
71.01,71.01,65.87,54.80,68.87
76.05,76.05,74.31,71.87,72.15
71.50,71.50,71.97,71.57,75.27
66.41,66.41,69.38,72.54,73.79
63.43,63.43,67.31,74.88,74.55
64.24,64.24,64.73,72.83,72.85
61.32,61.32,62.62,73.89,72.96
59.13,59.13,61.83,68.98,70.59
58.80,58.80,75.15,72.48,71.63
57.34,57.34,72.23,76.21,74.69
57.89,57.89,66.01,76.35,72.47
57.22,57.22,61.07,75.88,73.86
57.47,57.47,57.51,74.44,73.58
60.78,60.78,65.41,75.56,71.15
65.27,65.27,73.24,66.96,64.72
72.22,72.22,86.90,72.42,61.23
76.13,76.13,87.57,67.39,61.78
79.86,79.86,85.06,54.83,62.32
76.45,76.45,85.52,57.06,64.07
76.89,76.89,85.78,60.64,62.85
77.39,77.39,88.16,63.08,62.00
79.05,79.05,85.79,61.85,62.06
81.30,81.30,83.17,63.48,70.10
81.37,81.37,81.03,69.98,76.57
80.92,80.92,75.25,71.85,74.18
79.40,79.40,77.99,71.23,72.58
77.74,77.74,69.70,70.78,67.87
73.16,73.16,61.98,73.93,64.48
68.12,68.12,63.91,73.12,62.87
73.20,73.20,76.05,71.92,63.90
70.03,70.03,76.44,75.02,66.46
69.12,69.12,72.29,74.49,68.04
70.72,70.72,67.89,73.81,67.40
70.87,70.87,66.12,71.39,65.91
66.93,66.93,63.94,72.48,58.59
61.85,61.85,68.48,73.07,60.51
62.15,62.15,75.15,70.03,58.56
57.94,57.94,88.02,63.03,56.39
59.52,59.52,86.82,55.79,56.32
62.79,62.79,86.05,48.94,58.48
65.19,65.19,86.41,61.00,58.07
64.75,64.75,88.90,64.36,55.23
64.15,64.15,86.55,61.83,57.67
66.69,66.69,86.83,58.95,61.30
71.45,71.45,87.09,56.88,65.45
79.52,79.52,86.61,60.46,67.66
80.04,80.04,86.56,60.55,64.60
72.79,72.79,85.33,62.93,65.92
77.07,77.07,86.05,65.97,64.44
81.25,81.25,86.84,66.02,64.53
75.65,75.65,83.33,67.17,66.40
76.93,76.93,83.78,73.08,70.78
77.81,77.81,76.18,74.41,68.87
81.50,81.50,78.48,75.74,70.03
85.62,85.62,74.35,74.19,68.00
83.68,83.68,72.25,73.13,68.36
80.52,80.52,59.13,74.03,67.24
71.80,71.80,63.40,74.19,67.35
75.14,75.14,74.23,73.76,67.10
70.77,70.77,73.29,74.82,68.84
72.71,72.71,70.13,75.53,66.83
74.15,74.15,65.56,75.07,67.02
71.44,71.44,63.48,73.37,64.66
67.97,67.97,60.21,73.88,65.20
63.84,63.84,58.87,72.23,64.66
74.81,74.81,60.89,71.19,66.82
73.02,73.02,58.23,73.37,66.10
67.61,67.61,50.47,72.65,68.29
61.39,61.39,49.03,74.16,67.38
57.27,57.27,52.92,72.85,64.42
56.00,56.00,64.20,71.70,61.39
57.91,57.91,69.42,70.47,58.48
64.90,64.90,86.68,65.16,61.50
70.49,70.49,87.19,62.90,61.45
72.35,72.35,86.05,60.85,63.60
74.05,74.05,85.94,60.85,62.45
76.05,76.05,85.80,59.64,63.59
75.20,75.20,88.18,58.53,62.35
78.77,78.77,84.43,65.82,66.50
79.18,79.18,84.98,69.62,69.21
80.08,80.08,78.07,73.16,68.05
78.95,78.95,77.83,74.28,69.94
78.50,78.50,75.98,75.64,69.16
79.36,79.36,74.99,74.90,69.27
71.46,71.46,64.86,73.16,70.77
74.33,74.33,60.07,73.25,69.95
75.48,75.48,72.12,72.29,72.27
73.32,73.32,74.95,76.41,72.32
76.98,76.98,71.27,72.95,73.64
76.57,76.57,68.36,74.32,72.05
76.94,76.94,65.35,74.04,70.82
78.58,78.58,60.97,73.96,68.58
79.77,79.77,58.71,73.34,67.58
79.24,79.24,56.44,74.43,69.10
76.69,76.69,55.23,72.65,70.01
76.23,76.23,51.87,76.55,71.37
69.96,69.96,48.57,77.06,72.23
67.13,67.13,49.04,72.86,71.68
64.25,64.25,55.77,74.09,73.95
61.87,61.87,66.16,73.01,71.46
64.33,64.33,73.74,72.15,70.56
66.16,66.16,87.54,70.14,65.72
69.11,69.11,86.71,63.86,62.09
72.76,72.76,85.91,59.12,61.92
72.98,72.98,84.89,59.38,61.33
75.15,75.15,88.06,60.78,60.27
76.67,76.67,85.27,63.58,62.57
74.55,74.55,84.41,60.65,64.79
74.91,74.91,82.77,57.69,68.23
74.56,74.56,77.98,51.80,65.97
74.98,74.98,78.01,49.34,65.13
75.59,75.59,76.72,44.16,66.42
76.06,76.06,76.06,45.72,68.04
71.12,71.12,61.87,50.90,65.12
64.78,64.78,65.08,50.90,67.62
62.42,62.42,77.86,70.39,69.88
62.22,62.22,74.97,74.03,71.20
63.22,63.22,70.58,74.69,71.67
62.83,62.83,67.00,74.23,73.09
64.43,64.43,65.16,74.12,72.93
64.49,64.49,62.72,74.80,73.10
64.63,64.63,62.29,71.18,73.51
70.27,70.27,69.00,72.84,73.19
70.36,70.36,66.48,76.07,72.60
69.51,69.51,62.49,75.53,74.18
65.53,65.53,55.65,75.01,72.54
62.31,62.31,57.15,74.13,72.01
56.37,56.37,63.99,72.73,69.03
57.77,57.77,70.44,70.05,65.56
66.23,66.23,83.34,65.50,61.41
67.81,67.81,88.88,57.29,59.56
69.05,69.05,84.78,53.53,58.00
72.64,72.64,86.12,57.27,56.63
72.82,72.82,88.07,62.54,60.43
76.24,76.24,86.64,66.23,60.33
74.53,74.53,84.91,66.21,58.60
76.78,76.78,86.32,71.31,59.84
77.52,77.52,77.99,73.72,62.84
75.02,75.02,73.94,75.27,62.45
72.28,72.28,69.90,73.02,65.38
69.71,69.71,69.10,73.73,62.60
68.75,68.75,63.98,74.85,66.35
65.80,65.80,60.10,74.82,62.82
72.62,72.62,74.14,76.41,68.91
78.06,78.06,75.29,72.78,63.32
78.52,78.52,72.97,75.19,65.51
76.23,76.23,69.47,74.01,62.49
72.96,72.96,64.96,76.14,62.83
70.47,70.47,61.76,73.91,64.33
71.07,71.07,58.80,75.56,63.82
70.09,70.09,57.99,74.79,58.70
73.43,73.43,56.41,76.51,60.41
70.59,70.59,50.65,75.48,62.02
71.00,71.00,48.50,73.83,61.71
73.21,73.21,49.93,74.94,60.83
73.30,73.30,54.18,73.01,62.14
72.73,72.73,67.67,72.75,58.61
69.34,69.34,73.35,74.16,61.60
71.41,71.41,86.64,70.10,64.80
70.92,70.92,87.12,56.74,64.56
72.55,72.55,84.70,49.55,66.78
72.39,72.39,87.18,48.48,67.97
69.61,69.61,86.22,51.38,66.22
67.64,67.64,85.55,58.59,64.59
65.28,65.28,86.79,65.73,65.04
65.78,65.78,83.26,70.83,69.08
64.66,64.66,81.15,72.86,70.48
59.73,59.73,75.15,72.59,70.47
60.65,60.65,75.22,73.14,70.77
61.17,61.17,70.98,74.57,67.50
64.54,64.54,66.60,74.55,68.39
72.30,72.30,60.80,74.58,67.22
81.28,81.28,74.42,74.34,66.73
80.37,80.37,74.02,74.55,65.90
79.12,79.12,70.49,75.53,65.60
76.81,76.81,67.61,75.31,67.26
79.43,79.43,64.74,75.14,67.25
79.21,79.21,60.53,75.33,65.26
75.10,75.10,57.71,74.77,65.37
72.94,72.94,54.86,73.74,62.09
72.99,72.99,49.42,71.21,62.36
70.43,70.43,44.30,67.69,64.54
68.31,68.31,45.05,53.61,64.79
75.00,75.00,50.72,54.20,66.94
75.63,75.63,60.57,50.72,66.82
73.79,73.79,63.96,56.25,63.48
68.64,68.64,82.06,58.41,60.47
68.05,68.05,86.03,36.95,58.52
66.90,66.90,86.29,38.19,60.42
66.18,66.18,86.45,46.42,62.17
69.97,69.97,85.85,54.61,62.83
75.07,75.07,85.97,54.52,64.65
78.34,78.34,87.53,55.38,63.61
79.99,79.99,83.69,57.92,68.97
81.78,81.78,80.45,70.00,75.27
83.47,83.47,76.02,72.88,75.27
83.17,83.17,75.03,69.76,73.28
81.82,81.82,74.05,73.58,68.92
79.38,79.38,63.43,73.89,71.98
79.23,79.23,60.15,75.67,68.73
77.98,77.98,69.98,72.78,68.74
76.78,76.78,77.04,71.37,67.96
78.84,78.84,73.55,70.21,70.69
78.79,78.79,70.03,72.41,71.57
76.73,76.73,66.55,72.34,66.94
78.76,78.76,62.76,74.33,67.37
76.38,76.38,58.71,73.59,66.33
73.17,73.17,57.61,68.43,68.33
71.40,71.40,59.35,69.91,77.83
72.34,72.34,55.15,72.69,79.06
66.41,66.41,50.15,74.39,76.29
65.52,65.52,48.18,74.18,73.04
63.87,63.87,49.18,72.27,72.22
66.49,66.49,48.03,73.25,71.65
70.05,70.05,47.08,73.03,71.32
74.79,74.79,44.44,74.47,71.89
72.76,72.76,41.37,75.30,69.96
73.68,73.68,41.96,73.87,70.20
75.75,75.75,41.17,73.34,70.45
78.43,78.43,41.94,73.26,71.39
77.02,77.02,41.92,75.20,70.50
75.57,75.57,43.59,76.16,70.68
74.63,74.63,40.07,72.77,70.73
75.64,75.64,40.22,74.05,68.46
76.00,76.00,40.57,66.90,69.87
73.44,73.44,43.63,52.10,66.91
72.33,72.33,46.06,52.06,69.07
72.29,72.29,49.43,58.42,68.51
74.15,74.15,49.80,60.33,68.03
76.32,76.32,53.13,72.65,76.43
76.77,76.77,49.73,74.62,77.30
75.14,75.14,45.95,74.92,74.86
75.23,75.23,45.82,74.60,74.13
73.29,73.29,43.68,73.93,72.88
73.78,73.78,41.96,72.46,72.94
69.52,69.52,41.01,75.54,71.27
69.21,69.21,40.32,75.70,72.53
69.69,69.69,40.51,74.82,70.74
68.83,68.83,40.25,71.26,71.41
64.46,64.46,40.70,74.36,69.60
64.08,64.08,43.52,72.68,69.04
66.11,66.11,46.97,75.77,67.86
62.74,62.74,50.73,76.06,67.13
65.59,65.59,52.21,74.48,68.44
71.45,71.45,49.27,74.86,69.61
77.71,77.71,45.87,74.31,72.03
80.13,80.13,45.74,76.95,71.38
77.73,77.73,44.79,77.65,69.42
76.34,76.34,46.19,77.49,68.84
76.20,76.20,48.25,74.73,68.77
75.42,75.42,56.07,75.95,69.40
78.32,78.32,52.44,71.54,68.97
79.09,79.09,48.73,74.79,66.02
80.17,80.17,47.60,75.20,66.38
79.76,79.76,46.77,74.44,65.53
79.71,79.71,46.65,75.45,67.51
76.59,76.59,49.65,73.48,67.82
72.89,72.89,48.75,74.17,67.63
71.78,71.78,49.21,73.19,69.23
71.33,71.33,47.10,73.95,71.18
72.49,72.49,47.17,71.88,70.10
69.42,69.42,48.27,75.28,70.22
69.57,69.57,44.87,76.10,70.23
71.44,71.44,47.32,71.58,72.30
69.32,69.32,50.14,71.55,71.24
73.79,73.79,54.31,73.34,71.77
74.92,74.92,47.31,76.01,71.31
73.41,73.41,46.63,75.10,72.44
70.51,70.51,48.95,76.77,70.71
71.61,71.61,56.66,79.06,70.67
68.75,68.75,63.96,77.31,68.29
72.09,72.09,69.10,71.93,67.90
71.85,71.85,85.50,73.45,70.08
63.44,63.44,86.33,63.05,68.20
66.70,66.70,87.05,53.94,69.38
66.72,66.72,86.43,59.31,67.83
68.50,68.50,85.82,61.27,67.82
69.87,69.87,88.08,55.26,64.69
71.03,71.03,84.16,63.56,68.12
70.36,70.36,84.28,74.11,68.92
69.38,69.38,78.58,75.89,73.31
68.38,68.38,78.93,78.11,72.65
67.06,67.06,75.60,80.03,71.28
61.84,61.84,68.94,79.12,72.80
57.98,57.98,55.85,80.23,71.48
59.36,59.36,57.69,82.19,70.85
57.67,57.67,70.06,83.07,68.60
56.43,56.43,74.29,84.25,69.48
58.12,58.12,71.30,80.48,69.06
57.86,57.86,68.05,85.66,65.93
55.82,55.82,65.37,80.56,65.28
53.40,53.40,61.53,84.05,65.50
52.59,52.59,59.51,83.10,65.63
54.86,54.86,57.00,83.82,64.98
51.34,51.34,53.40,82.16,68.76
48.89,48.89,48.91,83.51,69.27
48.27,48.27,48.04,82.21,70.53
51.24,51.24,50.79,83.50,68.66
56.20,56.20,55.73,84.12,65.70
63.31,63.31,63.89,80.43,61.16
74.82,74.82,73.65,84.52,59.42
72.66,72.66,86.27,75.28,60.41
76.46,76.46,86.05,66.41,58.98
78.47,78.47,86.15,61.61,64.65
80.09,80.09,84.93,56.87,64.14
78.65,78.65,88.01,51.97,66.13
75.30,75.30,85.74,51.46,67.27
75.83,75.83,84.48,60.50,69.70
78.55,78.55,83.25,63.76,69.28
79.84,79.84,78.21,68.16,74.00
81.18,81.18,77.08,71.21,71.43
85.81,85.81,74.01,72.74,71.06
83.14,83.14,73.18,74.63,72.58
77.29,77.29,60.58,75.07,70.91
72.32,72.32,62.35,76.78,69.21
76.72,76.72,75.26,77.65,69.21
81.72,81.72,74.56,77.56,66.19
81.32,81.32,69.39,77.27,64.20
72.76,72.76,66.85,78.18,66.89
75.69,75.69,63.81,77.21,65.52
73.88,73.88,63.23,77.22,65.76
66.94,66.94,61.19,76.32,68.31
68.79,68.79,58.88,78.85,69.21
69.58,69.58,57.50,78.90,71.28
70.56,70.56,52.34,81.69,72.02
71.16,71.16,50.54,84.78,69.48
70.63,70.63,51.34,83.47,71.92
71.57,71.57,61.98,85.90,71.36
70.15,70.15,66.83,80.44,68.10
71.67,71.67,82.83,82.99,65.53
69.29,69.29,87.91,77.54,63.15
65.82,65.82,85.15,58.00,64.88
64.25,64.25,85.16,66.29,62.89
71.80,71.80,86.83,66.58,64.53
68.99,68.99,86.12,65.29,64.94
70.17,70.17,84.88,63.90,65.93
71.16,71.16,86.22,67.51,66.89
70.83,70.83,77.60,69.59,67.33
71.87,71.87,78.44,79.32,68.43
73.67,73.67,71.40,78.62,67.26
73.84,73.84,65.10,83.94,68.72
71.32,71.32,54.66,81.10,69.61
71.93,71.93,58.18,82.36,68.06
73.19,73.19,68.17,84.22,66.68
70.99,70.99,74.76,82.26,70.14
70.40,70.40,72.12,81.89,72.89
72.34,72.34,68.05,84.00,73.71
70.54,70.54,65.47,83.19,74.69
71.35,71.35,62.36,81.70,75.29
73.75,73.75,60.57,86.30,72.95
75.03,75.03,58.36,78.98,72.77
74.58,74.58,56.37,85.37,75.39
71.18,71.18,56.19,83.57,71.98
68.77,68.77,56.47,81.06,75.52
70.83,70.83,54.68,85.82,73.77
76.40,76.40,58.68,82.44,72.34
77.37,77.37,64.54,81.17,70.07
75.32,75.32,74.90,83.69,69.12
69.37,69.37,86.86,77.34,64.06
69.44,69.44,87.21,75.39,63.45
72.25,72.25,85.05,74.11,63.46
71.76,71.76,86.22,75.37,64.10
72.18,72.18,85.74,71.30,63.58
72.57,72.57,85.03,71.49,62.34
74.70,74.70,86.01,68.36,63.90
75.15,75.15,78.99,73.60,63.48
75.48,75.48,75.60,76.86,65.77
77.58,77.58,70.47,76.36,65.47
76.52,76.52,67.46,78.08,69.95
75.44,75.44,56.70,78.11,67.28
76.10,76.10,59.30,79.82,68.80
74.99,74.99,62.39,85.07,69.37
77.25,77.25,76.43,78.95,67.44
76.49,76.49,73.18,85.15,69.37
76.16,76.16,69.52,83.33,69.77
73.85,73.85,67.05,82.31,68.83
67.92,67.92,65.67,84.91,70.59
68.92,68.92,62.99,82.26,69.99
68.75,68.75,61.26,81.78,70.98
68.21,68.21,60.40,85.11,70.09
69.22,69.22,58.04,82.59,69.49
68.53,68.53,57.84,81.43,69.13
68.71,68.71,56.32,86.49,67.32
68.64,68.64,58.02,78.57,66.48
68.72,68.72,63.67,85.56,64.24
69.88,69.88,65.68,82.84,61.52
70.64,70.64,81.50,81.96,62.95
74.06,74.06,86.69,79.83,60.79
80.85,80.85,87.06,73.70,61.95
77.70,77.70,85.12,66.69,64.21
71.96,71.96,84.41,72.35,65.15
71.90,71.90,85.35,67.06,63.84
69.68,69.68,87.25,70.09,65.56
72.05,72.05,83.59,66.38,69.58
73.58,73.58,78.50,64.78,68.23
74.43,74.43,73.16,70.00,72.78
76.27,76.27,76.06,76.69,69.04
79.53,79.53,72.51,80.55,70.22
78.77,78.77,62.52,78.51,69.73
76.14,76.14,57.73,80.20,70.66
76.38,76.38,66.16,78.63,68.77
78.45,78.45,74.33,81.45,70.61
79.58,79.58,71.56,78.56,64.77
78.88,78.88,67.58,81.78,65.90
77.27,77.27,64.36,78.69,68.38
78.34,78.34,61.54,82.30,69.34
79.58,79.58,58.70,78.08,66.31
78.14,78.14,55.75,83.79,69.05
76.35,76.35,53.87,77.62,67.55
78.88,78.88,50.37,85.00,69.38
79.56,79.56,48.99,76.98,70.54
79.64,79.64,48.07,84.65,64.49
72.99,72.99,54.30,78.03,64.01
72.08,72.08,63.46,84.23,60.88
70.33,70.33,70.04,75.97,58.04
71.30,71.30,86.13,79.04,57.73
75.88,75.88,87.31,73.58,56.86
74.56,74.56,85.65,60.50,58.89
80.42,80.42,84.83,68.85,58.15
78.68,78.68,84.93,65.03,61.01
78.50,78.50,86.76,68.88,62.51
78.40,78.40,84.61,60.31,64.85
79.80,79.80,82.47,66.53,68.44
79.40,79.40,80.75,61.86,70.69
83.21,83.21,70.81,53.74,70.39
78.52,78.52,71.04,70.24,69.47
79.22,79.22,68.52,76.41,70.08
79.75,79.75,61.38,80.83,70.15
77.45,77.45,61.16,80.55,69.90
77.11,77.11,71.24,80.43,67.25
76.53,76.53,72.75,81.36,67.70
77.52,77.52,70.06,79.65,67.65
73.66,73.66,66.27,82.12,67.28
72.16,72.16,63.91,79.32,68.49
70.15,70.15,59.91,82.48,69.79
69.91,69.91,57.85,79.11,68.17
69.87,69.87,55.18,82.15,67.37
68.25,68.25,54.47,76.74,69.35
69.95,69.95,49.10,85.13,70.26
71.68,71.68,47.17,83.34,70.98
72.30,72.30,51.15,82.72,69.61
70.81,70.81,62.55,87.15,69.71
64.78,64.78,66.32,82.35,70.01
68.16,68.16,76.89,83.71,67.04
77.20,77.20,87.62,80.13,63.89
75.22,75.22,86.03,67.75,64.99
76.57,76.57,85.49,67.60,64.57
77.64,77.64,83.96,62.96,65.11
78.44,78.44,85.99,64.41,65.51
76.66,76.66,86.05,63.78,66.55
76.89,76.89,81.76,67.07,65.59
79.25,79.25,79.58,65.05,67.97
81.54,81.54,74.00,77.16,68.67
83.01,83.01,72.92,78.99,68.15
83.57,83.57,63.93,81.29,68.51
81.83,81.83,55.77,85.37,67.74
78.05,78.05,54.61,82.64,68.17
75.90,75.90,63.48,83.81,69.10
78.71,78.71,73.42,85.24,67.61
76.60,76.60,72.11,82.40,71.09
77.21,77.21,68.53,86.64,71.63
77.45,77.45,63.85,83.70,72.64
75.72,75.72,61.50,82.28,71.86
77.50,77.50,58.45,86.75,72.02
73.36,73.36,55.82,82.45,70.24
72.91,72.91,53.49,85.09,72.39
69.01,69.01,50.57,85.80,70.62
66.42,66.42,48.74,82.94,69.54
64.58,64.58,48.20,86.55,69.30
66.57,66.57,54.86,83.00,68.70
66.11,66.11,63.34,84.42,67.38
63.36,63.36,71.31,85.73,63.91
67.86,67.86,86.27,81.21,62.52
69.37,69.37,86.21,78.79,62.66
71.75,71.75,85.39,65.12,59.64
74.08,74.08,84.26,70.41,61.30
75.88,75.88,85.52,71.00,59.20
76.06,76.06,87.49,74.58,57.76
74.70,74.70,82.93,73.47,57.12
74.73,74.73,83.00,75.53,59.71
76.78,76.78,76.66,77.59,61.14
75.67,75.67,70.17,80.01,63.16
75.00,75.00,66.90,84.48,62.82
75.42,75.42,55.60,83.23,62.41
75.29,75.29,55.06,82.65,59.30
73.64,73.64,57.46,85.44,63.21
71.17,71.17,69.62,84.34,60.91
77.25,77.25,74.45,76.78,65.16
76.45,76.45,71.38,80.92,63.45
77.89,77.89,67.48,76.67,63.42
77.72,77.72,63.86,77.28,62.19
76.87,76.87,61.98,80.70,62.32
75.93,75.93,64.07,79.39,59.87
79.21,79.21,74.67,70.65,58.17
77.17,77.17,87.21,72.65,57.24
72.44,72.44,86.72,71.54,58.07
75.72,75.72,85.11,64.28,59.72
78.95,78.95,85.31,65.04,58.23
78.14,78.14,85.08,66.83,58.35
76.21,76.21,83.09,71.70,60.47
76.15,76.15,85.46,69.69,62.21
74.23,74.23,86.46,63.26,65.25
77.54,77.54,86.80,65.92,65.43
78.45,78.45,86.45,66.55,64.57
78.11,78.11,85.33,63.95,68.17
77.53,77.53,88.17,64.25,65.24
78.51,78.51,85.05,61.28,66.86
78.26,78.26,84.04,67.67,66.90
77.39,77.39,82.91,72.67,70.30
75.92,75.92,77.40,72.94,68.83
74.11,74.11,77.70,75.62,69.80
68.78,68.78,72.46,81.71,69.37
66.23,66.23,63.76,82.44,68.14
65.32,65.32,55.83,81.45,68.84
63.46,63.46,59.79,84.04,68.83
68.96,68.96,75.23,79.49,68.91
70.16,70.16,73.14,83.92,67.48
72.24,72.24,69.20,82.20,68.62
70.76,70.76,65.57,83.86,68.41
69.37,69.37,63.25,82.87,67.91
69.36,69.36,60.01,83.66,65.98
69.73,69.73,57.70,81.40,65.49
70.00,70.00,55.76,83.64,66.71
65.16,65.16,49.82,83.86,66.90
64.82,64.82,45.95,82.65,66.68
65.60,65.60,46.58,85.18,65.03
67.77,67.77,51.09,79.66,64.68
67.32,67.32,59.24,84.65,66.03
65.55,65.55,67.51,81.26,65.23
61.48,61.48,82.92,80.60,62.77
60.89,60.89,88.10,74.46,64.68
67.26,67.26,85.31,65.69,65.23
68.45,68.45,85.66,65.72,65.07
67.44,67.44,87.24,61.34,68.42
65.51,65.51,86.56,61.76,65.58
63.82,63.82,85.31,63.55,65.69
65.05,65.05,86.00,65.91,68.53
75.90,75.90,78.98,69.29,72.31
75.77,75.77,79.41,70.33,70.94
76.52,76.52,74.20,72.02,71.45
74.97,74.97,76.77,75.99,71.02
73.16,73.16,67.18,76.02,71.83
74.78,74.78,59.21,76.25,67.18
77.74,77.74,67.75,77.69,71.47
80.42,80.42,73.63,75.96,68.21
80.69,80.69,71.00,76.37,67.89
73.96,73.96,67.90,75.34,65.23
69.73,69.73,64.35,75.85,65.03
72.14,72.14,62.26,76.59,64.46
75.31,75.31,59.32,76.06,65.97
76.73,76.73,55.82,76.92,65.05
76.50,76.50,53.02,78.88,68.94
77.74,77.74,46.31,79.36,72.47
71.33,71.33,43.41,84.61,73.34
74.82,74.82,45.19,82.51,71.86
73.44,73.44,54.38,84.85,71.73
70.96,70.96,65.11,83.21,71.06
71.88,71.88,73.31,81.86,71.00
68.36,68.36,87.56,81.62,66.54
62.24,62.24,87.83,73.80,65.28
60.42,60.42,84.44,68.38,65.05
62.42,62.42,86.58,70.20,66.92
62.84,62.84,86.03,71.00,66.84
64.32,64.32,85.22,68.57,69.19
60.30,60.30,86.41,74.82,70.36
62.16,62.16,80.00,69.71,71.59
70.57,70.57,75.29,78.27,72.63
73.93,73.93,72.73,77.73,71.22
76.28,76.28,67.93,79.52,67.16
77.09,77.09,52.26,81.79,68.41
75.75,75.75,56.03,80.52,67.42
73.26,73.26,60.78,82.38,63.80
73.86,73.86,73.62,82.31,69.83
75.08,75.08,72.34,82.70,72.77
73.42,73.42,69.10,81.04,73.88
68.86,68.86,65.54,86.33,74.33
71.99,71.99,62.68,78.87,72.57
69.09,69.09,59.65,84.87,71.85
75.48,75.48,58.62,84.80,71.95
76.11,76.11,54.30,80.81,72.74
73.68,73.68,53.01,85.17,72.10
74.04,74.04,51.98,82.04,71.03
75.20,75.20,47.81,82.21,69.09
77.87,77.87,53.68,83.67,71.53
77.15,77.15,60.10,82.60,67.03
78.09,78.09,67.89,81.19,63.88
81.00,81.00,79.32,83.73,60.24
77.54,77.54,86.46,69.20,56.33
81.05,81.05,86.51,71.23,60.35
82.74,82.74,85.01,73.13,60.35
82.30,82.30,84.40,73.92,61.73
81.60,81.60,85.35,73.54,62.35
77.94,77.94,86.34,55.24,62.45
77.33,77.33,82.29,71.02,59.22
79.50,79.50,77.20,66.47,63.02
79.78,79.78,68.62,71.76,67.18
81.91,81.91,65.98,74.33,70.56
84.46,84.46,58.43,72.95,69.04
83.85,83.85,55.80,73.48,68.96
83.92,83.92,56.58,83.30,68.11
83.54,83.54,67.32,81.88,69.42
82.68,82.68,72.10,81.24,69.68
82.72,82.72,70.61,84.25,67.72
83.95,83.95,67.05,81.37,68.15
83.98,83.98,63.40,81.99,67.89
83.59,83.59,62.07,82.92,67.69
84.67,84.67,59.41,82.30,64.84
84.81,84.81,56.42,80.74,65.07
84.48,84.48,52.11,86.61,62.95
83.03,83.03,49.45,77.68,63.84
81.78,81.78,47.44,84.44,66.51
80.66,80.66,46.17,84.05,66.27
78.98,78.98,53.14,80.53,62.90
78.72,78.72,59.89,85.41,62.44
77.31,77.31,65.68,81.86,61.81
77.35,77.35,85.89,78.02,61.66
74.81,74.81,87.88,78.23,60.53
74.71,74.71,85.92,74.99,64.28
76.55,76.55,84.37,72.47,65.32
74.37,74.37,84.73,70.59,65.09
70.69,70.69,87.04,71.78,65.29
67.89,67.89,85.08,66.02,65.92
67.36,67.36,82.54,63.96,68.32
69.11,69.11,79.45,69.33,69.65
69.57,69.57,70.43,67.73,71.18
68.65,68.65,72.26,77.45,69.71
70.01,70.01,67.30,80.02,68.04
72.60,72.60,59.72,79.39,67.87
73.78,73.78,60.59,81.07,68.64
73.43,73.43,72.51,79.19,66.34
71.37,71.37,74.77,81.60,68.83
71.79,71.79,71.66,78.83,66.30
71.89,71.89,68.26,81.95,64.40
73.20,73.20,65.21,80.93,67.16
72.83,72.83,61.31,81.88,64.52
72.06,72.06,59.27,79.49,65.72
72.29,72.29,56.84,82.04,66.56
73.81,73.81,51.04,79.63,68.70
73.83,73.83,47.41,82.19,68.48
74.41,74.41,50.17,79.06,64.11
74.96,74.96,56.95,81.82,64.04
73.01,73.01,60.95,79.37,61.36
70.46,70.46,66.17,82.48,59.27
74.75,74.75,79.08,76.13,60.42
77.87,77.87,87.71,80.16,62.01
77.78,77.78,85.92,72.62,61.47
80.05,80.05,85.95,68.32,63.02
81.63,81.63,84.76,66.62,62.27
81.08,81.08,85.94,62.78,61.89
74.18,74.18,86.66,63.52,63.15
68.65,68.65,83.03,51.21,64.55
70.31,70.31,84.85,64.03,69.47
74.63,74.63,78.63,52.74,69.32
77.11,77.11,75.30,67.72,72.82
78.32,78.32,62.57,68.12,70.19
77.25,77.25,62.11,76.11,70.69
77.50,77.50,59.26,80.19,70.32
77.61,77.61,65.34,80.32,69.36
79.31,79.31,73.66,79.98,71.45
78.13,78.13,72.81,80.54,71.25
76.36,76.36,69.53,80.13,69.09
76.30,76.30,65.83,80.80,66.40
79.28,79.28,62.91,80.26,66.63
78.07,78.07,60.24,81.57,67.74
76.90,76.90,56.29,80.21,65.22
79.05,79.05,53.31,82.36,66.57
80.59,80.59,50.18,78.83,67.73
79.52,79.52,44.71,82.87,69.79
77.86,77.86,48.29,84.48,67.05
77.28,77.28,53.92,83.75,69.40
74.56,74.56,65.10,83.36,67.53
77.49,77.49,66.34,84.27,64.86
70.69,70.69,85.22,82.50,66.66
67.21,67.21,86.65,75.58,63.99
65.27,65.27,85.96,62.66,64.74
66.09,66.09,84.07,66.03,61.45
66.26,66.26,85.07,68.42,64.56
64.86,64.86,87.36,59.68,62.69
62.84,62.84,82.95,65.66,65.16
62.81,62.81,82.64,63.28,66.59
67.24,67.24,72.07,62.81,70.66
72.90,72.90,74.21,71.10,66.16
75.59,75.59,66.85,72.26,66.82
74.54,74.54,65.01,79.34,64.22
74.80,74.80,56.64,82.78,63.57
72.76,72.76,59.52,85.34,66.63
69.01,69.01,70.49,83.17,69.08
66.87,66.87,74.53,85.66,72.39
66.52,66.52,71.65,82.74,72.07
66.79,66.79,67.69,83.79,73.29
66.61,66.61,64.94,86.09,71.81
68.94,68.94,61.25,84.15,70.58
66.40,66.40,58.16,84.35,69.34
64.84,64.84,56.53,84.53,70.21
67.70,67.70,52.89,84.22,71.04
70.74,70.74,47.36,83.92,70.44
72.29,72.29,46.26,86.56,70.85
73.62,73.62,50.78,83.48,69.65
70.84,70.84,57.42,84.30,67.67
68.03,68.03,64.73,85.41,67.30
70.15,70.15,77.82,82.24,65.46
70.90,70.90,87.79,80.75,58.95
72.92,72.92,85.67,76.72,59.69
77.20,77.20,85.30,63.07,57.13
80.93,80.93,84.73,69.88,57.87
77.83,77.83,87.81,63.17,60.70
76.01,76.01,85.35,67.17,61.40
77.08,77.08,84.22,63.04,64.62
78.20,78.20,82.66,68.78,66.40
78.93,78.93,77.96,69.22,65.99
79.41,79.41,78.30,70.67,66.90
77.91,77.91,72.60,73.47,63.75
76.17,76.17,70.18,75.51,63.34
81.24,81.24,61.03,73.41,63.49
79.78,79.78,62.50,76.19,65.40
77.52,77.52,74.64,78.95,66.78
78.28,78.28,72.95,79.30,69.36
75.84,75.84,69.33,77.84,68.79
74.90,74.90,66.06,77.76,66.71
74.68,74.68,64.02,76.94,67.67
75.24,75.24,63.08,79.37,64.78
74.36,74.36,66.75,80.23,65.52
75.98,75.98,79.53,78.31,62.82
77.72,77.72,86.58,75.02,60.62
76.00,76.00,86.35,70.91,60.36
77.32,77.32,85.45,68.60,59.37
81.22,81.22,85.01,69.52,61.89
81.73,81.73,85.23,71.90,58.76
74.41,74.41,85.41,74.22,59.74
75.57,75.57,83.90,67.77,61.65
80.21,80.21,87.37,67.37,61.02
79.70,79.70,84.25,65.31,63.18
73.03,73.03,85.76,64.88,64.10
79.08,79.08,87.24,54.32,65.29
79.53,79.53,85.77,54.87,62.76
77.85,77.85,84.61,63.01,64.47
76.33,76.33,85.47,72.20,67.43
73.58,73.58,78.65,74.40,70.51
75.80,75.80,78.46,77.91,71.25
77.54,77.54,72.62,79.79,70.98
74.95,74.95,69.77,78.86,72.02
70.46,70.46,60.23,79.14,71.77
68.99,68.99,58.34,82.24,70.00
66.79,66.79,67.04,82.72,68.74
69.44,69.44,73.92,82.56,68.01
67.85,67.85,71.90,83.59,66.94
66.91,66.91,67.29,79.84,68.02
66.28,66.28,64.62,84.35,67.13
66.54,66.54,61.40,81.29,65.30
68.07,68.07,57.64,83.42,64.30
67.07,67.07,54.61,82.87,63.94
66.74,66.74,53.25,83.98,65.33
65.76,65.76,49.63,81.49,65.58
65.41,65.41,46.48,83.09,64.96
66.12,66.12,48.81,83.20,64.84
65.30,65.30,55.70,82.86,62.47
66.06,66.06,63.02,84.25,60.76
76.37,76.37,75.55,77.14,61.30
78.21,78.21,86.52,78.93,62.51
74.29,74.29,86.43,72.69,63.10
73.85,73.85,84.17,67.15,64.71
76.40,76.40,86.32,61.03,66.53
76.23,76.23,86.01,61.49,66.67
76.31,76.31,85.36,58.50,65.05
74.10,74.10,87.06,57.60,67.81
73.98,73.98,81.65,65.75,68.60
75.41,75.41,80.17,68.91,69.97
76.84,76.84,76.83,71.45,67.62
77.75,77.75,76.86,73.62,69.62
75.83,75.83,71.12,74.37,67.52
71.59,71.59,65.29,76.42,72.01
76.73,76.73,59.42,77.29,66.63
74.84,74.84,73.78,76.11,71.48
72.91,72.91,73.65,76.72,66.97
72.45,72.45,70.65,76.19,68.46
72.37,72.37,67.44,77.61,66.35
70.68,70.68,64.24,77.53,64.92
63.08,63.08,63.46,76.21,62.33
63.39,63.39,63.56,77.70,64.41
64.20,64.20,61.58,73.12,67.33
65.85,65.85,59.35,80.36,73.60
65.65,65.65,57.50,83.44,73.37
66.36,66.36,56.02,86.38,72.67
68.05,68.05,57.38,82.90,72.65
67.87,67.87,61.34,83.61,72.86
67.04,67.04,69.74,82.43,68.71
66.73,66.73,80.46,82.58,68.26
65.35,65.35,86.59,76.52,66.28
68.64,68.64,87.16,75.47,64.81
69.95,69.95,85.41,74.49,63.31
69.29,69.29,84.22,70.29,64.10
70.65,70.65,84.39,69.20,64.49
70.49,70.49,86.29,71.61,64.18
72.41,72.41,83.14,65.41,68.11
74.59,74.59,78.66,75.62,69.23
74.64,74.64,75.33,73.61,69.62
72.23,72.23,72.36,79.07,69.56
72.51,72.51,68.32,83.57,68.37
76.08,76.08,54.80,82.13,69.36
77.70,77.70,58.60,85.15,68.27
76.99,76.99,65.51,80.12,68.93
75.92,75.92,73.86,84.44,72.14
76.14,76.14,71.32,84.13,71.92
75.98,75.98,68.19,80.77,73.70
76.64,76.64,65.47,84.74,75.52
78.47,78.47,62.98,81.60,75.42
78.94,78.94,59.96,83.09,74.02
77.13,77.13,58.96,83.27,72.97
75.17,75.17,54.26,82.24,74.41
77.37,77.37,51.80,81.16,71.03
77.48,77.48,51.45,86.97,75.58
75.86,75.86,50.92,77.93,69.87
73.25,73.25,57.53,84.36,74.06
75.73,75.73,65.27,85.11,70.59
74.58,74.58,73.71,78.95,69.17
72.85,72.85,86.19,82.66,64.31
73.00,73.00,87.17,76.43,62.02
73.94,73.94,86.26,68.15,63.74
74.95,74.95,85.23,71.15,63.08
76.60,76.60,85.08,68.84,62.11
78.66,78.66,86.86,64.16,61.96
75.65,75.65,85.15,74.12,62.83
75.76,75.76,81.13,69.74,63.97
75.64,75.64,77.61,76.34,65.88
76.74,76.74,74.98,78.59,65.25
77.69,77.69,70.59,81.60,67.23
80.96,80.96,56.54,83.49,68.60
80.91,80.91,56.52,80.22,66.96
77.48,77.48,59.95,82.45,69.25
79.02,79.02,74.96,82.12,70.58
82.58,82.58,73.08,81.95,71.04
79.11,79.11,70.23,80.92,71.25
75.29,75.29,66.72,86.03,69.00
78.65,78.65,63.74,79.01,68.48
74.65,74.65,60.05,84.05,67.87
73.11,73.11,57.39,85.53,66.23
75.62,75.62,55.54,79.89,65.41
74.51,74.51,51.23,85.56,66.92
70.81,70.81,47.88,82.53,65.41
69.89,69.89,47.85,82.00,67.35
70.79,70.79,51.41,83.83,68.57
72.48,72.48,58.79,83.32,67.97
68.29,68.29,62.69,80.57,66.01
70.57,70.57,78.73,85.22,65.44
74.94,74.94,87.45,74.59,64.90
76.51,76.51,86.30,74.73,64.89
78.35,78.35,85.86,71.72,65.55
75.17,75.17,84.42,73.16,66.80
76.24,76.24,86.37,72.83,66.36
73.69,73.69,86.65,65.76,65.23
71.72,71.72,82.09,70.02,66.33
73.19,73.19,81.24,70.55,70.01
73.37,73.37,74.78,71.27,69.47
73.71,73.71,76.94,78.48,68.97
79.38,79.38,68.96,79.76,69.95
79.27,79.27,62.76,80.50,69.69
72.82,72.82,55.28,78.91,68.95
69.35,69.35,62.60,81.45,68.53
70.26,70.26,74.34,78.19,70.96
73.59,73.59,72.14,82.57,68.66
74.87,74.87,67.98,78.49,66.83
77.53,77.53,64.56,83.24,66.59
79.23,79.23,59.88,78.15,65.82
79.27,79.27,57.55,83.30,65.73
80.44,80.44,57.46,77.50,65.26
81.13,81.13,52.81,85.15,65.51
80.47,80.47,48.69,76.90,62.84
79.72,79.72,45.00,85.22,63.96
78.46,78.46,45.11,77.48,66.53
78.18,78.18,50.26,84.18,64.98
77.32,77.32,63.10,78.21,62.40
73.10,73.10,66.18,83.61,61.00
73.29,73.29,86.17,70.52,62.34
75.35,75.35,87.20,74.63,61.79
77.26,77.26,85.24,68.43,61.09
76.14,76.14,84.61,66.52,63.73
77.42,77.42,85.56,65.84,64.44
78.98,78.98,87.64,67.34,64.21
80.85,80.85,83.57,60.85,64.50
81.59,81.59,84.21,67.79,67.39
81.29,81.29,76.95,69.95,71.02
80.79,80.79,73.64,68.06,68.31
80.74,80.74,69.55,71.79,68.16
77.99,77.99,69.85,79.57,70.96
75.91,75.91,62.25,80.00,69.98
77.60,77.60,60.76,79.68,68.49
79.31,79.31,70.02,80.83,70.22
78.63,78.63,73.87,79.44,69.21
76.54,76.54,72.15,81.53,68.22
74.17,74.17,67.13,78.89,66.22
76.19,76.19,62.66,81.65,66.65
78.61,78.61,59.45,78.95,66.61
80.42,80.42,56.05,81.21,66.97
78.05,78.05,55.29,78.35,67.50
76.16,76.16,52.48,81.54,68.11
78.18,78.18,48.98,79.98,69.67
72.61,72.61,45.17,85.30,70.43
68.58,68.58,50.73,84.66,69.58
63.63,63.63,56.58,83.54,69.30
62.86,62.86,66.69,85.30,69.17
64.23,64.23,76.91,82.24,66.74
65.29,65.29,87.51,82.38,64.46
71.08,71.08,86.01,78.49,62.43
74.99,74.99,85.83,62.84,63.02
76.97,76.97,84.58,73.66,63.40
77.55,77.55,87.27,67.45,62.28
76.31,76.31,84.21,72.57,63.38
75.91,75.91,82.94,69.57,65.16
77.51,77.51,80.10,75.32,69.02
77.02,77.02,74.90,78.36,69.98
77.71,77.71,72.25,81.75,68.03
75.49,75.49,63.34,83.89,68.39
74.09,74.09,57.62,86.68,67.61
75.38,75.38,58.32,83.42,65.75
77.06,77.06,64.64,84.78,68.79
74.34,74.34,73.36,83.10,68.13
76.92,76.92,71.50,83.51,71.08
77.95,77.95,68.14,85.93,72.91
78.01,78.01,65.78,84.00,70.47
80.14,80.14,60.71,84.09,70.39
78.11,78.11,58.51,83.82,71.09
78.67,78.67,55.65,83.55,70.92
79.50,79.50,53.53,83.68,70.60
79.04,79.04,52.28,86.53,68.90
76.95,76.95,51.67,83.89,68.03
77.86,77.86,50.95,83.25,70.64
77.27,77.27,52.60,85.48,68.97
77.51,77.51,60.62,82.93,67.76
74.97,74.97,65.22,86.62,64.60
76.13,76.13,82.43,79.91,62.83
77.04,77.04,87.39,67.92,60.82
72.19,72.19,84.88,71.66,61.64
71.61,71.61,84.53,66.85,63.73
68.41,68.41,86.80,71.69,61.58
69.24,69.24,85.66,71.36,62.49
67.14,67.14,83.73,68.92,64.03
67.30,67.30,85.02,77.05,66.62
68.58,68.58,76.37,73.89,68.62
69.02,69.02,71.19,78.96,70.96
69.10,69.10,63.99,80.37,69.59
67.48,67.48,55.60,80.36,70.34
64.05,64.05,56.66,81.86,69.26
65.35,65.35,61.36,84.42,66.33
66.92,66.92,68.34,85.43,66.15
73.25,73.25,73.40,76.93,67.77
78.09,78.09,70.65,77.87,66.15
77.05,77.05,67.37,80.06,63.80
79.89,79.89,63.01,78.40,65.23
78.58,78.58,60.08,79.46,65.04
76.39,76.39,63.02,77.21,64.73
83.17,83.17,68.75,77.20,62.40
84.55,84.55,86.12,71.45,61.08
82.05,82.05,86.33,68.34,62.22
77.17,77.17,85.91,67.17,61.40
80.68,80.68,85.02,67.90,62.05
83.64,83.64,85.81,67.21,60.70
81.48,81.48,86.76,70.88,62.94
80.98,80.98,84.38,68.17,62.78
81.56,81.56,86.73,64.32,65.61
78.21,78.21,86.50,63.88,62.67
80.93,80.93,84.49,63.99,63.01
80.46,80.46,86.88,62.52,63.31
77.48,77.48,85.32,57.95,62.77
77.10,77.10,84.56,58.22,63.78
79.49,79.49,86.47,65.76,66.04
76.22,76.22,81.14,74.61,70.36
73.57,73.57,78.32,74.73,70.76
72.71,72.71,73.54,77.64,71.28
68.23,68.23,72.69,81.16,70.35
65.73,65.73,67.87,80.17,69.82
67.00,67.00,58.87,82.82,69.75
66.69,66.69,61.12,80.21,69.47
69.18,69.18,73.73,84.70,69.97
71.40,71.40,73.01,79.96,70.19
70.98,70.98,69.03,83.48,67.47
70.92,70.92,67.32,82.84,67.52
72.38,72.38,63.05,83.19,65.19
72.83,72.83,60.89,82.10,67.18
72.71,72.71,58.47,83.27,67.05
73.91,73.91,56.29,81.90,67.11
73.53,73.53,53.36,83.37,66.01
68.77,68.77,51.86,83.63,65.94
65.49,65.49,49.72,80.75,65.47
66.87,66.87,50.99,85.10,67.56
68.18,68.18,61.41,80.24,68.98
66.60,66.60,64.64,84.20,67.13
65.34,65.34,80.63,75.28,66.47
65.49,65.49,87.26,72.88,66.44
66.77,66.77,87.21,70.93,67.16
67.90,67.90,85.70,63.02,66.48
69.01,69.01,85.26,55.84,65.81
67.61,67.61,85.75,63.12,64.85
67.21,67.21,87.23,57.81,68.14
69.13,69.13,83.89,65.77,68.56
71.73,71.73,81.17,68.15,72.68
74.97,74.97,78.07,68.75,70.83
76.31,76.31,76.86,71.48,70.04
72.25,72.25,76.19,72.03,71.17
73.12,73.12,67.54,75.66,69.66
77.58,77.58,59.42,74.64,70.98
74.58,74.58,65.90,76.89,68.97
77.58,77.58,74.52,76.22,68.63
74.90,74.90,72.11,76.19,67.43
70.31,70.31,69.50,76.61,65.48
70.99,70.99,65.55,76.54,64.11
69.29,69.29,64.20,76.85,63.68
70.84,70.84,59.70,77.23,64.23
71.34,71.34,57.35,76.79,63.15
72.51,72.51,53.69,72.29,68.33
73.56,73.56,50.56,81.10,69.70
78.99,78.99,49.11,86.08,69.54
75.88,75.88,50.66,84.44,70.75
71.38,71.38,55.37,83.67,68.20
73.16,73.16,61.22,80.63,65.93
77.74,77.74,70.70,84.79,65.06
77.74,77.74,86.21,78.54,60.62
77.72,77.72,87.64,78.19,59.35
80.85,80.85,85.91,69.57,59.18
83.96,83.96,84.10,72.72,62.79
82.98,82.98,84.26,71.87,61.71
80.65,80.65,85.62,74.54,62.52
79.81,79.81,84.59,65.58,62.37
73.90,73.90,80.42,74.24,67.03
71.91,71.91,77.50,75.73,69.36
70.50,70.50,72.90,77.79,69.09
72.21,72.21,70.86,83.77,68.14
74.54,74.54,58.96,79.92,68.78
76.57,76.57,55.04,83.38,65.98
76.88,76.88,59.71,84.90,66.80
77.19,77.19,72.04,79.55,66.85
72.98,72.98,74.49,85.00,69.28
70.25,70.25,71.12,82.28,70.69
65.57,65.57,66.94,82.73,72.09
65.19,65.19,64.15,82.77,72.88
63.07,63.07,60.92,82.90,71.84
65.12,65.12,60.55,80.85,73.67
68.67,68.67,58.83,86.54,74.07
69.95,69.95,57.57,80.08,72.59
72.44,72.44,55.97,83.39,72.32
70.44,70.44,53.78,86.56,71.99
69.12,69.12,53.56,78.86,70.99
74.61,74.61,60.27,85.30,70.07
79.35,79.35,67.24,82.20,67.13
79.02,79.02,77.68,81.52,65.70
74.53,74.53,87.09,80.04,60.71
75.45,75.45,85.50,76.22,60.39
76.35,76.35,85.66,66.99,62.61
75.58,75.58,84.75,72.85,63.38
78.73,78.73,86.39,64.54,61.90
78.73,78.73,86.48,71.99,65.06
76.14,76.14,82.45,72.53,65.55
79.42,79.42,81.04,70.93,68.03
79.61,79.61,72.28,75.91,66.28
77.72,77.72,74.10,76.55,66.74
78.37,78.37,64.28,76.87,66.10
80.98,80.98,57.70,78.82,65.69
80.58,80.58,59.34,81.63,64.68
79.74,79.74,66.76,81.09,66.42
81.03,81.03,73.79,84.79,64.83
79.34,79.34,71.07,80.32,65.98
79.02,79.02,67.91,83.08,66.60
77.60,77.60,64.66,85.59,65.76
77.14,77.14,61.24,79.61,66.99
78.28,78.28,59.89,85.62,67.66
76.48,76.48,59.32,82.37,66.64
72.44,72.44,57.73,82.76,64.91
69.45,69.45,55.65,83.52,65.69
70.79,70.79,54.88,83.09,67.03
72.67,72.67,51.40,80.73,67.25
73.64,73.64,55.82,86.46,66.95
73.51,73.51,62.21,79.35,65.64
73.50,73.50,64.90,84.16,62.71
71.05,71.05,85.75,82.61,63.40
70.94,70.94,87.16,68.76,64.03
76.42,76.42,86.05,70.53,63.86
78.19,78.19,84.93,72.01,65.30
77.94,77.94,85.09,71.88,64.15
68.26,68.26,87.63,71.88,64.25
62.58,62.58,83.66,60.02,66.47
64.12,64.12,84.26,68.24,69.34
61.86,61.86,76.16,66.02,69.35
60.85,60.85,75.70,74.41,68.73
62.55,62.55,70.59,76.14,70.91
65.50,65.50,68.69,81.65,70.44
68.72,68.72,60.99,79.93,72.30
67.87,67.87,61.24,80.93,70.15
69.59,69.59,70.40,81.21,69.86
69.88,69.88,73.45,81.02,67.69
69.15,69.15,71.18,82.08,67.52
69.72,69.72,68.10,80.64,64.45
67.98,67.98,64.47,82.20,64.51
69.38,69.38,61.72,80.62,63.76
68.47,68.47,58.58,81.81,65.87
66.12,66.12,57.10,79.97,66.28
63.00,63.00,55.25,82.41,68.40
59.67,59.67,53.17,80.04,66.37
60.57,60.57,50.05,82.43,66.37
60.46,60.46,49.10,79.45,65.97
61.14,61.14,58.29,82.76,64.10
59.30,59.30,64.35,79.33,61.32
59.85,59.85,75.00,82.50,61.56
70.32,70.32,87.27,71.48,63.64
73.04,73.04,86.41,68.73,64.41
74.10,74.10,85.81,67.50,65.61
74.28,74.28,85.14,61.09,68.21
72.23,72.23,87.84,65.66,66.81
66.34,66.34,85.37,59.45,65.55
68.71,68.71,84.97,63.42,68.22
72.68,72.68,83.81,68.78,70.02
80.26,80.26,75.86,66.11,68.42
81.69,81.69,70.84,63.71,68.98
75.54,75.54,64.16,71.84,68.60
78.21,78.21,63.44,82.13,68.88
73.39,73.39,57.09,80.77,68.23
66.82,66.82,56.59,79.42,68.89
68.55,68.55,70.88,80.53,70.13
66.68,66.68,70.24,79.07,70.24
67.95,67.95,67.28,81.02,70.26
69.07,69.07,66.20,79.93,69.86
70.29,70.29,65.32,81.14,67.25
71.77,71.77,65.40,79.51,67.67
70.94,70.94,65.09,81.46,66.37
73.39,73.39,62.59,80.80,69.93
75.70,75.70,61.33,81.07,70.42
77.35,77.35,59.42,80.86,70.19
77.72,77.72,52.15,86.18,71.84
75.86,75.86,56.11,83.89,69.93
74.25,74.25,63.71,82.43,70.79
76.96,76.96,68.38,86.79,66.86
76.91,76.91,80.84,80.07,68.34
77.24,77.24,87.97,78.49,63.43
77.07,77.07,85.06,75.69,65.04
78.70,78.70,84.48,71.63,63.64
74.66,74.66,85.66,57.93,62.35
73.66,73.66,84.79,73.91,64.50
69.78,69.78,82.76,68.78,64.83
67.56,67.56,83.40,67.86,66.17
64.55,64.55,76.65,67.34,68.32
69.94,69.94,75.62,75.54,66.50
71.22,71.22,69.94,80.33,66.22
75.81,75.81,62.20,83.44,66.07
78.59,78.59,57.73,83.28,63.87
77.63,77.63,57.21,85.84,65.30
72.68,72.68,67.44,83.77,67.93
73.17,73.17,73.88,83.30,70.51
70.91,70.91,71.73,85.83,69.08
66.78,66.78,69.17,82.57,70.64
67.18,67.18,65.88,87.43,71.05
65.38,65.38,62.84,84.42,68.97
63.42,63.42,62.01,82.88,69.52
63.09,63.09,60.88,86.70,69.60
67.14,67.14,57.81,82.57,70.33
70.53,70.53,53.72,85.42,69.11
69.42,69.42,53.83,85.03,68.03
72.30,72.30,50.48,83.25,67.03
74.16,74.16,57.85,86.41,66.57
77.09,77.09,65.14,82.64,65.40
76.39,76.39,72.58,83.77,62.63
73.52,73.52,87.37,73.48,58.57
72.26,72.26,87.24,62.85,58.62
71.84,71.84,84.87,64.19,62.15
72.25,72.25,86.86,52.00,62.62
71.45,71.45,86.38,59.17,63.76
70.25,70.25,85.82,60.64,62.86
70.15,70.15,87.43,63.47,60.84
71.97,71.97,81.77,65.49,63.38
74.51,74.51,80.15,68.01,64.61
76.46,76.46,75.49,70.07,62.26
75.84,75.84,77.04,72.46,63.37
81.86,81.86,69.90,75.88,64.65
78.03,78.03,60.63,76.97,62.99
76.10,76.10,60.95,77.33,65.53
77.58,77.58,73.62,76.10,69.63
77.89,77.89,73.11,75.59,69.56
79.12,79.12,69.42,78.85,70.06
79.57,79.57,66.63,78.82,73.18
78.28,78.28,64.40,78.12,72.25
80.64,80.64,63.05,78.59,70.72
77.51,77.51,68.17,77.23,69.10
77.13,77.13,78.19,78.23,65.59
74.28,74.28,87.39,77.49,63.32
68.97,68.97,85.59,74.10,60.77
69.36,69.36,86.25,67.70,60.27
72.96,72.96,84.32,69.42,64.62
77.03,77.03,86.75,69.59,61.79
79.77,79.77,86.28,65.89,61.89
77.25,77.25,83.63,57.80,63.34
74.71,74.71,86.47,62.96,62.18
77.84,77.84,86.91,59.89,62.33
81.02,81.02,86.01,62.67,62.69
76.30,76.30,84.60,61.76,66.10
73.16,73.16,85.67,63.07,64.52
77.10,77.10,87.44,66.42,64.34
77.84,77.84,83.01,69.61,67.87
80.92,80.92,81.06,70.66,70.36
77.38,77.38,77.72,76.74,71.01
71.89,71.89,74.77,78.41,70.67
72.41,72.41,71.78,76.49,69.65
69.31,69.31,63.44,81.77,72.36
63.36,63.36,57.47,81.13,70.50
64.75,64.75,66.47,83.34,70.63
68.86,68.86,73.96,83.57,72.02
66.34,66.34,71.34,82.27,69.87
63.83,63.83,69.12,84.66,65.36
65.87,65.87,65.21,79.98,67.35
65.49,65.49,62.35,84.37,67.45
66.18,66.18,60.60,82.71,65.91
63.24,63.24,58.22,84.25,65.14
62.06,62.06,56.64,82.74,66.47
60.20,60.20,54.12,83.61,69.10
59.61,59.61,49.84,81.44,68.76
59.98,59.98,46.63,83.84,69.06
60.03,60.03,53.73,84.04,68.21
58.78,58.78,62.83,82.07,66.12
60.90,60.90,69.81,84.02,65.03
66.94,66.94,86.11,74.01,66.44
73.29,73.29,87.56,67.02,64.33
74.17,74.17,86.05,58.99,64.88
74.39,74.39,84.87,51.01,66.11
74.60,74.60,85.49,57.35,65.29
73.20,73.20,87.44,55.63,64.56
74.46,74.46,85.50,48.80,68.47
76.03,76.03,82.49,58.41,68.94
76.74,76.74,80.97,64.64,72.96
76.48,76.48,75.45,67.99,69.39
77.05,77.05,78.56,69.31,71.95
75.65,75.65,73.21,72.53,71.29
73.40,73.40,64.06,74.50,70.65
67.94,67.94,60.59,75.31,69.17
62.65,62.65,72.37,74.36,70.59
66.11,66.11,73.62,75.01,69.47
66.81,66.81,71.29,74.82,69.16
65.53,65.53,68.43,74.80,68.07
67.71,67.71,66.55,74.18,67.35
68.28,68.28,63.97,75.23,67.64
68.78,68.78,63.61,75.20,67.28
68.36,68.36,64.11,76.42,68.47
67.67,67.67,64.72,75.92,71.94
65.72,65.72,65.75,81.39,71.42
62.80,62.80,62.76,83.85,71.35
58.31,58.31,57.71,84.05,72.44
58.07,58.07,60.04,86.34,69.72
60.78,60.78,68.17,79.87,70.29
62.72,62.72,79.07,84.42,68.68
68.43,68.43,87.78,74.30,65.04
72.69,72.69,86.28,64.84,63.09
74.42,74.42,86.01,67.71,65.40
74.27,74.27,84.51,67.79,66.97
73.48,73.48,85.64,69.01,65.43
71.47,71.47,86.19,60.41,67.63
68.51,68.51,82.66,66.94,67.76
72.30,72.30,82.42,61.15,73.46
74.08,74.08,74.45,67.72,71.51
76.11,76.11,74.87,69.54,70.68
75.47,75.47,68.88,80.66,70.25
76.21,76.21,59.15,81.45,70.34
76.22,76.22,58.18,81.83,69.05
76.35,76.35,64.41,82.50,68.40
75.46,75.46,75.34,82.25,72.10
77.14,77.14,73.31,80.35,72.87
76.74,76.74,68.69,85.44,73.46
76.51,76.51,66.55,80.78,73.15
76.87,76.87,63.20,82.61,72.81
78.57,78.57,60.63,85.65,73.13
78.93,78.93,59.87,78.61,73.33
77.25,77.25,58.35,85.56,73.56
76.50,76.50,56.96,82.17,71.22
76.42,76.42,55.89,82.14,72.40
75.59,75.59,52.97,83.54,70.57
76.17,76.17,54.97,82.78,71.11
73.17,73.17,61.03,80.74,65.61
73.20,73.20,70.54,85.04,65.15
73.26,73.26,85.55,78.26,60.57
75.96,75.96,86.41,78.22,61.01
78.49,78.49,85.31,71.98,61.95
77.89,77.89,84.05,73.59,63.11
77.85,77.85,84.83,73.98,63.31
79.09,79.09,87.30,74.77,64.53
79.52,79.52,82.89,64.56,64.10
78.04,78.04,83.42,73.43,64.21
76.66,76.66,77.56,73.16,68.83
75.25,75.25,75.40,76.63,68.42
75.44,75.44,70.22,82.57,68.68
76.46,76.46,60.12,82.61,66.65
73.92,73.92,56.61,82.49,68.28
78.03,78.03,60.91,84.91,68.35
75.81,75.81,73.63,79.60,71.45
76.06,76.06,74.04,84.98,69.61
76.14,76.14,70.75,82.59,69.01
73.62,73.62,67.22,82.63,67.81
70.62,70.62,64.27,83.48,65.49
71.21,71.21,60.89,83.59,66.26
73.54,73.54,58.82,80.45,68.39
68.51,68.51,58.25,86.49,68.08
74.73,74.73,56.84,80.95,67.17
72.85,72.85,53.79,82.92,69.03
63.88,63.88,51.55,86.45,66.85
65.12,65.12,50.21,78.65,69.43
64.99,64.99,57.35,85.98,68.46
69.03,69.03,64.20,82.38,63.02
73.39,73.39,74.02,81.56,60.60
75.63,75.63,87.35,79.43,61.34
79.64,79.64,85.67,75.89,63.68
80.22,80.22,86.19,71.60,63.51
75.73,75.73,84.95,70.19,62.95
77.18,77.18,87.51,66.13,64.27
72.55,72.55,84.98,63.41,65.14
77.30,77.30,83.54,67.63,65.70
78.47,78.47,81.20,65.24,68.38
78.70,78.70,77.44,71.80,67.74
82.61,82.61,77.13,76.38,70.21
78.63,78.63,70.85,79.24,69.60
79.28,79.28,64.23,72.73,70.71
76.12,76.12,55.59,80.78,71.29
75.77,75.77,61.25,78.85,67.75
78.01,78.01,74.30,82.51,63.02
80.34,80.34,73.39,79.11,64.72
76.90,76.90,68.83,82.46,62.85
76.88,76.88,66.30,77.40,64.84
74.31,74.31,62.09,83.59,62.97
75.50,75.50,57.28,78.28,64.51
76.25,76.25,54.23,84.65,64.46
76.25,76.25,52.55,77.70,63.19
77.92,77.92,46.65,84.20,65.86
78.18,78.18,41.82,77.73,64.47
81.13,81.13,38.65,83.60,62.60
80.06,80.06,49.71,76.89,61.74
74.63,74.63,57.29,83.66,59.92
75.94,75.94,67.13,76.84,60.07
77.88,77.88,83.08,80.11,61.92
78.88,78.88,87.87,70.32,61.77
80.11,80.11,84.33,72.13,65.88
80.32,80.32,84.70,64.91,68.18
77.71,77.71,86.74,68.10,68.25
77.62,77.62,86.01,64.34,67.41
80.42,80.42,84.14,66.81,65.78
82.32,82.32,84.92,71.17,67.05
83.13,83.13,75.82,66.89,71.70
78.42,78.42,75.00,72.46,70.56
76.05,76.05,72.62,77.57,71.15
80.82,80.82,72.98,79.20,70.05
78.78,78.78,61.68,79.31,70.13
76.76,76.76,57.27,80.04,70.65
74.37,74.37,66.74,80.16,66.12
73.83,73.83,74.26,80.49,64.95
75.27,75.27,71.48,79.81,63.68
74.20,74.20,68.35,80.86,65.30
76.82,76.82,64.02,79.43,65.97
75.89,75.89,59.89,82.15,65.11
75.43,75.43,57.58,79.73,65.72
73.36,73.36,54.74,82.25,64.85
74.08,74.08,54.28,78.78,67.64
72.56,72.56,49.33,85.07,70.71
68.79,68.79,44.54,82.70,71.83
69.68,69.68,44.89,83.05,72.79
68.52,68.52,58.14,86.81,72.10
68.26,68.26,62.80,82.56,69.45
68.74,68.74,71.56,83.36,69.85
68.49,68.49,87.01,77.87,67.43
70.56,70.56,87.73,60.02,67.59
76.59,76.59,84.76,73.99,65.43
77.07,77.07,86.77,61.26,65.44
75.97,75.97,85.76,72.22,67.74
73.81,73.81,84.71,71.94,67.32
72.73,72.73,86.00,75.38,67.89
75.05,75.05,80.80,73.03,70.61
75.54,75.54,78.20,78.87,70.14
76.72,76.72,72.40,79.96,69.50
77.22,77.22,67.99,82.78,68.13
76.16,76.16,59.35,85.69,67.64
75.58,75.58,55.55,82.86,66.64
76.25,76.25,58.70,83.29,67.76
77.08,77.08,73.33,85.80,70.78
76.39,76.39,72.94,82.04,71.67
74.46,74.46,68.95,86.13,71.09
75.79,75.79,65.58,84.07,70.11
77.22,77.22,63.25,82.49,69.41
77.31,77.31,59.65,86.76,70.44
75.26,75.26,57.24,81.49,69.25
74.58,74.58,54.03,84.66,70.52
77.32,77.32,49.16,85.44,68.63
73.32,73.32,45.43,83.05,69.11
72.10,72.10,41.01,85.76,68.74
68.56,68.56,47.75,82.94,68.89
64.27,64.27,58.40,84.60,66.76
61.25,61.25,68.93,85.25,62.46
65.63,65.63,80.74,83.09,63.57
65.95,65.95,86.94,79.02,63.67
68.92,68.92,87.55,68.84,64.79
68.56,68.56,84.64,64.50,63.21
67.83,67.83,84.78,70.49,63.60
66.87,66.87,85.42,64.05,63.57
64.29,64.29,86.78,72.40,63.23
65.09,65.09,83.01,69.15,63.36
65.18,65.18,78.21,72.37,65.33
65.52,65.52,67.12,70.43,67.88
64.64,64.64,63.55,75.47,69.21
64.14,64.14,61.48,78.37,67.73
63.39,63.39,61.09,78.89,67.72
62.33,62.33,59.65,85.71,66.02
64.99,64.99,66.11,83.34,64.39
68.05,68.05,74.92,82.43,65.49
75.88,75.88,72.42,80.97,62.69
74.51,74.51,68.14,78.88,62.03
76.69,76.69,65.04,78.11,62.27
80.51,80.51,63.66,81.21,61.86
80.66,80.66,62.00,80.31,63.80
80.41,80.41,65.97,77.19,66.02
81.55,81.55,86.03,75.53,64.90
79.00,79.00,85.92,72.20,63.57
74.85,74.85,85.78,71.95,62.63
76.23,76.23,84.28,68.58,61.84
79.52,79.52,85.62,71.66,58.58
82.17,82.17,86.94,67.69,60.35
80.78,80.78,81.60,63.61,62.03
79.31,79.31,86.46,57.90,63.27
75.24,75.24,87.30,63.37,63.97
74.40,74.40,86.59,65.28,64.15
74.17,74.17,85.35,64.36,65.73
72.74,72.74,85.22,59.32,64.73
73.94,73.94,87.45,63.61,65.69
70.92,70.92,85.28,65.47,66.96
71.92,71.92,81.37,73.60,69.03
73.57,73.57,79.38,74.42,70.54
72.25,72.25,76.05,76.35,70.57
71.95,71.95,76.69,79.35,69.09
72.80,72.80,67.09,77.90,68.65
69.51,69.51,58.02,80.07,69.40
65.89,65.89,58.19,83.89,69.73
67.17,67.17,72.15,79.11,66.97
68.05,68.05,74.01,84.33,66.99
66.21,66.21,71.47,81.37,66.40
66.73,66.73,68.03,83.92,66.69
70.31,70.31,65.70,83.13,65.09
71.20,71.20,61.87,84.17,63.95
72.52,72.52,60.40,81.00,64.16
71.22,71.22,58.61,83.17,65.05
73.34,73.34,56.52,83.61,65.53
69.15,69.15,52.93,82.25,64.80
65.26,65.26,51.59,84.68,65.67
66.48,66.48,51.11,79.81,63.04
62.68,62.68,56.49,85.22,61.89
65.13,65.13,65.56,81.24,60.56
65.87,65.87,78.98,81.97,61.98
65.51,65.51,88.04,73.58,62.59
69.22,69.22,86.08,66.48,64.08
71.13,71.13,85.37,57.36,64.48
64.49,64.49,84.57,58.02,64.74
64.80,64.80,87.16,52.10,64.17
66.93,66.93,87.65,57.10,63.76
75.07,75.07,83.15,61.43,66.67
77.77,77.77,84.05,65.96,71.45
76.47,76.47,76.65,69.18,72.47
74.36,74.36,78.07,72.69,71.59
74.70,74.70,74.91,72.48,72.40
73.35,73.35,72.81,74.82,70.83
74.56,74.56,59.90,76.71,68.69
78.10,78.10,62.60,76.21,68.65
77.53,77.53,74.50,76.25,68.35
78.18,78.18,72.24,76.55,68.98
77.73,77.73,68.79,75.77,66.24
78.64,78.64,66.04,76.30,66.28
75.33,75.33,62.86,76.07,65.42
74.84,74.84,60.27,76.72,66.10
76.91,76.91,56.41,77.58,67.76
78.88,78.88,54.50,78.40,69.24
78.28,78.28,49.02,79.56,68.87
78.82,78.82,45.02,83.68,70.03
77.74,77.74,45.60,82.42,69.59
81.50,81.50,53.50,86.27,69.06
81.68,81.68,64.02,81.99,70.09
79.31,79.31,68.31,81.95,66.44
78.77,78.77,85.50,81.42,64.44
77.84,77.84,86.64,71.43,62.34
75.94,75.94,86.13,62.77,61.91
69.19,69.19,84.43,62.70,61.12
68.79,68.79,85.12,67.95,60.82
65.34,65.34,87.72,62.79,62.78
64.83,64.83,84.31,66.58,64.44
66.99,66.99,84.33,68.98,65.37
66.39,66.39,78.04,73.03,71.13
68.70,68.70,76.48,77.07,67.57
70.55,70.55,70.49,81.11,69.85
72.21,72.21,61.51,84.43,67.73
72.52,72.52,56.99,82.55,69.66
73.34,73.34,59.67,81.53,66.62
74.07,74.07,70.05,84.35,66.59
72.12,72.12,74.99,81.94,72.30
70.94,70.94,71.74,82.36,71.74
69.86,69.86,68.14,85.99,72.56
67.00,67.00,65.28,79.05,69.98
66.68,66.68,60.58,86.11,70.74
70.10,70.10,59.23,83.83,72.52
70.50,70.50,56.67,81.56,69.96
72.61,72.61,54.32,86.04,72.02
70.96,70.96,50.35,82.90,69.99
74.10,74.10,49.61,81.59,70.87
76.61,76.61,51.94,86.55,71.95
74.28,74.28,60.61,81.71,69.80
72.57,72.57,70.32,82.82,66.05
70.20,70.20,77.49,85.85,60.34
65.27,65.27,87.86,76.00,54.74
66.86,66.86,85.98,78.33,56.48
69.71,69.71,84.74,72.64,58.89
71.03,71.03,84.39,62.21,61.00
71.98,71.98,87.70,74.64,59.43
73.25,73.25,84.84,72.08,60.23
74.09,74.09,83.88,67.46,60.93
74.25,74.25,81.62,77.25,64.75
75.96,75.96,75.87,76.25,63.87
76.30,76.30,71.90,79.43,65.19
76.01,76.01,66.56,81.54,67.65
75.51,75.51,56.13,78.72,63.60
75.93,75.93,56.17,84.02,64.64
74.82,74.82,65.96,82.25,63.44
74.62,74.62,76.39,83.19,75.56
72.94,72.94,73.46,83.68,77.30
73.02,73.02,69.45,82.01,73.33
73.24,73.24,66.71,81.99,71.06
77.58,77.58,62.98,85.35,69.75
76.16,76.16,61.06,82.10,66.00
73.86,73.86,58.57,81.64,65.48
71.37,71.37,56.55,86.90,63.35
71.94,71.94,50.91,78.93,66.99
74.68,74.68,46.62,85.56,68.49
73.89,73.89,46.10,83.75,69.81
72.47,72.47,48.30,82.01,67.99
70.07,70.07,52.31,85.21,65.42
67.03,67.03,56.56,82.58,64.79
68.66,68.66,64.55,80.30,70.96
72.13,72.13,62.44,81.67,74.94
67.90,67.90,62.02,77.43,72.49
65.83,65.83,59.84,71.80,71.37
64.73,64.73,58.04,75.46,70.94
63.19,63.19,57.20,71.63,71.86
62.05,62.05,56.92,73.87,70.47
61.16,61.16,56.05,70.47,72.44
59.06,59.06,52.80,73.48,72.57
64.34,64.34,53.31,74.82,70.37
61.23,61.23,52.62,76.38,72.88
59.91,59.91,51.39,79.09,71.87
60.93,60.93,54.26,79.50,71.18
61.18,61.18,56.09,80.78,72.11
60.95,60.95,68.35,80.01,68.84
63.65,63.65,74.62,81.45,68.79
62.06,62.06,72.90,80.19,70.10
61.00,61.00,69.13,82.49,67.09
59.70,59.70,65.48,80.24,67.02
61.84,61.84,62.36,82.85,66.90
58.78,58.78,59.63,79.08,66.21
56.69,56.69,56.37,82.55,66.54
59.38,59.38,53.95,78.71,69.26
58.86,58.86,47.69,82.91,66.96
66.89,66.89,47.58,78.35,66.85
71.81,71.81,49.49,83.06,66.51
76.01,76.01,56.64,78.44,65.42
74.98,74.98,62.24,83.35,65.02
70.98,70.98,68.43,79.07,65.97
72.49,72.49,75.11,81.95,71.53
74.15,74.15,74.30,69.40,74.63
72.26,72.26,69.66,76.11,72.85
67.14,67.14,64.11,66.24,69.27
63.18,63.18,59.16,74.59,69.95
63.21,63.21,54.82,68.00,70.94
64.77,64.77,51.88,73.65,71.25
74.37,74.37,52.19,71.23,71.77
76.42,76.42,50.55,73.81,68.02
80.60,80.60,49.49,74.93,70.55
80.09,80.09,49.58,77.14,69.87
77.12,77.12,50.43,78.83,68.58
77.66,77.66,55.17,79.32,67.55
80.27,80.27,61.38,79.40,66.11
76.50,76.50,73.73,79.67,70.63
75.43,75.43,73.27,79.87,70.47
74.44,74.44,69.78,80.18,71.66
74.31,74.31,66.72,80.79,71.73
72.21,72.21,64.20,80.88,68.28
71.46,71.46,60.40,82.09,67.26
75.64,75.64,57.21,81.31,68.89
80.08,80.08,54.71,81.76,69.49
80.40,80.40,48.87,79.71,72.38
78.72,78.72,44.30,82.89,68.65
80.31,80.31,46.99,84.48,69.14
81.56,81.56,51.28,84.18,68.10
81.21,81.21,56.33,83.92,68.50
81.20,81.20,57.98,83.40,67.76
79.17,79.17,62.72,84.28,69.38
77.41,77.41,61.52,76.12,69.07
74.82,74.82,60.48,75.15,69.23
70.77,70.77,58.76,73.96,70.86
70.61,70.61,57.95,72.01,69.50
68.12,68.12,56.30,77.22,69.27
64.65,64.65,55.29,72.39,70.60
62.85,62.85,53.21,78.46,70.26
64.26,64.26,51.91,76.78,71.66
65.71,65.71,52.27,76.87,68.82
70.18,70.18,51.20,81.12,68.10
67.29,67.29,53.45,80.62,66.02
65.68,65.68,54.96,83.21,63.54
66.98,66.98,58.86,85.93,62.70
67.84,67.84,66.83,83.05,66.46
66.95,66.95,71.49,84.89,71.08
65.87,65.87,70.18,83.89,73.35
65.06,65.06,67.21,84.17,72.90
64.27,64.27,65.64,85.68,73.34
64.56,64.56,60.94,84.45,71.56
64.56,64.56,58.43,84.74,70.10
66.89,66.89,54.85,84.12,71.46
68.62,68.62,52.14,84.28,71.07
71.16,71.16,48.13,83.53,72.85
73.99,73.99,46.35,86.79,70.31
71.73,71.73,49.68,83.41,70.43
69.46,69.46,55.48,82.95,69.67
71.81,71.81,60.36,86.36,70.42
69.57,69.57,67.00,82.96,69.17
68.80,68.80,74.47,85.06,69.80
70.89,70.89,76.38,78.45,70.52
68.55,68.55,72.78,72.02,71.35
70.15,70.15,65.53,69.69,72.30
71.11,71.11,60.21,62.28,70.55
71.06,71.06,55.83,64.91,69.99
72.15,72.15,54.11,63.42,68.25
72.73,72.73,51.42,68.79,68.08
75.25,75.25,45.60,70.67,66.04
78.12,78.12,47.01,71.07,65.46
80.97,80.97,47.49,71.75,66.59
80.89,80.89,50.90,73.61,66.11
80.09,80.09,56.76,72.25,65.77
79.28,79.28,62.13,73.19,64.05
81.46,81.46,72.72,77.12,65.71
79.13,79.13,73.96,78.81,69.95
78.93,78.93,71.11,77.53,70.86
77.50,77.50,68.23,73.51,72.08
74.36,74.36,65.31,77.99,70.68
70.71,70.71,60.22,80.58,70.22
67.78,67.78,57.61,81.22,69.57
71.19,71.19,56.09,77.70,67.03
71.52,71.52,49.76,77.96,66.40
72.95,72.95,46.28,76.62,63.11
74.55,74.55,45.47,79.51,63.45
76.04,76.04,49.94,80.78,63.55
76.54,76.54,61.92,79.81,63.64
76.39,76.39,70.52,78.03,58.58
78.43,78.43,78.65,73.28,57.25
75.77,75.77,87.69,67.77,55.24
73.20,73.20,85.16,56.73,55.06
76.21,76.21,86.11,50.95,58.82
77.65,77.65,84.84,54.50,61.07
74.50,74.50,87.29,60.57,59.47
72.69,72.69,87.00,61.37,58.70
72.61,72.61,82.81,65.09,64.64
75.69,75.69,83.86,66.52,66.66
75.96,75.96,78.89,73.26,66.68
74.79,74.79,76.44,76.38,66.18
75.68,75.68,67.48,76.98,65.17
76.26,76.26,67.86,80.73,65.72
75.55,75.55,65.24,82.14,63.80
77.86,77.86,65.78,82.52,63.38
78.49,78.49,75.22,82.05,62.04
74.46,74.46,72.80,84.35,64.25
73.83,73.83,69.63,80.13,60.82
73.94,73.94,66.84,85.69,59.22
74.22,74.22,63.73,80.32,60.00
77.68,77.68,60.29,84.50,61.13
74.75,74.75,58.53,82.26,61.14
69.04,69.04,55.90,84.19,61.90
67.88,67.88,50.95,81.34,65.29
65.90,65.90,49.29,83.80,66.93
63.88,63.88,49.27,82.45,67.87
66.35,66.35,57.12,83.73,63.93
65.79,65.79,67.10,84.38,60.27
68.60,68.60,70.65,79.20,55.38
73.78,73.78,86.20,83.01,56.24
73.57,73.57,86.59,75.72,57.32
70.91,70.91,85.64,69.29,57.42
67.56,67.56,84.60,67.81,59.10
71.56,71.56,85.75,60.18,61.62
74.52,74.52,88.23,65.25,61.13
76.54,76.54,84.32,55.50,62.15
73.93,73.93,85.46,65.22,67.95
71.25,71.25,78.93,67.05,68.44
71.71,71.71,78.81,70.92,67.26
75.01,75.01,75.98,71.07,67.17
77.91,77.91,74.53,73.15,66.78
76.58,76.58,67.12,75.16,65.44
71.89,71.89,61.95,75.49,66.33
70.89,70.89,72.28,76.55,67.05
70.96,70.96,74.69,75.88,66.47
74.17,74.17,72.26,74.49,65.20
74.50,74.50,69.54,75.59,63.50
75.27,75.27,65.44,75.17,61.82
76.53,76.53,61.98,76.55,60.21
74.80,74.80,60.53,76.23,60.54
72.52,72.52,57.08,74.79,61.91
72.93,72.93,56.25,79.13,66.23
73.03,73.03,51.98,80.76,68.66
71.13,71.13,49.31,84.79,67.94
73.44,73.44,51.83,83.79,68.95
75.10,75.10,56.73,83.79,68.11
75.88,75.88,67.03,81.73,65.49
75.58,75.58,74.38,83.19,61.44
74.91,74.91,87.80,76.95,56.72
74.17,74.17,85.92,75.97,56.84
69.77,69.77,86.32,67.63,58.61
71.93,71.93,84.68,72.77,58.92
70.31,70.31,87.42,64.76,59.76
72.43,72.43,84.87,68.57,60.94
73.07,73.07,83.22,71.91,62.26
72.94,72.94,82.41,61.29,65.85
73.06,73.06,71.63,68.50,66.26
70.65,70.65,74.25,71.05,68.62
69.84,69.84,68.56,72.98,65.27
69.64,69.64,62.24,77.75,66.71
68.64,68.64,58.13,84.52,64.95
68.19,68.19,64.24,79.54,65.00
67.19,67.19,75.51,84.91,68.91
68.68,68.68,74.77,82.72,70.81
69.27,69.27,71.37,82.93,68.53
70.48,70.48,68.11,84.69,70.57
71.35,71.35,66.06,81.46,72.12
70.95,70.95,63.81,82.13,71.40
70.67,70.67,61.67,85.00,72.00
71.36,71.36,60.07,82.04,69.54
71.83,71.83,56.54,82.25,70.74
69.55,69.55,51.85,87.57,71.35
69.83,69.83,52.57,78.39,69.18
69.02,69.02,54.11,85.13,67.80
69.14,69.14,61.99,83.60,64.94
64.73,64.73,69.49,81.73,61.22
64.28,64.28,82.49,83.32,54.86
71.41,71.41,88.08,75.30,52.55
69.87,69.87,84.97,65.66,54.30
70.25,70.25,85.06,68.29,53.47
70.31,70.31,86.57,69.13,56.96
72.48,72.48,85.55,63.30,54.79
75.06,75.06,84.35,64.56,56.61
74.65,74.65,85.18,69.68,58.46
74.15,74.15,77.99,64.48,62.44
75.86,75.86,77.99,74.65,65.22
74.75,74.75,71.83,77.07,66.27
74.44,74.44,68.14,84.15,64.20
75.14,75.14,57.17,81.24,65.29
72.99,72.99,56.45,81.82,67.69
73.80,73.80,70.87,82.81,65.09
72.24,72.24,74.63,82.50,68.87
71.58,71.58,71.67,81.40,67.15
72.14,72.14,68.73,86.53,66.46
74.66,74.66,64.83,77.98,64.47
74.70,74.70,61.69,85.38,66.40
74.18,74.18,60.17,83.83,63.97
73.10,73.10,57.43,81.40,61.26
72.89,72.89,56.62,85.26,60.56
73.85,73.85,51.45,82.12,62.98
73.95,73.95,48.68,80.55,62.99
73.48,73.48,49.83,85.49,61.57
71.30,71.30,54.61,82.24,63.80
66.93,66.93,60.47,81.51,59.90
67.37,67.37,73.68,86.11,58.59
68.02,68.02,87.58,76.77,62.68
69.09,69.09,86.99,79.09,64.64
70.93,70.93,84.33,67.76,64.37
69.08,69.08,86.86,75.97,63.98
67.62,67.62,85.84,75.50,64.17
66.72,66.72,84.69,75.07,61.69
63.55,63.55,85.21,62.12,64.20
64.42,64.42,80.39,68.91,68.39
64.72,64.72,81.77,70.70,69.04
63.00,63.00,77.18,75.67,69.36
62.31,62.31,71.08,72.24,69.20
65.62,65.62,60.32,74.65,68.01
62.60,62.60,59.85,79.28,68.77
60.07,60.07,63.24,81.87,65.20
58.80,58.80,75.14,80.08,66.59
55.14,55.14,74.14,82.41,66.11
55.44,55.44,71.70,78.70,64.69
57.53,57.53,69.19,83.24,63.67
59.13,59.13,66.61,78.06,64.93
59.50,59.50,63.41,83.74,64.38
60.18,60.18,60.05,77.90,64.57
60.35,60.35,58.62,84.25,64.92
62.32,62.32,64.42,77.43,65.87
65.61,65.61,61.25,84.76,66.96
68.91,68.91,58.17,76.61,65.31
74.26,74.26,59.51,84.35,66.41
71.73,71.73,63.48,78.84,62.63
70.07,70.07,67.37,83.28,61.78
73.82,73.82,82.22,71.60,64.02
68.17,68.17,87.19,76.77,64.29
65.43,65.43,86.65,63.39,63.78
72.89,72.89,85.50,68.90,63.07
67.84,67.84,85.13,64.81,63.54
72.73,72.73,86.03,66.31,64.06
72.81,72.81,87.11,65.76,66.64
78.30,78.30,82.61,65.87,67.42
77.43,77.43,80.42,68.97,70.00
77.17,77.17,76.22,71.48,71.12
74.09,74.09,74.97,76.49,69.53
74.52,74.52,72.22,80.41,68.60
74.72,74.72,62.83,79.87,68.24
75.69,75.69,60.79,80.71,67.31
77.21,77.21,67.73,81.65,65.53
76.61,76.61,75.21,80.13,66.55
75.94,75.94,71.84,81.65,66.19
76.85,76.85,69.13,79.17,66.31
76.99,76.99,65.57,82.44,64.73
76.55,76.55,61.88,79.12,63.85
74.63,74.63,57.69,82.40,65.08
76.41,76.41,55.82,78.27,65.96
81.00,81.00,54.22,82.15,66.12
80.68,80.68,50.84,79.63,68.78
79.87,79.87,47.84,85.66,65.76
78.40,78.40,50.27,83.37,70.01
82.07,82.07,59.32,83.33,64.89
82.50,82.50,65.94,85.05,65.53
78.64,78.64,69.25,82.44,61.25
78.85,78.85,85.81,82.93,61.25
77.06,77.06,87.43,76.85,59.63
74.29,74.29,85.24,67.71,60.90
71.91,71.91,84.42,73.21,57.37
71.24,71.24,85.05,70.40,61.53
66.86,66.86,86.42,74.70,56.38
66.57,66.57,84.96,73.26,63.17
68.64,68.64,81.36,72.72,63.82
67.83,67.83,78.28,77.59,67.56
71.80,71.80,70.96,76.08,66.56
70.29,70.29,67.99,83.67,65.46
70.58,70.58,60.78,82.50,63.09
66.55,66.55,59.74,82.28,63.15
68.42,68.42,64.66,84.18,61.47
68.01,68.01,73.39,84.65,65.32
65.69,65.69,74.97,83.72,69.89
68.66,68.66,71.76,85.50,70.39
69.32,69.32,68.99,84.91,69.33
69.50,69.50,66.68,84.23,69.87
67.07,67.07,62.41,84.26,72.63
64.61,64.61,61.16,84.49,69.53
70.14,70.14,58.77,84.30,72.25
73.11,73.11,54.06,87.30,68.06
71.11,71.11,50.04,84.32,69.62
67.15,67.15,49.79,83.19,66.23
67.86,67.86,55.22,86.97,66.44
65.86,65.86,62.06,82.72,65.68
71.24,71.24,66.22,87.26,63.14
71.00,71.00,79.44,82.89,61.58
67.79,67.79,87.19,76.47,61.09
68.45,68.45,85.56,71.50,59.09
68.50,68.50,85.48,71.42,58.34
68.94,68.94,84.04,71.32,59.12
67.25,67.25,85.65,71.50,61.32
65.29,65.29,86.22,62.74,62.82
66.22,66.22,82.34,65.27,66.26
65.93,65.93,80.01,66.60,70.16
67.16,67.16,67.12,69.07,71.89
68.41,68.41,68.47,69.24,70.28
67.94,67.94,65.45,71.83,70.72
71.07,71.07,57.66,78.31,68.77
73.61,73.61,57.71,84.40,66.58
76.92,76.92,64.11,83.13,64.64
76.94,76.94,73.74,80.25,65.88
76.62,76.62,72.10,81.16,63.69
76.72,76.72,68.67,79.01,63.80
78.61,78.61,66.00,77.09,65.37
77.73,77.73,63.22,79.19,67.56
74.23,74.23,63.38,76.69,66.90
74.66,74.66,67.30,77.92,65.13
72.17,72.17,83.96,79.10,60.91
69.52,69.52,87.64,76.36,57.65
72.79,72.79,84.61,73.74,55.03
68.03,68.03,85.47,67.02,55.86
71.98,71.98,87.16,68.83,57.69
72.89,72.89,85.90,71.52,55.28
71.70,71.70,84.69,70.57,53.73
72.18,72.18,87.20,69.71,55.56
69.80,69.80,86.00,66.92,55.44
70.05,70.05,86.26,60.21,57.43
71.53,71.53,85.43,56.15,59.50
72.94,72.94,85.93,53.21,58.58
76.48,76.48,88.18,61.58,58.90
75.51,75.51,84.36,67.44,61.30
73.92,73.92,85.05,73.18,65.66
73.47,73.47,79.27,75.64,65.87
72.83,72.83,79.39,78.01,65.94
73.14,73.14,72.33,78.31,64.71
72.23,72.23,66.89,78.68,66.34
73.10,73.10,65.72,82.56,65.74
73.21,73.21,60.95,81.53,66.56
71.03,71.03,71.22,84.52,65.97
74.00,74.00,74.09,79.63,65.17
74.04,74.04,71.29,84.81,61.65
71.41,71.41,68.09,82.31,61.75
71.34,71.34,66.37,84.84,61.70
70.95,70.95,62.43,82.62,61.18
71.48,71.48,58.55,83.93,60.10
70.28,70.28,56.14,81.29,61.81
68.46,68.46,54.13,84.05,66.01
66.40,66.40,49.41,83.49,62.45
68.30,68.30,47.17,82.37,64.98
69.16,69.16,49.52,85.13,62.38
64.69,64.69,58.27,79.95,60.62
62.85,62.85,66.62,84.63,58.84
64.07,64.07,75.97,79.61,55.67
66.15,66.15,86.91,77.50,55.82
63.49,63.49,86.10,72.21,56.96
66.55,66.55,85.68,68.49,55.41
68.93,68.93,85.18,64.77,61.42
69.85,69.85,88.03,60.41,60.95
72.96,72.96,85.52,57.64,64.37
74.07,74.07,84.79,61.41,66.26
73.86,73.86,83.20,66.86,67.31
72.40,72.40,77.99,71.12,68.26
75.33,75.33,78.66,71.33,65.66
74.92,74.92,74.18,73.95,66.85
76.35,76.35,72.73,75.76,65.20
74.74,74.74,63.83,76.87,66.09
73.43,73.43,61.72,76.14,65.74
74.94,74.94,74.47,76.10,64.40
74.86,74.86,73.34,77.99,63.71
73.32,73.32,70.85,77.21,63.85
74.91,74.91,67.68,76.56,63.08
74.78,74.78,65.39,77.44,62.94
74.94,74.94,62.46,77.79,62.77
75.14,75.14,58.77,76.54,63.52
73.42,73.42,56.98,75.36,65.27
73.39,73.39,52.86,81.70,69.08
73.70,73.70,50.96,83.58,68.76
74.20,74.20,49.78,83.45,67.67
75.33,75.33,54.33,85.48,66.71
73.91,73.91,64.06,81.10,67.05
71.95,71.95,68.17,84.77,63.98
70.42,70.42,82.25,77.82,61.16
69.07,69.07,88.42,78.25,57.10
70.46,70.46,85.42,75.43,59.48
71.49,71.49,85.14,72.14,60.48
69.64,69.64,86.81,70.76,60.70
67.85,67.85,85.34,68.33,59.50
66.93,66.93,83.54,73.23,62.23
67.76,67.76,85.00,69.22,65.71
71.16,71.16,78.01,70.63,66.78
70.07,70.07,76.01,68.53,67.10
68.43,68.43,72.62,80.33,66.74
65.15,65.15,66.77,80.29,65.00
65.04,65.04,58.48,83.42,64.33
62.66,62.66,61.42,82.44,63.75
60.50,60.50,69.66,81.78,63.63
68.14,68.14,74.60,85.32,68.05
69.69,69.69,73.33,81.80,70.37
69.54,69.54,69.53,82.52,69.51
66.87,66.87,66.07,82.39,70.22
68.37,68.37,64.08,83.51,70.51
66.82,66.82,61.00,81.60,72.25
63.34,63.34,58.46,86.49,69.73
66.23,66.23,56.45,80.13,70.59
62.82,62.82,51.10,84.65,72.10
63.10,63.10,48.01,84.56,69.31
64.82,64.82,51.79,80.69,69.33
62.50,62.50,59.11,85.56,66.12
59.06,59.06,68.01,82.51,64.33
56.52,56.52,72.62,81.65,59.03
54.28,54.28,87.04,79.99,53.01
68.67,68.67,87.07,73.07,54.12
65.39,65.39,85.00,69.99,54.32
68.61,68.61,86.02,69.10,55.71
69.26,69.26,85.67,69.72,59.91
71.02,71.02,85.06,65.65,58.36
69.53,69.53,86.64,73.76,59.40
69.63,69.63,81.36,65.59,62.28
70.41,70.41,79.23,76.18,63.68
70.94,70.94,74.70,78.26,64.59
70.62,70.62,71.00,82.35,62.35
72.03,72.03,60.93,82.12,63.04
72.25,72.25,59.84,82.77,62.64
70.24,70.24,63.90,80.89,60.39
71.06,71.06,77.52,85.14,61.65
71.28,71.28,74.39,79.57,60.61
74.32,74.32,71.58,84.86,62.89
70.63,70.63,67.84,84.04,63.45
70.14,70.14,64.95,80.88,62.94
68.40,68.40,62.68,85.94,63.86
66.52,66.52,60.33,83.07,62.10
68.12,68.12,58.66,81.36,62.72
69.08,69.08,53.61,84.26,63.97
68.09,68.09,50.84,82.36,59.85
68.44,68.44,51.21,80.84,62.35
68.79,68.79,52.63,87.04,63.07
69.06,69.06,57.69,78.51,56.13
68.77,68.77,65.52,85.46,56.22
67.65,67.65,80.60,81.92,60.29
67.98,67.98,87.43,77.53,62.09
68.65,68.65,87.56,75.81,64.12
68.02,68.02,85.93,73.07,64.45
65.27,65.27,85.17,67.99,63.97
62.80,62.80,85.66,73.37,64.49
60.63,60.63,86.71,69.14,64.31
57.11,57.11,82.17,67.35,66.79
56.27,56.27,80.60,65.53,71.19
53.96,53.96,77.27,73.35,70.52
54.02,54.02,75.65,76.49,70.45
55.25,55.25,70.78,78.86,69.89
58.27,58.27,59.69,78.76,71.66
56.38,56.38,59.98,78.66,70.78
56.80,56.80,67.53,81.23,69.70
58.85,58.85,75.33,80.38,71.22
60.13,60.13,73.20,82.22,68.87
61.90,61.90,69.81,79.96,67.44
62.22,62.22,66.87,82.39,65.72
62.87,62.87,64.43,80.50,65.29
59.92,59.92,60.63,81.60,64.67
55.66,55.66,57.30,79.16,64.81
54.30,54.30,55.04,83.07,66.70
51.44,51.44,48.47,77.41,64.98
60.52,60.52,50.99,82.41,65.36
69.74,69.74,53.49,78.56,65.81
71.73,71.73,58.68,82.16,64.74
72.79,72.79,65.40,78.43,60.31
72.38,72.38,73.38,81.77,60.01
69.91,69.91,85.88,69.23,58.04
67.00,67.00,87.26,75.58,59.03
65.29,65.29,86.19,70.52,58.49
66.60,66.60,84.76,61.82,59.41
67.95,67.95,85.43,67.50,62.91
67.89,67.89,87.37,68.91,63.89
62.58,62.58,85.15,61.49,65.50
62.93,62.93,81.60,70.60,68.78
71.38,71.38,77.63,68.13,69.70
72.35,72.35,74.52,74.60,68.61
71.19,71.19,73.14,75.43,68.12
72.96,72.96,67.89,81.77,68.19
72.91,72.91,62.41,79.29,65.18
71.66,71.66,60.06,80.37,64.91
75.88,75.88,71.99,80.20,67.00
77.00,77.00,73.96,80.31,71.62
73.23,73.23,70.37,81.02,72.43
73.07,73.07,66.81,80.24,70.32
73.44,73.44,65.00,81.38,63.44
72.48,72.48,60.83,80.62,63.24
79.95,79.95,58.55,82.04,64.89
81.92,81.92,55.17,80.47,69.65
78.82,78.82,53.01,81.91,70.36
78.86,78.86,50.52,79.37,69.84
79.71,79.71,51.94,85.43,69.86
79.36,79.36,55.84,83.87,68.72
81.14,81.14,57.85,82.18,69.77
81.46,81.46,60.42,86.29,68.40
79.34,79.34,64.54,82.95,69.56
78.70,78.70,62.51,79.67,68.78
77.64,77.64,60.65,76.29,70.26
73.95,73.95,60.46,72.29,69.11
72.51,72.51,58.83,78.30,69.10
66.57,66.57,55.55,72.58,70.31
68.31,68.31,54.97,75.31,69.55
63.81,63.81,55.50,74.80,69.66
67.90,67.90,54.07,78.89,70.45
74.43,74.43,54.01,77.08,70.21
69.75,69.75,55.62,80.96,64.36
68.61,68.61,57.96,80.96,65.41
68.23,68.23,59.58,82.30,66.81
62.78,62.78,61.78,86.40,63.73
61.73,61.73,60.36,83.73,66.14
64.23,64.23,61.24,83.08,70.98
63.33,63.33,61.23,86.53,73.88
61.52,61.52,59.76,82.62,72.48
63.93,63.93,60.72,86.68,72.72
62.75,62.75,54.76,83.92,70.54
63.64,63.64,52.65,82.82,70.42
66.02,66.02,46.74,87.24,70.06
64.57,64.57,46.37,82.44,70.26
64.59,64.59,45.44,85.25,71.85
68.46,68.46,47.91,85.70,70.22
65.37,65.37,52.29,83.49,72.14
69.89,69.89,54.71,85.77,70.41
69.57,69.57,57.81,83.31,70.18
67.40,67.40,60.81,84.27,69.83
70.54,70.54,62.92,82.36,69.64
70.07,70.07,59.55,73.22,69.02
70.08,70.08,59.40,69.53,67.80
72.29,72.29,57.78,69.27,68.20
70.59,70.59,56.96,71.53,66.07
69.76,69.76,55.15,67.41,64.63
69.19,69.19,53.15,65.94,67.14
70.65,70.65,52.64,69.81,67.52
71.46,71.46,51.02,68.22,66.66
72.11,72.11,50.30,70.54,66.63
72.88,72.88,52.89,72.51,66.90
72.15,72.15,52.38,74.86,67.47
72.31,72.31,53.72,74.09,67.77
70.17,70.17,54.00,75.46,68.47
71.27,71.27,52.45,75.26,70.77
70.95,70.95,51.25,80.38,71.99
75.09,75.09,49.69,78.94,71.63
74.76,74.76,50.58,78.70,72.95
76.20,76.20,48.57,78.16,70.36
76.34,76.34,45.98,80.28,71.44
77.40,77.40,46.83,80.18,69.99
77.31,77.31,44.48,80.85,70.11
76.61,76.61,45.63,79.95,69.44
76.90,76.90,45.36,78.00,70.44
76.49,76.49,43.40,79.81,70.22
76.98,76.98,49.33,78.39,69.99
78.77,78.77,56.80,80.55,70.69
77.46,77.46,66.10,79.34,68.76
75.25,75.25,75.80,73.79,69.48
74.41,74.41,86.66,70.88,70.48
72.42,72.42,86.41,60.61,68.18
73.01,73.01,86.05,56.63,66.11
73.49,73.49,85.40,56.61,65.29
69.37,69.37,88.59,58.80,65.97
63.78,63.78,85.91,55.78,66.67
61.39,61.39,84.98,56.43,67.29
62.15,62.15,82.31,59.34,72.46
63.00,63.00,77.14,69.82,71.90
64.84,64.84,76.32,74.24,72.78
63.11,63.11,71.20,78.13,73.14
62.79,62.79,69.21,82.64,70.46
61.97,61.97,60.20,80.66,70.04
58.11,58.11,61.16,82.68,70.43
61.74,61.74,75.29,82.64,72.58
60.37,60.37,72.85,83.02,72.15
61.19,61.19,69.99,84.02,70.06
59.10,59.10,66.96,80.45,70.25
58.97,58.97,64.20,84.43,65.63
61.86,61.86,60.87,82.27,67.60
62.25,62.25,59.67,84.10,64.53
61.77,61.77,59.84,82.87,67.51
60.53,60.53,64.26,84.08,67.37
64.35,64.35,69.49,81.60,68.42
67.42,67.42,70.76,83.66,69.67
65.07,65.07,65.47,83.48,67.38
61.35,61.35,63.52,83.55,63.44
58.02,58.02,67.64,84.24,58.42
64.71,64.71,84.35,74.89,60.29
67.50,67.50,88.00,66.17,59.86
71.97,71.97,85.35,63.76,59.32
80.02,80.02,85.09,56.42,61.58
82.37,82.37,87.21,59.94,62.72
81.77,81.77,85.84,61.93,60.46
75.77,75.77,84.86,62.77,64.84
76.57,76.57,85.78,68.82,68.25
80.06,80.06,78.94,74.19,68.29
79.87,79.87,78.98,75.43,70.31
80.72,80.72,75.54,75.49,69.95
82.53,82.53,77.60,74.36,69.07
81.50,81.50,65.92,76.36,68.13
83.41,83.41,60.50,76.26,66.53
79.35,79.35,69.36,78.36,65.90
80.88,80.88,73.86,79.07,67.59
80.37,80.37,72.29,77.14,65.37
75.77,75.77,68.98,76.74,64.35
77.30,77.30,66.21,77.00,63.35
73.77,73.77,64.98,77.21,63.72
70.99,70.99,66.20,76.21,61.07
69.53,69.53,68.35,77.21,67.48
68.31,68.31,67.49,71.00,69.53
67.62,67.62,64.65,81.11,73.94
68.69,68.69,62.18,82.61,72.65
70.48,70.48,55.72,86.21,73.93
69.24,69.24,59.35,85.26,72.89
69.73,69.73,64.21,79.81,69.89
69.75,69.75,74.14,85.14,68.88
69.22,69.22,87.65,76.88,67.14
68.48,68.48,87.32,71.43,64.62
68.47,68.47,84.89,72.61,63.08
70.58,70.58,87.03,69.78,65.15
71.04,71.04,85.91,72.57,67.46
71.16,71.16,84.94,67.88,66.92
67.77,67.77,85.80,64.44,67.59
72.63,72.63,79.28,70.19,71.68
74.15,74.15,68.45,67.77,70.66
69.91,69.91,64.45,74.03,68.91
72.99,72.99,64.63,69.75,67.91
73.41,73.41,61.01,75.57,67.88
74.59,74.59,58.91,80.82,69.45
73.20,73.20,63.40,82.52,71.02
71.82,71.82,73.64,82.64,71.04
71.85,71.85,74.15,82.17,74.02
73.64,73.64,70.43,86.20,73.11
73.10,73.10,67.71,79.81,72.81
73.21,73.21,64.38,84.32,72.73
75.16,75.16,60.63,84.71,73.11
75.03,75.03,61.35,79.61,72.50
76.00,76.00,65.50,85.96,75.67
75.33,75.33,65.72,80.37,75.33
77.31,77.31,63.10,82.10,73.54
75.60,75.60,58.44,82.66,71.75
73.05,73.05,58.31,82.29,72.52
73.55,73.55,62.74,80.41,71.02
74.76,74.76,71.48,86.06,67.88
76.38,76.38,80.22,77.85,65.85
70.82,70.82,86.43,79.18,63.01
69.64,69.64,86.94,77.72,62.46
67.47,67.47,85.62,75.65,63.72
69.03,69.03,84.03,75.96,66.50
71.60,71.60,84.78,54.82,69.02
73.93,73.93,86.16,69.97,67.72
73.58,73.58,82.90,68.28,70.51
75.18,75.18,78.12,69.61,70.76
77.38,77.38,75.31,64.54,69.69
75.94,75.94,72.70,73.08,68.28
75.48,75.48,70.07,77.46,68.45
76.04,76.04,60.88,80.56,64.86
76.12,76.12,64.69,83.51,65.53
75.75,75.75,74.28,81.05,67.87
76.63,76.63,81.94,83.06,67.77
72.54,72.54,82.90,81.17,68.87
71.55,71.55,82.29,82.61,67.07
68.64,68.64,81.13,82.96,67.62
67.82,67.82,77.80,80.53,67.11
68.43,68.43,72.86,79.58,67.46
69.62,69.62,67.07,87.14,67.55
70.97,70.97,63.75,80.10,66.38
73.65,73.65,59.38,82.92,68.03
72.31,72.31,58.04,86.14,67.29
70.90,70.90,55.76,80.31,66.62
68.03,68.03,58.60,84.64,64.73
67.13,67.13,63.73,81.88,62.72
66.53,66.53,69.84,82.51,62.53
69.27,69.27,85.64,80.19,64.84
70.12,70.12,87.31,75.72,63.91
75.03,75.03,86.39,69.35,64.79
78.78,78.78,85.18,60.47,62.13
76.14,76.14,85.23,70.22,60.97
75.12,75.12,86.55,61.83,61.83
74.40,74.40,84.77,64.51,63.92
77.21,77.21,82.62,63.53,69.93
77.90,77.90,82.24,61.79,70.76
77.36,77.36,76.05,62.68,70.60
77.78,77.78,70.70,71.80,73.38
75.71,75.71,60.85,75.46,72.08
74.40,74.40,60.91,79.47,72.43
75.60,75.60,60.96,78.91,70.83
76.93,76.93,72.28,80.56,67.31
78.38,78.38,73.74,78.51,67.03
80.78,80.78,70.65,81.55,62.25
78.65,78.65,66.75,76.88,63.66
78.83,78.83,62.61,82.30,62.92
79.21,79.21,59.20,77.75,64.57
79.65,79.65,56.55,84.02,64.82
80.10,80.10,55.14,77.53,65.52
80.87,80.87,54.23,84.86,66.91
81.52,81.52,51.18,76.78,66.83
77.31,77.31,50.97,84.10,66.18
78.00,78.00,51.37,78.00,63.08
75.91,75.91,57.24,83.82,64.01
75.20,75.20,66.01,78.16,61.81
74.79,74.79,77.48,81.25,61.59
69.79,69.79,87.23,73.91,60.01
76.63,76.63,85.85,70.57,60.54
77.65,77.65,86.03,63.49,61.17
77.91,77.91,85.27,63.86,62.22
79.12,79.12,86.29,65.10,61.73
78.08,78.08,86.33,63.59,61.65
79.89,79.89,81.45,59.02,69.12
78.71,78.71,81.75,65.21,69.02
81.45,81.45,76.85,69.89,69.16
82.14,82.14,78.05,76.05,68.27
80.59,80.59,70.43,78.21,68.30
79.41,79.41,60.07,71.70,68.34
80.67,80.67,60.27,81.04,69.79
81.21,81.21,67.58,78.73,68.48
78.02,78.02,73.46,82.56,67.66
78.16,78.16,72.08,79.17,70.53
77.24,77.24,68.14,83.05,70.92
73.77,73.77,64.82,78.64,68.20
75.54,75.54,62.66,82.58,65.94
76.20,76.20,64.75,78.63,65.94
75.31,75.31,66.56,82.34,67.50
73.02,73.02,64.85,79.48,71.79
68.32,68.32,63.36,84.57,71.32
71.55,71.55,60.64,82.44,71.53
71.22,71.22,57.53,83.41,68.83
69.19,69.19,58.05,86.48,69.14
67.47,67.47,68.28,83.42,66.46
71.52,71.52,67.18,84.22,65.24
70.76,70.76,85.91,81.05,64.92
80.42,80.42,87.20,72.60,62.71
83.13,83.13,84.95,72.21,61.46
79.23,79.23,84.55,63.47,60.89
77.97,77.97,84.60,68.49,60.57
75.50,75.50,87.22,73.19,61.92
73.36,73.36,82.78,67.94,60.26
76.91,76.91,82.98,73.38,65.88
79.26,79.26,76.32,74.00,67.47
80.77,80.77,70.16,72.03,68.29
80.54,80.54,62.46,77.68,68.77
76.79,76.79,50.26,78.97,65.12
77.98,77.98,57.04,81.80,64.08
77.64,77.64,61.55,82.52,64.22
77.10,77.10,71.60,86.14,65.91
78.36,78.36,72.68,83.08,70.71
78.20,78.20,70.39,86.30,69.26
77.47,77.47,66.97,84.85,69.84
81.38,81.38,64.37,82.62,69.53
79.35,79.35,59.92,87.16,69.70
83.20,83.20,58.20,82.69,68.62
77.94,77.94,54.93,84.72,70.94
71.28,71.28,52.08,85.11,69.86
68.47,68.47,48.73,83.76,67.89
68.58,68.58,46.28,85.28,69.21
67.94,67.94,48.89,84.25,67.71
65.97,65.97,56.62,84.72,66.82
67.88,67.88,63.41,84.76,67.02
66.90,66.90,68.80,85.79,65.94
70.56,70.56,75.58,80.53,65.25
74.12,74.12,74.74,69.52,67.39
74.54,74.54,70.01,76.64,66.68
76.45,76.45,62.86,74.15,64.04
75.80,75.80,58.51,76.71,65.74
76.28,76.28,55.68,75.25,63.67
78.93,78.93,56.47,73.81,64.34
78.41,78.41,59.63,78.72,64.17
76.56,76.56,53.44,75.19,66.52
79.94,79.94,48.55,82.06,66.72
81.09,81.09,47.79,81.07,63.24
82.23,82.23,51.24,81.47,63.73
78.05,78.05,54.81,85.69,61.67
79.52,79.52,61.03,82.18,61.21
79.50,79.50,73.96,82.19,63.29
77.91,77.91,73.35,76.18,63.73
76.34,76.34,69.52,79.78,63.24
80.13,80.13,66.86,78.02,64.74
80.65,80.65,63.32,81.78,65.36
82.46,82.46,60.16,79.03,65.18
83.15,83.15,59.13,78.50,63.62
83.22,83.22,61.62,76.97,66.64
82.05,82.05,55.55,80.74,66.47
80.98,80.98,51.26,81.86,66.96
82.35,82.35,49.10,80.72,65.21
81.77,81.77,52.77,78.13,64.47
77.86,77.86,59.67,77.53,61.87
77.71,77.71,70.76,73.78,61.18
79.86,79.86,82.83,74.44,62.78
78.33,78.33,88.04,66.17,62.69
76.62,76.62,84.77,57.16,61.19
75.67,75.67,85.39,55.76,61.77
74.87,74.87,86.67,50.83,63.92
76.63,76.63,86.52,57.21,63.45
75.60,75.60,84.88,56.93,65.44
75.25,75.25,84.58,67.86,67.75
77.72,77.72,77.71,72.89,69.42
77.27,77.27,79.41,72.66,71.10
77.08,77.08,73.40,76.90,69.66
76.40,76.40,72.00,76.97,70.23
71.30,71.30,62.40,81.50,68.17
68.15,68.15,59.19,83.56,67.05
68.09,68.09,68.08,80.48,68.18
66.98,66.98,74.32,84.63,69.28
68.25,68.25,72.47,81.70,68.87
73.86,73.86,69.24,84.74,68.34
73.12,73.12,66.55,82.48,66.64
68.21,68.21,62.65,84.04,66.60
67.86,67.86,61.12,81.52,65.66
69.41,69.41,61.28,84.03,67.81
70.48,70.48,63.51,82.77,70.61
68.50,68.50,67.79,82.99,68.47
68.00,68.00,71.92,84.48,67.52
69.27,69.27,68.53,80.91,66.83
66.66,66.66,63.50,85.62,65.71
64.18,64.18,64.91,80.33,63.14
64.51,64.51,73.76,83.30,61.03
62.48,62.48,87.57,68.48,63.90
64.05,64.05,87.21,66.62,61.87
68.49,68.49,85.11,62.28,63.85
70.82,70.82,86.79,59.34,64.53
69.25,69.25,86.01,61.48,62.89
70.92,70.92,85.75,61.43,65.70
70.26,70.26,87.11,57.56,67.04
71.89,71.89,82.57,62.33,70.49
68.01,68.01,80.68,68.58,70.29
73.79,73.79,75.04,69.13,70.65
74.20,74.20,78.20,71.80,70.20
75.15,75.15,72.98,74.09,68.72
73.80,73.80,61.41,73.73,67.43
75.18,75.18,61.06,75.97,67.64
75.33,75.33,74.32,76.79,69.84
75.20,75.20,73.55,76.51,68.49
78.50,78.50,70.77,76.90,69.03
77.66,77.66,68.64,76.68,68.83
77.97,77.97,64.89,75.18,65.44
74.16,74.16,66.17,74.38,65.74
70.78,70.78,66.80,75.01,66.47
71.86,71.86,67.27,77.26,69.41
72.98,72.98,63.07,77.12,73.36
73.94,73.94,61.60,81.82,70.77
74.68,74.68,59.13,82.98,69.87
74.27,74.27,55.82,87.07,68.13
75.03,75.03,62.82,82.77,66.51
75.25,75.25,67.16,83.18,63.24
78.58,78.58,80.65,80.43,61.72
79.63,79.63,86.61,70.77,60.30
76.05,76.05,87.03,59.29,60.99
77.22,77.22,86.05,70.36,60.74
74.16,74.16,84.27,67.63,60.52
66.29,66.29,85.22,72.10,62.52
64.04,64.04,86.52,48.78,63.51
66.96,66.96,83.00,65.88,66.15
69.09,69.09,79.19,63.89,69.49
65.47,65.47,72.72,53.36,68.27
71.15,71.15,71.29,66.78,68.81
74.27,74.27,70.39,78.70,68.40
75.86,75.86,59.24,80.64,66.65
76.57,76.57,60.99,80.63,64.39
78.52,78.52,66.71,84.77,66.21
77.51,77.51,73.68,78.53,70.60
76.51,76.51,72.48,82.37,71.70
72.60,72.60,68.80,84.97,72.77
72.61,72.61,66.47,78.65,71.65
71.81,71.81,63.73,85.49,71.60
70.58,70.58,61.83,82.59,72.77
72.60,72.60,64.31,81.68,71.54
73.89,73.89,74.52,82.11,72.23
72.15,72.15,72.35,82.38,70.10
73.08,73.08,67.84,80.07,69.87
73.39,73.39,62.34,86.17,69.68
73.52,73.52,61.40,79.86,69.85
71.23,71.23,64.74,84.07,66.67
69.42,69.42,70.48,84.97,63.34
69.63,69.63,86.34,75.95,60.03
74.23,74.23,86.91,79.72,58.92
74.40,74.40,86.12,71.94,60.06
74.26,74.26,84.44,74.18,62.43
75.23,75.23,84.24,74.77,63.12
76.05,76.05,85.63,72.43,62.23
75.88,75.88,84.77,61.87,62.90
75.43,75.43,81.52,69.91,62.75
74.81,74.81,78.07,72.09,66.99
76.00,76.00,73.13,71.90,68.24
77.84,77.84,73.69,83.37,63.44
78.95,78.95,61.58,79.73,64.96
77.41,77.41,61.32,84.11,65.00
78.21,78.21,66.11,81.19,63.42
80.57,80.57,81.63,81.10,69.19
78.46,78.46,85.49,81.89,67.14
77.31,77.31,82.89,82.82,65.90
76.83,76.83,81.62,81.48,69.52
75.54,75.54,77.33,85.71,67.03
77.75,77.75,74.36,82.11,66.96
78.75,78.75,72.72,84.36,65.24
79.47,79.47,70.49,85.43,67.72
78.44,78.44,65.79,79.32,66.43
76.99,76.99,64.19,85.96,68.45
78.67,78.67,59.13,82.48,67.03
78.42,78.42,57.13,82.00,65.20
79.96,79.96,60.74,83.44,63.16
80.50,80.50,64.45,83.69,58.86
80.11,80.11,78.43,79.79,61.47
79.86,79.86,88.08,81.04,61.25
74.94,74.94,86.12,76.17,62.34
69.60,69.60,86.61,72.11,61.98
67.63,67.63,85.24,66.24,62.59
65.70,65.70,86.57,68.22,62.21
68.07,68.07,87.14,64.04,63.57
65.45,65.45,82.87,63.47,68.35
65.56,65.56,82.75,63.38,72.50
64.40,64.40,78.19,65.70,72.08
64.09,64.09,77.75,73.55,72.73
65.29,65.29,70.36,75.53,72.00
64.64,64.64,58.82,75.17,70.26
62.42,62.42,60.77,80.16,68.96
64.28,64.28,66.36,80.26,63.61
63.46,63.46,75.00,81.42,64.64
63.71,63.71,73.72,80.12,65.43
64.16,64.16,70.30,82.11,65.65
61.86,61.86,66.34,80.64,65.11
65.02,65.02,63.91,82.18,65.99
63.63,63.63,61.12,80.49,64.38
66.02,66.02,59.43,81.70,64.76
68.54,68.54,59.39,80.69,67.70
67.11,67.11,53.11,81.89,66.62
66.30,66.30,47.89,81.01,66.96
65.33,65.33,52.80,82.52,66.24
67.56,67.56,58.59,79.98,64.15
68.09,68.09,62.06,83.16,61.94
69.77,69.77,68.36,78.50,62.47
74.46,74.46,86.69,81.44,64.36
74.78,74.78,86.35,68.22,60.88
76.21,76.21,85.60,72.02,58.05
76.95,76.95,85.02,61.91,58.32
73.19,73.19,85.80,67.27,59.48
72.45,72.45,88.14,63.67,60.77
68.25,68.25,83.93,64.19,62.99
65.89,65.89,83.90,69.04,65.99
71.77,71.77,75.52,70.14,66.93
74.97,74.97,77.69,77.44,68.92
75.70,75.70,74.12,78.84,67.95
75.74,75.74,69.23,79.71,68.44
73.91,73.91,59.57,80.82,68.32
74.43,74.43,58.91,80.99,64.78
73.37,73.37,70.74,80.45,71.46
74.73,74.73,73.73,81.09,71.16
75.97,75.97,71.50,78.48,69.89
73.45,73.45,68.30,82.14,70.10
75.37,75.37,65.83,78.44,66.23
74.70,74.70,64.02,82.01,66.50
76.86,76.86,66.26,77.39,66.84
75.51,75.51,67.01,81.74,66.22
78.42,78.42,65.86,80.16,72.04
76.13,76.13,61.69,82.13,71.49
75.90,75.90,59.17,82.72,71.00
76.07,76.07,57.20,86.06,68.76
77.03,77.03,63.31,83.26,68.94
77.13,77.13,63.23,83.42,63.75
74.75,74.75,75.44,85.47,64.24
68.46,68.46,87.25,73.40,63.05
66.54,66.54,86.61,69.81,60.70
63.65,63.65,86.25,70.21,63.82
63.35,63.35,85.03,64.14,62.87
60.73,60.73,87.96,73.28,61.22
61.97,61.97,85.27,70.67,61.23
64.01,64.01,83.97,74.27,62.06
66.74,66.74,83.02,73.04,69.29
74.07,74.07,74.70,75.39,68.12
75.70,75.70,74.58,81.54,65.51
72.74,72.74,65.02,80.93,64.21
72.55,72.55,57.79,82.74,64.71
66.45,66.45,58.97,85.71,62.83
69.21,69.21,62.38,83.89,66.47
65.21,65.21,75.04,84.25,73.40
61.00,61.00,74.19,83.91,72.62
59.85,59.85,70.10,83.74,73.44
59.73,59.73,67.13,84.59,72.39
60.44,60.44,64.21,86.27,69.36
62.03,62.03,61.06,84.00,71.13
66.27,66.27,58.75,84.24,70.65
67.00,67.00,56.04,85.28,71.03
66.17,66.17,52.49,84.02,72.72
73.36,73.36,48.89,87.45,70.47
75.16,75.16,50.13,83.85,68.76
74.48,74.48,55.01,83.11,67.10
70.95,70.95,63.70,86.54,66.60
67.96,67.96,70.58,83.05,62.19
71.99,71.99,83.18,84.26,61.59
74.01,74.01,87.92,75.18,60.74
75.51,75.51,84.92,71.62,60.72
75.67,75.67,85.21,62.31,59.15
73.93,73.93,87.02,60.35,61.01
73.00,73.00,86.03,57.61,59.32
75.66,75.66,84.78,58.83,60.48
76.26,76.26,86.08,64.17,62.10
76.21,76.21,79.20,65.39,63.93
76.74,76.74,78.89,71.19,62.18
75.88,75.88,73.55,73.16,61.10
76.54,76.54,74.91,73.96,60.16
74.62,74.62,63.04,76.28,60.79
77.30,77.30,59.10,75.77,62.26
81.29,81.29,69.37,75.78,63.33
80.41,80.41,73.93,74.78,65.59
80.55,80.55,72.34,77.91,65.11
77.53,77.53,69.58,79.31,67.92
78.48,78.48,65.09,81.08,67.13
79.71,79.71,63.22,79.09,65.31
78.27,78.27,66.11,79.16,65.29
75.68,75.68,70.79,76.45,59.93
73.88,73.88,85.17,73.76,57.55
77.78,77.78,86.83,68.67,54.76
81.06,81.06,85.16,63.12,54.41
81.79,81.79,83.93,65.20,57.57
79.12,79.12,83.94,71.78,58.30
75.01,75.01,85.67,69.89,56.49
76.66,76.66,82.20,73.18,57.23
73.93,73.93,87.28,65.95,59.90
73.25,73.25,87.59,61.18,61.17
76.19,76.19,84.45,57.98,59.39
73.80,73.80,86.61,59.68,59.93
71.46,71.46,86.46,66.96,60.41
74.23,74.23,85.62,58.84,63.11
79.21,79.21,86.08,55.58,64.71
79.88,79.88,81.67,64.61,70.83
75.91,75.91,81.45,69.70,71.98
71.57,71.57,74.57,69.89,71.58
75.68,75.68,74.62,78.00,70.05
75.26,75.26,63.85,82.13,67.53
74.17,74.17,58.74,81.59,69.27
75.71,75.71,59.34,81.18,67.79
71.75,71.75,74.38,82.90,69.83
70.55,70.55,74.09,83.66,69.50
65.29,65.29,70.81,81.99,67.93
67.34,67.34,66.75,84.79,67.75
65.00,65.00,64.00,80.19,65.00
64.34,64.34,60.64,84.25,64.16
62.88,62.88,58.36,82.53,64.31
64.44,64.44,57.98,84.06,69.69
64.22,64.22,62.78,83.17,68.00
66.60,66.60,66.24,83.96,67.07
69.92,69.92,68.84,81.69,65.87
69.05,69.05,63.77,82.88,62.96
64.66,64.66,61.00,83.88,58.72
63.07,63.07,67.19,80.14,57.74
71.69,71.69,80.45,82.05,61.87
72.61,72.61,86.96,75.65,59.54
72.08,72.08,86.32,66.09,59.71
74.43,74.43,85.38,60.66,61.12
75.04,75.04,84.67,61.85,65.03
80.52,80.52,85.79,63.17,64.26
77.57,77.57,87.40,61.36,67.40
74.97,74.97,83.31,66.18,69.67
76.39,76.39,81.67,71.28,71.70
75.91,75.91,77.48,72.70,69.63
77.39,77.39,76.15,74.58,66.83
77.96,77.96,76.35,76.21,69.42
76.84,76.84,70.78,76.56,69.08
79.12,79.12,62.11,77.15,68.75
81.23,81.23,67.58,77.09,69.97
76.53,76.53,74.99,76.37,71.87
74.60,74.60,72.31,76.97,70.77
74.60,74.60,69.55,76.91,68.11
72.55,72.55,66.28,75.65,64.59
69.90,69.90,65.62,76.61,63.69
70.07,70.07,68.10,76.02,63.90
66.69,66.69,67.85,77.33,66.44
66.46,66.46,67.13,80.00,70.60
67.84,67.84,66.11,82.74,71.87
67.33,67.33,62.81,82.09,71.72
68.15,68.15,60.09,83.77,71.06
67.52,67.52,60.07,84.46,70.93
67.97,67.97,66.93,83.75,69.94
68.13,68.13,72.96,82.72,69.40
66.55,66.55,86.41,79.80,64.80
64.95,64.95,87.89,75.55,60.64
67.78,67.78,86.15,69.77,60.38
70.62,70.62,85.30,70.64,60.47
71.27,71.27,85.57,71.16,61.81
72.43,72.43,86.64,65.08,63.92
71.52,71.52,84.20,72.23,67.27
73.40,73.40,79.88,70.12,71.93
72.58,72.58,72.59,73.20,71.39
73.77,73.77,71.63,74.25,71.10
73.96,73.96,63.55,72.90,70.80
75.90,75.90,54.34,78.06,71.02
76.60,76.60,59.94,82.58,68.95
75.50,75.50,61.20,79.22,68.93
74.32,74.32,72.80,85.45,71.69
76.19,76.19,73.89,83.64,72.81
74.57,74.57,71.15,82.00,73.42
75.77,75.77,67.94,84.34,72.46
76.09,76.09,64.88,84.15,72.53
74.31,74.31,62.51,79.28,70.82
74.88,74.88,62.16,86.25,74.27
72.84,72.84,67.91,80.42,73.32
72.38,72.38,72.28,83.90,71.06
71.80,71.80,69.70,86.88,71.46
72.38,72.38,65.21,78.09,69.12
72.51,72.51,61.23,86.22,69.32
75.99,75.99,62.85,83.64,64.52
72.60,72.60,69.58,80.88,62.97
71.97,71.97,77.79,81.86,60.11
69.24,69.24,87.09,72.48,58.98
70.45,70.45,86.11,67.37,57.64
73.95,73.95,85.65,74.44,58.61
73.50,73.50,84.88,71.77,61.28
74.60,74.60,86.23,74.03,62.72
78.94,78.94,85.88,55.28,65.36
76.81,76.81,81.94,68.58,65.21
76.51,76.51,78.51,70.13,66.47
78.12,78.12,66.59,59.85,70.63
79.24,79.24,68.17,69.82,68.43
78.17,78.17,69.52,73.37,69.34
78.35,78.35,60.69,77.93,70.28
78.95,78.95,61.78,80.03,68.70
80.01,80.01,72.41,84.20,67.76
80.67,80.67,83.58,80.09,71.17
81.11,81.11,83.25,81.82,72.40
79.56,79.56,81.40,83.43,69.88
79.54,79.54,80.99,78.80,67.24
82.19,82.19,78.05,84.67,67.85
81.42,81.42,76.26,82.65,66.99
79.81,79.81,72.38,82.39,67.08
77.85,77.85,70.65,83.62,67.38
76.37,76.37,67.24,81.74,69.18
75.71,75.71,62.16,81.72,69.28
75.10,75.10,62.75,86.90,68.09
73.28,73.28,60.28,81.33,66.40
71.88,71.88,64.92,83.20,64.42
71.33,71.33,71.53,85.97,66.92
70.50,70.50,86.15,76.69,70.94
72.82,72.82,87.14,78.53,67.56
75.41,75.41,84.97,73.19,65.16
73.35,73.35,85.27,73.99,66.80
72.72,72.72,84.56,72.03,68.39
71.11,71.11,87.61,70.00,67.05
68.32,68.32,83.82,68.62,65.29
73.34,73.34,85.15,67.89,65.88
75.58,75.58,80.53,66.68,69.08
74.75,74.75,74.81,58.51,70.52
77.64,77.64,68.17,68.87,72.17
77.34,77.34,68.56,75.78,69.79
74.44,74.44,60.85,79.53,70.42
74.31,74.31,58.10,80.46,69.70
75.01,75.01,70.30,78.87,70.96
75.41,75.41,73.86,81.72,70.33
75.09,75.09,70.17,78.11,69.23
77.33,77.33,66.98,82.87,68.54
76.21,76.21,64.39,78.05,66.85
77.25,77.25,59.11,84.21,67.88
74.47,74.47,57.36,77.57,65.96
75.28,75.28,54.74,84.36,66.93
77.30,77.30,49.72,77.49,68.41
77.81,77.81,44.24,84.91,67.61
76.28,76.28,43.30,77.79,64.78
77.15,77.15,48.83,84.27,65.06
75.56,75.56,58.07,78.64,63.24
72.84,72.84,63.70,82.68,62.18
75.93,75.93,77.15,75.98,62.19
74.49,74.49,87.43,76.56,62.32
76.97,76.97,85.14,73.79,61.44
75.37,75.37,85.84,69.12,61.52
77.08,77.08,85.21,67.34,61.37
76.24,76.24,87.86,64.60,62.79
79.12,79.12,84.69,64.10,65.42
79.08,79.08,83.44,60.02,65.86
78.01,78.01,82.74,61.46,67.78
81.16,81.16,80.37,61.62,66.71
80.36,80.36,78.56,73.08,68.43
78.30,78.30,66.60,73.54,68.42
78.74,78.74,54.33,73.21,69.09
79.67,79.67,59.34,80.48,69.44
79.67,79.67,66.35,81.64,67.43
80.31,80.31,73.26,79.37,69.89
80.57,80.57,71.63,82.08,69.38
79.51,79.51,68.68,77.21,66.14
78.16,78.16,65.73,82.34,66.87
80.12,80.12,63.30,78.24,66.90
80.41,80.41,63.46,81.62,64.88
80.83,80.83,64.57,78.65,65.42
78.77,78.77,64.54,81.48,67.01
76.15,76.15,60.88,78.23,68.22
76.07,76.07,57.45,85.48,70.41
74.67,74.67,54.66,83.11,69.21
73.37,73.37,55.13,82.94,69.53
69.13,69.13,63.49,86.37,66.41
65.16,65.16,66.11,83.14,67.28
66.87,66.87,82.36,85.24,70.58
66.81,66.81,88.54,75.39,67.99
73.67,73.67,84.96,70.31,65.71
76.00,76.00,84.40,60.34,65.52
77.31,77.31,86.27,72.24,65.18
75.76,75.76,85.28,65.85,64.18
75.59,75.59,83.36,69.14,65.50
74.87,74.87,84.22,66.50,67.47
76.05,76.05,75.77,70.52,70.54
75.08,75.08,65.92,63.31,71.71
75.61,75.61,57.24,72.52,71.18
77.09,77.09,59.00,74.21,69.70
77.47,77.47,59.96,80.82,68.58
75.26,75.26,63.65,83.38,69.34
76.26,76.26,69.98,85.04,71.09
74.60,74.60,73.73,84.04,72.88
76.97,76.97,71.20,83.70,73.87
76.75,76.75,67.83,85.78,74.08
77.41,77.41,64.85,84.39,72.61
77.91,77.91,59.83,83.95,73.23
78.11,78.11,57.67,85.59,71.73
79.45,79.45,55.99,83.50,70.15
76.84,76.84,54.33,86.55,71.28
78.76,78.76,50.53,83.45,72.11
78.79,78.79,51.02,82.47,71.75
77.62,77.62,52.11,86.66,71.32
81.47,81.47,56.70,82.44,67.87
74.41,74.41,64.13,85.34,66.37
72.18,72.18,76.20,84.31,62.45
67.00,67.00,87.76,78.52,64.72
69.50,69.50,86.60,79.59,66.85
64.83,64.83,84.39,70.18,69.34
67.50,67.50,85.60,72.56,70.60
64.81,64.81,84.59,65.84,72.54
67.27,67.27,83.98,72.69,72.65
67.61,67.61,84.15,69.44,69.78
66.21,66.21,78.01,67.38,70.94
67.31,67.31,74.54,75.07,72.76
67.51,67.51,71.93,79.03,72.04
67.33,67.33,67.04,84.82,71.49
68.33,68.33,62.92,83.58,70.21
64.14,64.14,63.59,84.54,68.56
63.68,63.68,63.94,83.31,72.00
67.26,67.26,74.20,85.12,74.19
71.21,71.21,73.13,83.53,71.29
74.74,74.74,70.11,80.38,71.95
77.55,77.55,67.28,77.05,69.13
78.46,78.46,62.47,79.24,65.46
79.77,79.77,61.52,80.36,64.89
81.40,81.40,63.89,78.25,65.16
78.66,78.66,79.22,75.99,67.83
76.43,76.43,86.97,75.21,65.75
77.99,77.99,85.58,66.26,62.40
84.79,84.79,84.83,62.69,61.26
84.93,84.93,83.44,64.15,62.03
81.67,81.67,85.31,68.60,59.59
76.13,76.13,86.32,71.53,60.09
76.31,76.31,82.30,69.00,63.32
80.72,80.72,86.78,63.86,64.27
81.36,81.36,87.13,64.67,65.06
78.46,78.46,85.35,63.55,64.30
75.45,75.45,84.91,62.74,65.48
72.77,72.77,86.12,69.43,64.20
74.42,74.42,87.16,62.02,65.85
75.21,75.21,82.62,61.26,69.30
78.10,78.10,82.48,65.27,70.54
81.18,81.18,78.56,73.42,73.63
76.40,76.40,73.64,71.56,72.20
73.87,73.87,66.30,78.59,71.01
72.28,72.28,61.94,83.71,70.45
71.07,71.07,59.42,81.59,69.40
67.13,67.13,66.17,84.42,70.92
69.58,69.58,74.13,80.16,69.03
67.44,67.44,72.28,84.21,70.22
67.64,67.64,67.99,82.86,68.98
64.88,64.88,65.39,83.32,70.13
64.98,64.98,62.40,83.35,67.29
65.49,65.49,59.20,83.76,68.94
66.16,66.16,57.20,81.88,68.51
65.90,65.90,60.69,83.64,69.77
65.84,65.84,64.02,84.04,69.71
68.70,68.70,67.39,83.00,68.74
70.70,70.70,66.74,85.01,70.40
69.64,69.64,61.36,80.10,67.15
64.59,64.59,60.82,84.92,65.01
61.24,61.24,72.37,79.93,62.92
64.15,64.15,86.61,79.47,66.60
71.10,71.10,86.74,75.16,69.30
75.46,75.46,86.29,69.40,69.83
79.34,79.34,85.32,64.36,68.77
78.96,78.96,85.26,61.94,67.90
68.99,68.99,87.39,60.68,66.68
71.04,71.04,85.55,59.72,66.79
71.58,71.58,82.40,67.11,70.38
69.81,69.81,80.98,67.77,73.46
72.86,72.86,76.77,71.94,71.07
73.71,73.71,78.27,74.91,70.95
72.29,72.29,71.84,75.58,68.64
71.58,71.58,66.63,77.36,67.62
72.54,72.54,60.77,77.08,67.41
70.86,70.86,72.61,76.64,68.64
70.67,70.67,74.29,79.77,70.79
71.75,71.75,71.23,80.93,70.65
71.88,71.88,67.01,81.65,68.94
72.42,72.42,65.28,80.48,66.49
70.30,70.30,65.33,78.92,65.74
70.26,70.26,67.15,78.71,64.69
70.65,70.65,68.43,77.80,65.44
71.73,71.73,65.29,76.99,73.03
73.66,73.66,62.00,82.36,74.27
74.32,74.32,59.07,83.99,74.90
73.17,73.17,54.06,84.38,74.16
73.98,73.98,58.82,81.69,71.32
75.48,75.48,69.10,85.77,70.34
76.46,76.46,80.92,79.75,66.78
74.20,74.20,87.93,78.64,60.26
76.11,76.11,85.30,75.00,59.65
76.82,76.82,86.13,59.52,59.56
82.16,82.16,84.13,73.88,61.91
80.59,80.59,86.26,64.93,61.29
71.21,71.21,86.10,72.60,61.16
76.91,76.91,81.52,68.96,64.68
75.23,75.23,79.46,69.50,69.30
69.05,69.05,67.68,75.49,67.86
66.84,66.84,66.63,68.27,67.51
67.72,67.72,68.05,62.37,67.17
75.53,75.53,62.59,78.32,64.77
75.44,75.44,59.55,81.63,66.07
75.20,75.20,64.75,82.47,66.75
75.77,75.77,74.09,83.86,71.04
73.38,73.38,72.41,81.89,71.52
67.02,67.02,69.31,81.37,72.56
74.36,74.36,66.77,84.81,74.29
71.17,71.17,64.29,81.96,71.48
66.43,66.43,63.10,81.98,71.00
67.02,67.02,65.90,86.58,72.26
67.45,67.45,74.32,78.65,72.14
67.12,67.12,73.56,85.20,71.40
65.23,65.23,69.80,83.20,71.11
69.32,69.32,64.78,81.75,71.84
72.59,72.59,61.25,85.26,72.15
76.12,76.12,65.91,82.61,67.67
76.89,76.89,69.86,80.38,64.68
79.29,79.29,84.92,80.50,61.86
74.02,74.02,86.28,71.63,60.54
72.57,72.57,86.12,69.84,60.87
72.30,72.30,84.81,67.92,61.10
76.62,76.62,85.11,72.76,60.59
77.53,77.53,87.08,68.01,62.10
77.65,77.65,83.36,62.83,59.50
79.31,79.31,82.69,65.18,64.62
81.97,81.97,78.73,62.78,68.37
83.14,83.14,72.01,63.23,69.26
81.59,81.59,73.86,77.54,69.12
78.79,78.79,67.68,79.61,62.77
74.57,74.57,61.08,81.82,66.87
74.34,74.34,62.98,81.41,65.23
77.22,77.22,80.67,83.87,70.66
77.53,77.53,83.23,78.05,72.04
77.25,77.25,83.61,83.77,76.76
76.61,76.61,82.70,79.99,75.94
77.03,77.03,80.08,82.36,70.71
77.98,77.98,77.39,81.57,65.28
79.66,79.66,74.33,82.39,67.66
80.25,80.25,68.01,82.02,68.16
76.30,76.30,65.00,84.14,67.13
72.92,72.92,62.82,82.28,67.38
72.16,72.16,58.22,80.28,66.01
74.71,74.71,61.53,86.36,63.74
75.65,75.65,60.22,78.33,62.21
77.45,77.45,65.66,84.89,61.26
77.12,77.12,77.96,82.33,65.27
77.89,77.89,87.18,78.96,67.74
76.95,76.95,86.00,77.39,66.17
70.98,70.98,85.63,69.82,66.00
65.93,65.93,85.06,73.76,64.24
65.09,65.09,87.70,73.95,63.24
63.58,63.58,84.79,72.31,62.10
62.49,62.49,84.17,62.12,66.51
65.93,65.93,83.09,67.67,70.89
67.33,67.33,79.24,64.36,71.19
67.90,67.90,79.10,72.04,72.82
64.78,64.78,63.38,64.46,71.57
64.55,64.55,58.33,75.01,72.02
64.27,64.27,61.86,79.05,71.35
63.08,63.08,64.87,80.45,68.89
62.87,62.87,75.09,80.61,69.75
60.51,60.51,73.63,81.46,68.01
61.68,61.68,69.53,79.16,68.31
65.53,65.53,67.40,80.88,66.64
64.48,64.48,63.54,80.83,65.26
64.97,64.97,61.02,81.18,65.11
66.20,66.20,59.63,79.69,65.98
64.71,64.71,60.15,82.18,69.42
63.86,63.86,55.46,79.82,70.15
63.31,63.31,50.60,82.55,70.86
64.04,64.04,50.73,78.82,67.61
60.16,60.16,54.93,82.79,64.20
60.30,60.30,61.10,78.75,62.87
62.67,62.67,65.96,83.22,59.64
69.81,69.81,82.68,71.94,61.20
65.88,65.88,87.93,79.13,59.76
67.99,67.99,85.26,63.17,64.30
70.06,70.06,85.52,70.94,62.94
68.04,68.04,87.33,61.78,64.73
71.87,71.87,86.41,68.50,65.09
65.94,65.94,84.00,63.25,64.80
63.20,63.20,84.62,66.86,67.66
68.68,68.68,78.57,71.62,69.22
75.61,75.61,80.34,75.43,70.57
75.97,75.97,74.01,78.93,72.13
74.69,74.69,68.99,78.61,69.52
75.16,75.16,58.65,79.00,71.48
75.44,75.44,58.31,79.74,67.51
69.00,69.00,67.97,80.74,70.81
62.86,62.86,73.38,78.23,72.42
60.86,60.86,70.86,83.58,71.88
59.76,59.76,67.50,77.89,73.46
63.88,63.88,63.55,83.18,69.86
66.53,66.53,61.22,78.99,66.05
68.88,68.88,61.60,81.86,66.77
69.37,69.37,61.91,81.64,68.56
72.82,72.82,63.41,81.87,72.79
75.35,75.35,60.95,78.28,72.13
77.10,77.10,59.56,84.49,72.31
77.29,77.29,54.69,84.92,71.14
74.05,74.05,55.53,82.59,69.33
75.33,75.33,67.11,86.61,67.55
74.71,74.71,71.67,82.64,66.38
73.53,73.53,86.56,80.22,65.87
76.48,76.48,87.84,74.52,65.41
76.75,76.75,83.66,70.51,64.44
74.04,74.04,85.55,72.96,69.44
74.10,74.10,85.63,68.08,69.27
70.32,70.32,84.75,70.23,68.61
66.50,66.50,86.07,72.80,64.85
64.58,64.58,81.32,70.80,70.57
68.64,68.64,75.96,72.96,70.11
65.70,65.70,70.84,74.27,67.93
65.92,65.92,65.61,77.22,68.33
64.02,64.02,60.09,79.60,68.84
67.05,67.05,60.05,85.22,68.94
68.11,68.11,62.64,83.98,70.13
66.13,66.13,74.22,83.03,73.82
64.45,64.45,73.89,86.51,74.08
63.35,63.35,70.63,82.54,72.21
60.32,60.32,68.10,85.33,72.17
60.64,60.64,66.04,86.07,71.07
61.38,61.38,61.85,83.68,71.32
59.87,59.87,59.08,86.88,70.34
63.06,63.06,58.62,84.10,70.89
68.33,68.33,54.58,83.89,71.99
76.71,76.71,52.98,86.07,69.85
76.52,76.52,52.48,83.07,70.53
77.58,77.58,57.51,85.18,67.18
76.15,76.15,63.21,84.15,66.97
74.91,74.91,68.88,84.36,66.53
72.24,72.24,79.88,82.00,64.94
74.10,74.10,86.95,79.20,62.75
76.31,76.31,87.31,73.55,59.37
80.48,80.48,85.21,72.87,59.34
80.32,80.32,84.38,65.46,60.61
79.44,79.44,85.16,68.95,58.87
78.52,78.52,86.80,63.69,60.52
77.15,77.15,83.59,69.03,61.39
74.87,74.87,81.11,65.59,64.83
74.37,74.37,76.76,68.99,65.90
73.67,73.67,75.63,69.97,65.78
75.86,75.86,72.89,75.24,68.22
74.54,74.54,64.27,73.67,65.00
78.04,78.04,59.26,76.23,65.53
79.27,79.27,67.49,75.08,64.14
79.04,79.04,75.40,79.49,70.64
78.33,78.33,72.43,79.35,70.52
80.17,80.17,68.60,81.79,70.04
80.82,80.82,65.28,78.38,72.17
78.64,78.64,64.63,75.04,68.68
78.34,78.34,68.11,79.31,68.34
78.70,78.70,68.57,76.98,64.50
74.18,74.18,85.77,70.48,61.43
72.10,72.10,86.16,70.44,59.53
73.74,73.74,84.90,66.87,59.02
74.62,74.62,85.10,65.73,59.72
80.37,80.37,85.86,71.54,59.79
82.15,82.15,87.50,73.02,58.85
80.70,80.70,83.22,67.22,58.83
76.02,76.02,87.08,71.21,61.71
77.09,77.09,87.42,65.14,61.04
76.48,76.48,86.72,64.84,61.15
74.77,74.77,85.24,64.64,61.45
77.70,77.70,85.76,56.87,64.46
74.48,74.48,86.78,56.57,64.66
75.34,75.34,84.92,61.30,66.60
78.67,78.67,82.27,68.45,70.92
78.82,78.82,79.81,71.94,71.42
79.55,79.55,71.80,75.73,70.66
76.17,76.17,74.82,79.97,70.88
75.34,75.34,68.31,82.14,69.39
75.11,75.11,61.73,79.91,69.28
72.52,72.52,59.35,82.72,70.54
73.15,73.15,72.10,83.28,69.21
71.62,71.62,73.56,82.21,68.36
72.92,72.92,69.76,84.02,69.24
71.06,71.06,67.35,80.14,66.40
69.52,69.52,65.43,84.73,65.09
69.67,69.67,60.49,81.93,66.86
68.33,68.33,58.07,83.79,66.28
67.02,67.02,56.15,83.00,65.31
65.27,65.27,59.17,83.72,67.28
68.10,68.10,63.20,81.14,66.20
70.95,70.95,63.34,83.08,65.24
70.23,70.23,60.87,83.11,64.97
65.40,65.40,61.81,82.84,63.16
62.98,62.98,67.19,84.26,60.60
67.52,67.52,77.88,73.11,62.70
69.82,69.82,88.20,75.76,62.22
72.22,72.22,86.02,64.08,61.64
71.38,71.38,85.90,63.56,61.99
71.68,71.68,85.09,57.79,63.43
72.51,72.51,86.85,60.22,66.33
72.71,72.71,87.31,60.52,62.92
75.86,75.86,83.50,65.08,67.68
76.12,76.12,83.16,72.15,71.33
76.99,76.99,76.18,74.20,70.19
73.60,73.60,78.94,73.80,68.53
74.61,74.61,75.36,75.77,68.21
72.36,72.36,71.16,76.87,66.97
71.90,71.90,60.14,76.69,70.19
69.95,69.95,65.03,76.95,68.34
71.83,71.83,74.99,76.55,70.71
64.74,64.74,72.56,77.43,68.85
63.82,63.82,70.34,78.30,67.04
62.43,62.43,69.17,77.43,64.75
66.23,66.23,68.12,77.96,66.72
66.91,66.91,67.17,77.78,67.09
66.30,66.30,67.55,77.34,67.41
64.11,64.11,68.10,69.63,71.35
62.62,62.62,68.22,80.73,72.43
62.02,62.02,68.26,80.84,73.09
60.51,60.51,62.43,85.43,72.88
60.44,60.44,57.16,83.97,71.39
63.00,63.00,59.63,82.83,70.21
63.84,63.84,71.61,84.33,68.56
61.57,61.57,86.00,80.30,64.19
68.07,68.07,87.06,75.02,61.69
72.39,72.39,86.15,76.07,62.46
72.10,72.10,85.01,73.36,61.22
74.75,74.75,85.49,60.87,64.21
74.62,74.62,87.48,76.52,63.16
74.68,74.68,83.22,62.78,64.99
73.17,73.17,82.70,76.53,70.96
73.85,73.85,73.52,74.14,73.15
74.01,74.01,73.94,78.87,70.05
73.36,73.36,65.05,77.68,69.07
73.75,73.75,61.08,80.96,69.44
72.70,72.70,56.33,78.23,71.45
75.80,75.80,60.28,82.74,68.93
78.62,78.62,71.43,82.53,69.47
76.92,76.92,73.91,80.83,74.04
76.45,76.45,72.24,86.07,72.45
77.69,77.69,67.99,78.53,74.69
76.04,76.04,65.44,84.84,73.73
77.09,77.09,60.62,82.90,72.98
78.27,78.27,61.06,81.85,74.07
75.57,75.57,62.22,85.04,75.70
74.91,74.91,65.06,82.86,76.95
76.63,76.63,62.67,82.34,75.50
73.00,73.00,58.79,84.61,73.90
69.83,69.83,56.09,82.56,72.51
67.70,67.70,60.08,81.47,71.15
66.74,66.74,73.09,86.37,66.53
68.78,68.78,75.09,78.91,64.97
71.05,71.05,87.24,81.64,64.10
72.83,72.83,86.00,75.81,62.08
75.73,75.73,85.23,69.54,63.39
75.75,75.75,84.46,71.36,60.38
76.74,76.74,87.69,65.96,60.98
77.12,77.12,84.01,69.77,62.50
78.14,78.14,82.95,71.72,64.35
80.12,80.12,79.76,68.98,69.27
77.73,77.73,68.65,76.01,70.70
74.91,74.91,66.06,70.03,71.33
76.08,76.08,63.23,67.99,69.33
74.00,74.00,60.71,76.19,70.21
69.29,69.29,63.12,81.00,67.36
67.38,67.38,68.21,82.39,68.76
72.66,72.66,82.86,83.63,73.43
72.35,72.35,84.49,81.22,69.27
70.65,70.65,80.89,82.95,69.56
70.47,70.47,79.79,82.88,69.15
68.76,68.76,78.16,83.83,68.42
69.07,69.07,76.25,81.81,66.48
67.45,67.45,73.09,85.75,66.01
67.16,67.16,68.54,78.00,67.80
66.57,66.57,67.17,85.80,68.10
68.67,68.67,62.93,83.23,67.51
65.24,65.24,59.47,79.66,66.98
63.36,63.36,61.25,85.43,66.34
63.80,63.80,61.18,82.81,64.95
65.67,65.67,67.27,81.24,64.17
67.92,67.92,83.95,82.08,68.72
74.62,74.62,88.94,71.63,68.84
76.65,76.65,84.43,67.06,67.30
79.31,79.31,84.41,70.26,65.74
74.27,74.27,86.26,72.99,64.72
76.86,76.86,85.68,70.75,65.82
71.18,71.18,84.09,59.10,66.82
73.61,73.61,85.52,71.06,69.75
74.73,74.73,78.43,66.22,71.05
79.21,79.21,73.07,67.31,70.32
82.56,82.56,67.36,67.36,70.07
80.35,80.35,71.88,79.57,71.45
78.33,78.33,64.47,79.83,69.13
81.54,81.54,58.74,79.65,69.71
80.32,80.32,68.16,81.48,70.31
81.53,81.53,73.23,79.03,68.76
79.82,79.82,72.01,81.99,69.26
78.48,78.48,67.99,78.25,68.89
78.25,78.25,63.90,83.36,67.43
76.34,76.34,60.60,77.88,64.37
75.21,75.21,57.79,84.52,65.27
77.18,77.18,55.01,75.77,64.11
79.59,79.59,51.33,84.73,65.16
83.10,83.10,44.07,76.41,65.23
82.63,82.63,42.11,83.59,63.60
78.85,78.85,45.86,76.26,61.96
73.11,73.11,53.24,82.78,61.17
75.41,75.41,64.29,79.02,59.82
75.96,75.96,72.21,81.08,60.82
73.14,73.14,86.75,74.42,61.44
67.85,67.85,86.60,64.43,59.19
70.27,70.27,84.48,65.55,60.66
70.03,70.03,86.95,65.14,61.88
73.70,73.70,85.83,60.51,62.85
76.19,76.19,84.98,56.12,65.42
77.29,77.29,86.14,58.37,65.73
79.81,79.81,81.89,60.74,69.77
77.60,77.60,81.35,62.80,69.71
78.34,78.34,75.23,63.96,69.68
76.05,76.05,69.33,69.50,69.28
77.97,77.97,60.98,76.11,69.02
78.31,78.31,61.15,80.65,68.62
76.00,76.00,61.87,80.09,67.79
76.20,76.20,73.10,81.33,66.65
76.40,76.40,73.25,79.43,68.83
76.32,76.32,69.89,81.44,65.66
75.85,75.85,67.04,79.45,67.32
77.23,77.23,63.53,81.81,66.15
78.55,78.55,64.54,78.84,65.74
79.54,79.54,65.68,82.40,66.06
79.50,79.50,64.87,79.79,67.38
79.88,79.88,62.91,83.93,70.27
79.15,79.15,60.34,81.66,70.94
75.52,75.52,58.03,83.20,70.39
70.46,70.46,55.22,85.13,68.74
68.30,68.30,60.63,83.81,68.65
69.00,69.00,66.84,84.67,66.72
69.26,69.26,81.06,82.52,65.53
66.06,66.06,87.23,79.97,61.11
70.00,70.00,87.59,73.35,61.19
72.02,72.02,85.04,73.71,60.92
74.57,74.57,83.89,67.92,64.02
76.07,76.07,84.35,71.42,64.93
75.21,75.21,85.29,62.88,65.02
74.74,74.74,80.83,68.97,68.84
76.37,76.37,75.35,68.48,70.27
75.48,75.48,66.16,65.20,70.21
77.53,77.53,73.09,66.60,72.35
77.54,77.54,65.87,76.57,72.06
78.79,78.79,61.85,82.53,68.62
79.12,79.12,60.07,81.82,67.16
78.16,78.16,67.80,85.62,67.44
79.33,79.33,73.85,81.46,70.23
79.74,79.74,71.47,85.19,72.22
78.24,78.24,67.27,85.96,72.91
76.08,76.08,65.34,81.97,70.26
76.79,76.79,62.24,85.69,70.43
75.91,75.91,59.66,81.83,70.17
77.74,77.74,56.78,83.83,69.62
77.85,77.85,54.01,86.16,70.89
76.96,76.96,50.44,84.19,68.95
74.77,74.77,46.35,83.98,67.66
73.88,73.88,49.91,83.95,66.85
67.74,67.74,55.23,84.20,64.08
69.22,69.22,64.91,83.63,64.30
66.40,66.40,71.46,86.08,64.38
64.99,64.99,85.98,79.54,63.64
70.50,70.50,87.56,69.06,63.33
72.51,72.51,86.54,68.38,62.16
70.72,70.72,84.55,64.40,62.65
71.67,71.67,85.01,68.74,62.82
69.91,69.91,86.49,71.03,60.67
66.44,66.44,84.60,69.15,62.29
66.11,66.11,80.73,73.97,66.87
66.05,66.05,78.40,73.05,70.85
63.92,63.92,73.85,81.28,69.00
62.12,62.12,70.57,84.93,71.15
61.64,61.64,64.07,83.38,69.18
61.69,61.69,61.21,85.47,66.68
61.56,61.56,61.38,82.90,65.89
68.89,68.89,72.32,85.02,70.37
70.96,70.96,74.27,77.93,68.49
69.30,69.30,69.89,74.52,66.48
74.07,74.07,66.98,80.08,68.00
77.03,77.03,63.47,80.90,69.96
77.76,77.76,60.92,78.13,67.14
78.14,78.14,63.16,77.72,64.36
75.13,75.13,77.80,73.19,64.92
74.35,74.35,86.36,75.07,64.67
74.00,74.00,84.79,65.33,62.76
74.89,74.89,86.35,57.99,64.64
73.35,73.35,85.88,67.56,61.96
71.85,71.85,88.59,67.72,61.25
73.60,73.60,85.51,69.78,60.73
71.92,71.92,85.72,66.77,64.43
75.34,75.34,86.21,67.37,64.13
75.89,75.89,86.30,67.02,64.90
75.91,75.91,85.31,64.89,64.67
75.07,75.07,85.08,57.84,65.98
74.89,74.89,86.79,64.48,66.95
75.00,75.00,87.35,56.41,67.16
74.20,74.20,83.11,56.36,71.30
74.11,74.11,83.78,69.54,72.12
72.88,72.88,75.26,69.64,74.95
73.69,73.69,73.52,71.81,72.92
71.23,71.23,69.61,81.14,71.75
67.39,67.39,66.84,82.14,70.11
66.05,66.05,59.09,82.88,70.69
69.02,69.02,63.94,80.82,72.09
68.83,68.83,75.32,84.60,70.84
67.04,67.04,72.80,79.94,71.77
68.03,68.03,70.19,84.09,70.13
67.96,67.96,68.33,82.37,70.75
70.56,70.56,65.28,84.00,70.22
69.60,69.60,62.48,82.40,69.40
68.11,68.11,62.68,84.26,68.97
66.14,66.14,66.63,81.24,69.52
63.53,63.53,69.12,84.27,68.15
60.02,60.02,73.65,83.53,66.56
60.23,60.23,73.54,81.90,64.42
59.64,59.64,67.42,84.99,63.63
59.17,59.17,65.15,79.59,61.88
59.45,59.45,69.25,83.72,61.89
60.06,60.06,86.37,75.21,60.04
66.85,66.85,87.02,67.00,60.22
71.65,71.65,86.07,65.53,61.27
67.54,67.54,85.23,57.38,61.44
71.04,71.04,86.14,60.89,61.86
75.96,75.96,88.09,62.59,63.98
70.47,70.47,84.11,63.76,65.71
75.50,75.50,85.17,67.22,69.38
75.65,75.65,79.04,69.20,70.90
77.50,77.50,78.49,71.02,70.53
77.09,77.09,76.64,72.20,69.25
78.69,78.69,74.34,74.43,70.06
75.85,75.85,64.33,76.56,70.26
75.00,75.00,59.67,77.71,70.20
75.98,75.98,70.34,77.42,67.05
75.67,75.67,74.60,79.82,69.22
75.89,75.89,71.02,81.40,70.61
75.49,75.49,68.00,80.20,70.50
76.23,76.23,65.08,80.62,65.47
76.81,76.81,65.59,79.43,65.24
77.89,77.89,66.48,77.25,64.02
79.43,79.43,67.92,76.76,67.90
79.10,79.10,66.81,68.09,72.66
80.17,80.17,60.81,82.25,71.74
77.49,77.49,58.24,84.22,73.59
77.25,77.25,56.21,85.52,70.72
77.47,77.47,61.24,82.12,67.75
75.74,75.74,66.03,83.44,65.92
83.30,83.30,76.18,81.14,62.41
81.00,81.00,86.62,77.37,56.40
76.19,76.19,85.85,67.96,58.21
77.65,77.65,85.81,73.42,59.82
78.60,78.60,84.74,69.49,64.30
75.91,75.91,87.62,73.20,62.48
73.74,73.74,84.43,66.53,65.73
73.70,73.70,83.31,68.92,65.76
70.99,70.99,79.89,69.34,69.73
69.54,69.54,70.27,74.89,71.15
69.75,69.75,68.60,72.58,69.09
69.98,69.98,60.36,72.21,68.59
70.73,70.73,55.54,76.64,67.58
71.47,71.47,57.38,79.47,66.76
72.28,72.28,62.56,85.42,66.38
73.36,73.36,74.91,79.54,73.33
74.79,74.79,74.29,83.50,71.95
71.58,71.58,70.03,82.87,74.29
69.75,69.75,65.74,77.96,74.10
67.21,67.21,64.31,84.26,72.98
64.78,64.78,61.39,81.44,72.17
61.86,61.86,60.66,82.19,71.38
69.35,69.35,70.38,83.35,73.55
69.66,69.66,72.65,82.06,72.53
68.83,68.83,68.16,79.54,71.11
70.78,70.78,64.26,86.65,69.61
72.79,72.79,61.42,78.52,69.46
72.29,72.29,63.61,85.33,65.23
73.50,73.50,69.47,84.95,59.91
72.52,72.52,81.83,79.34,57.94
70.60,70.60,87.44,79.45,58.31
72.98,72.98,84.37,74.73,59.63
76.98,76.98,85.58,68.96,61.40
76.60,76.60,86.95,71.94,62.77
74.49,74.49,85.23,70.22,60.56
72.27,72.27,83.85,72.39,61.37
75.88,75.88,84.32,61.89,64.80
78.49,78.49,76.17,63.29,68.95
79.26,79.26,72.58,71.67,69.56
79.45,79.45,70.06,75.76,68.02
78.67,78.67,65.84,72.67,69.97
79.07,79.07,61.81,81.95,63.76
77.15,77.15,63.16,81.17,66.40
76.08,76.08,75.44,83.02,70.02
75.71,75.71,82.49,79.86,70.48
74.55,74.55,81.49,83.38,69.77
73.08,73.08,80.51,79.09,67.81
72.98,72.98,79.51,86.28,69.34
74.88,74.88,77.03,80.63,66.43
78.59,78.59,73.21,84.73,65.21
79.48,79.48,69.54,84.30,65.41
77.96,77.96,63.05,81.79,65.95
74.75,74.75,60.22,85.04,67.66
71.72,71.72,59.35,81.68,66.08
73.34,73.34,53.90,83.20,65.47
74.44,74.44,61.60,84.59,65.30
73.45,73.45,61.80,82.60,65.45
72.26,72.26,73.46,80.46,66.08
70.74,70.74,86.75,80.82,66.56
68.58,68.58,87.64,73.75,65.60
70.07,70.07,84.24,70.43,63.38
68.90,68.90,86.47,58.88,62.52
64.61,64.61,85.64,72.45,65.38
58.03,58.03,84.97,65.13,65.49
54.96,54.96,86.65,64.26,66.86
60.07,60.07,82.65,64.76,71.59
61.65,61.65,80.93,62.96,73.99
58.50,58.50,72.56,65.93,70.42
59.76,59.76,65.00,67.04,73.37
62.36,62.36,62.36,78.68,71.13
59.82,59.82,62.74,81.70,71.65
61.63,61.63,63.69,79.69,70.61
60.93,60.93,74.30,82.73,70.36
60.15,60.15,74.18,80.22,69.35
61.77,61.77,70.95,82.72,67.35
60.05,60.05,68.61,80.16,65.23
58.30,58.30,65.18,82.43,64.74
60.86,60.86,62.74,78.53,63.24
62.70,62.70,59.47,82.26,62.74
67.18,67.18,57.91,79.16,67.08
67.52,67.52,54.98,81.79,70.36
65.10,65.10,50.21,78.73,67.38
66.35,66.35,55.36,83.04,67.45
68.75,68.75,56.97,78.81,66.23
67.21,67.21,63.36,83.12,63.18
67.48,67.48,68.19,78.09,62.34
64.98,64.98,81.57,82.95,64.50
66.79,66.79,86.60,70.28,62.17
69.68,69.68,86.26,70.72,61.29
70.38,70.38,85.93,58.45,64.68
72.28,72.28,85.85,59.58,65.78
72.72,72.72,86.14,60.17,67.51
72.59,72.59,86.64,63.57,66.89
67.66,67.66,82.78,60.59,69.85
68.01,68.01,82.09,60.21,70.75
73.30,73.30,78.30,69.28,71.90
73.64,73.64,75.20,75.31,69.84
74.47,74.47,70.81,72.29,68.05
79.45,79.45,58.25,75.29,67.78
78.91,78.91,58.39,80.83,67.17
78.74,78.74,66.10,80.08,69.57
79.97,79.97,73.90,81.94,78.50
78.41,78.41,72.50,77.60,78.16
77.29,77.29,69.27,82.28,74.93
78.65,78.65,65.01,78.17,67.86
78.51,78.51,64.15,82.64,66.38
78.31,78.31,66.01,80.19,65.69
80.11,80.11,67.82,82.36,69.70
81.01,81.01,65.52,81.32,72.20
79.02,79.02,62.03,80.90,73.49
77.31,77.31,59.07,82.00,72.20
74.86,74.86,54.50,86.38,70.99
77.01,77.01,56.44,83.75,68.50
77.60,77.60,62.29,82.80,69.61
81.92,81.92,68.74,86.68,69.94
83.33,83.33,85.62,77.86,67.96
79.01,79.01,87.15,75.45,69.59
78.63,78.63,85.30,69.24,69.54
72.52,72.52,84.14,64.20,68.10
71.94,71.94,84.46,72.28,62.66
69.09,69.09,85.70,71.52,63.39
63.62,63.62,85.09,65.59,65.10
66.59,66.59,81.75,69.78,68.59
66.94,66.94,74.53,69.53,68.21
68.26,68.26,63.68,71.91,69.46
69.29,69.29,57.44,70.98,70.00
70.05,70.05,60.15,75.18,67.55
67.68,67.68,60.99,83.75,64.75
64.61,64.61,63.79,83.64,63.75
67.24,67.24,72.63,84.02,71.39
65.79,65.79,74.00,84.11,74.15
63.98,63.98,71.37,82.77,71.30
63.36,63.36,70.22,83.71,72.30
63.05,63.05,68.46,86.64,71.69
64.26,64.26,63.40,84.21,71.49
63.61,63.61,60.67,82.38,71.42
67.32,67.32,56.75,85.84,70.85
69.56,69.56,52.99,82.30,74.00
71.93,71.93,51.32,87.60,70.50
73.11,73.11,52.09,83.67,71.17
73.25,73.25,55.33,82.32,68.15
70.19,70.19,62.51,86.24,69.08
71.31,71.31,66.07,82.15,65.64
71.40,71.40,78.62,84.29,65.06
71.55,71.55,86.74,76.84,64.06
73.55,73.55,85.75,70.02,63.83
76.30,76.30,85.41,60.32,62.90
75.74,75.74,85.06,59.70,63.94
75.58,75.58,86.60,59.62,62.12
73.21,73.21,87.56,55.30,61.99
70.61,70.61,83.70,59.82,63.74
72.57,72.57,84.26,62.25,68.58
69.57,69.57,76.09,71.23,68.76
69.48,69.48,78.22,70.97,70.74
72.62,72.62,74.21,75.05,69.70
72.87,72.87,70.30,75.52,72.67
74.57,74.57,61.20,74.27,70.53
76.36,76.36,65.79,74.58,70.53
75.73,75.73,74.24,77.33,74.74
75.53,75.53,72.77,79.25,70.45
75.46,75.46,69.38,80.53,72.19
71.56,71.56,66.86,78.46,70.54
69.41,69.41,64.19,78.55,70.37
64.00,64.00,64.58,75.51,66.40
72.48,72.48,67.75,78.34,68.89
63.77,63.77,83.37,74.57,66.08
67.60,67.60,87.25,74.18,62.94
63.71,63.71,85.15,67.65,61.75
67.06,67.06,85.51,66.45,60.43
73.66,73.66,86.70,70.62,57.80
73.04,73.04,85.30,69.70,57.56
71.99,71.99,83.61,64.16,57.13
74.11,74.11,86.38,69.33,62.33
73.92,73.92,86.71,63.39,62.33
71.44,71.44,87.09,62.32,61.92
72.42,72.42,85.89,57.40,62.19
70.91,70.91,85.78,56.28,62.99
69.92,69.92,88.49,63.71,63.64
69.32,69.32,84.40,63.42,64.90
70.80,70.80,84.77,71.06,70.54
72.86,72.86,78.65,74.40,71.38
68.79,68.79,78.45,76.75,68.81
67.94,67.94,75.29,80.42,68.64
69.74,69.74,68.66,80.92,69.00
70.98,70.98,56.01,81.38,68.23
72.24,72.24,57.47,80.62,67.49
71.85,71.85,70.36,82.90,66.67
70.85,70.85,75.22,83.94,65.98
70.17,70.17,72.37,81.88,64.87
71.91,71.91,68.79,84.91,64.74
73.85,73.85,65.11,79.53,62.62
76.27,76.27,61.04,84.12,63.23
76.95,76.95,57.78,82.10,63.33
76.04,76.04,57.04,83.61,64.45
69.59,69.59,59.72,82.80,65.77
67.98,67.98,61.90,83.43,63.92
71.90,71.90,65.35,81.60,62.10
71.07,71.07,61.95,83.78,60.11
65.04,65.04,58.16,84.01,62.26
60.05,60.05,64.62,82.54,62.05
60.63,60.63,74.51,83.22,61.15
58.05,58.05,86.85,77.03,59.92
62.91,62.91,86.19,67.79,58.32
68.72,68.72,86.22,62.11,60.40
69.20,69.20,84.81,55.48,62.60
71.65,71.65,88.17,53.53,62.22
74.66,74.66,85.72,55.65,61.00
74.01,74.01,84.55,61.86,64.40
69.52,69.52,83.49,65.93,67.35
73.44,73.44,78.05,67.32,66.66
72.98,72.98,77.85,70.31,65.16
74.73,74.73,75.11,71.49,66.55
73.20,73.20,74.43,72.82,64.00
70.79,70.79,62.38,75.17,63.66
72.14,72.14,62.92,75.73,66.04
74.90,74.90,75.86,79.68,67.93
75.28,75.28,74.66,78.56,63.17
75.03,75.03,70.15,76.06,63.47
72.97,72.97,67.39,75.20,61.13
73.31,73.31,65.68,75.97,61.38
73.42,73.42,65.95,74.38,59.88
73.14,73.14,68.40,74.60,63.91
74.64,74.64,66.65,77.59,68.99
72.09,72.09,64.22,79.26,70.93
72.75,72.75,62.07,80.54,69.87
73.44,73.44,59.03,85.54,69.45
73.20,73.20,55.87,83.92,67.06
73.53,73.53,64.66,85.70,65.67
72.23,72.23,69.33,80.36,63.91
71.07,71.07,83.52,82.93,60.56
66.92,66.92,88.01,79.14,56.35
65.64,65.64,84.82,61.25,56.67
68.57,68.57,85.59,67.54,58.47
69.99,69.99,87.26,67.44,59.36
69.32,69.32,85.87,64.73,62.99
69.65,69.65,84.69,68.77,60.51
68.31,68.31,85.27,71.77,68.51
69.21,69.21,76.56,74.43,68.95
63.78,63.78,76.96,80.36,67.88
65.06,65.06,71.07,78.13,67.11
63.25,63.25,62.49,84.95,67.23
65.51,65.51,56.30,82.04,65.48
62.10,62.10,59.63,81.48,63.55
59.51,59.51,68.28,84.74,67.40
60.56,60.56,74.21,81.42,69.70
60.39,60.39,71.43,82.99,71.88
60.45,60.45,67.90,82.98,70.39
62.47,62.47,64.68,81.95,72.64
62.08,62.08,62.46,81.12,71.14
62.28,62.28,63.17,86.78,71.05
61.19,61.19,65.69,78.25,72.50
62.96,62.96,73.68,85.52,74.09
64.19,64.19,69.34,85.37,72.78
61.39,61.39,64.36,80.09,70.90
65.80,65.80,57.90,86.24,71.86
65.40,65.40,58.84,81.95,70.79
66.19,66.19,64.22,82.30,64.80
68.33,68.33,73.21,83.04,64.15
64.93,64.93,86.83,77.41,61.14
62.69,62.69,87.09,72.20,56.03
66.82,66.82,84.86,74.48,53.85
76.92,76.92,86.63,75.01,56.56
77.97,77.97,86.02,72.00,58.75
75.43,75.43,84.74,72.88,58.53
74.33,74.33,85.88,63.88,62.61
71.95,71.95,78.25,75.45,69.47
73.34,73.34,74.86,72.10,72.11
75.55,75.55,70.81,75.32,69.31
76.07,76.07,62.23,75.50,66.93
75.13,75.13,54.45,77.84,68.44
73.05,73.05,59.92,78.53,66.06
70.97,70.97,70.16,83.62,65.78
69.78,69.78,83.93,80.35,68.65
70.48,70.48,84.16,82.86,68.89
71.14,71.14,84.68,82.66,65.92
71.65,71.65,82.02,78.35,64.38
72.64,72.64,78.05,83.93,62.95
68.79,68.79,74.04,81.42,63.89
68.91,68.91,70.36,83.53,65.47
70.30,70.30,66.28,83.24,67.87
71.06,71.06,62.58,84.22,68.56
73.14,73.14,60.14,80.49,67.32
75.33,75.33,55.25,86.17,66.92
77.52,77.52,59.48,80.07,64.59
77.73,77.73,63.13,83.79,60.64
75.61,75.61,67.37,85.01,61.64
72.47,72.47,80.28,80.37,66.48
68.64,68.64,88.21,80.98,68.95
68.03,68.03,86.71,74.28,64.17
70.54,70.54,84.78,67.84,64.34
73.31,73.31,84.41,75.11,65.46
71.77,71.77,85.48,65.88,64.04
70.57,70.57,87.29,72.95,65.31
66.93,66.93,83.58,67.98,70.68
64.87,64.87,78.83,68.61,73.99
62.64,62.64,72.93,68.67,72.20
58.75,58.75,74.80,74.42,71.68
55.08,55.08,70.34,81.37,72.94
52.81,52.81,62.59,79.57,69.69
50.30,50.30,59.41,80.45,69.85
51.73,51.73,66.32,78.91,70.17
53.37,53.37,75.26,81.68,70.73
53.17,53.17,73.53,78.64,68.81
54.60,54.60,69.35,82.19,68.82
58.06,58.06,66.85,77.93,69.89
55.72,55.72,64.73,84.34,67.44
52.09,52.09,61.58,76.65,65.38
49.88,49.88,59.02,84.88,66.85
51.24,51.24,55.77,76.01,70.78
50.78,50.78,50.59,84.07,68.90
54.02,54.02,50.22,77.52,69.55
63.82,63.82,55.38,82.23,67.71
66.57,66.57,58.54,78.45,65.43
66.68,66.68,63.30,82.45,62.10
65.69,65.69,73.43,76.78,59.68
63.31,63.31,85.98,77.29,61.17
64.67,64.67,86.50,72.74,62.38
68.69,68.69,86.19,66.60,64.74
71.14,71.14,84.75,66.03,67.50
66.81,66.81,84.71,64.85,65.89
71.01,71.01,87.18,66.47,66.41
66.65,66.65,85.15,62.64,65.08
69.90,69.90,83.06,64.96,71.43
75.36,75.36,82.03,62.74,74.34
79.64,79.64,73.45,64.23,70.41
79.77,79.77,70.96,68.63,70.87
79.64,79.64,67.24,73.28,71.39
78.91,78.91,60.54,81.45,69.38
77.87,77.87,59.32,80.84,71.76
76.33,76.33,71.71,80.06,74.33
77.45,77.45,74.48,80.68,74.47
76.33,76.33,71.09,79.92,72.90
76.93,76.93,67.05,80.56,70.05
75.41,75.41,65.87,79.61,66.48
73.11,73.11,64.94,81.89,65.46
73.51,73.51,66.40,78.63,66.96
76.35,76.35,65.08,82.46,71.38
77.98,77.98,63.47,77.91,72.70
76.61,76.61,59.33,85.25,72.29
76.14,76.14,55.31,82.18,70.45
76.95,76.95,53.77,81.21,70.53
77.36,77.36,61.95,85.91,68.40
78.99,78.99,63.72,81.91,66.08
76.49,76.49,74.93,84.67,66.12
75.78,75.78,87.16,78.00,65.17
76.13,76.13,85.75,66.25,62.16
77.22,77.22,84.95,65.94,63.42
70.34,70.34,83.70,67.82,63.61
70.48,70.48,85.66,64.73,64.35
63.79,63.79,86.02,66.48,67.99
61.06,61.06,81.86,66.80,69.13
62.39,62.39,79.75,67.44,72.42
63.81,63.81,74.93,70.84,72.24
65.83,65.83,74.17,76.26,70.24
67.90,67.90,65.31,80.62,69.52
67.89,67.89,60.07,85.46,66.51
68.50,68.50,60.70,82.95,64.48
63.06,63.06,66.89,84.70,64.03
63.57,63.57,73.45,84.41,71.85
61.16,61.16,70.82,84.08,74.65
59.61,59.61,68.05,86.70,72.46
61.08,61.08,65.68,83.38,72.78
62.20,62.20,63.07,82.72,71.87
62.65,62.65,58.83,86.74,73.66
64.74,64.74,56.94,82.86,71.37
63.10,63.10,55.05,86.77,73.53
63.47,63.47,49.89,83.81,73.31
68.63,68.63,46.27,82.70,71.48
73.46,73.46,49.52,86.97,68.21
70.04,70.04,54.80,82.30,69.01
70.86,70.86,64.00,85.78,68.01
71.72,71.72,71.56,85.05,67.25
72.23,72.23,85.71,80.25,64.13
71.43,71.43,86.53,79.62,62.27
71.62,71.62,85.09,66.17,63.85
72.66,72.66,84.18,70.46,65.36
70.70,70.70,85.46,67.93,62.85
69.60,69.60,87.73,74.94,64.61
68.97,68.97,82.81,71.41,65.17
69.21,69.21,83.58,73.56,70.82
69.09,69.09,76.39,76.51,73.58
69.15,69.15,73.03,81.08,73.30
68.82,68.82,66.49,83.87,71.47
75.17,75.17,56.21,83.54,70.19
74.80,74.80,55.30,84.21,69.66
77.59,77.59,57.52,83.70,69.04
77.68,77.68,69.68,84.84,69.89
77.76,77.76,73.78,80.04,70.84
78.06,78.06,70.10,82.48,69.63
77.37,77.37,67.46,76.21,68.61
74.43,74.43,65.09,77.77,67.96
71.69,71.69,62.44,81.11,67.87
70.95,70.95,64.73,79.87,65.87
74.10,74.10,75.26,72.65,66.55
67.68,67.68,87.09,74.89,64.41
65.68,65.68,86.86,70.44,60.51
72.72,72.72,85.00,60.58,60.29
74.49,74.49,85.86,64.71,58.72
75.05,75.05,85.33,69.17,59.62
73.94,73.94,84.59,71.02,57.52
72.96,72.96,85.29,65.33,59.16
70.23,70.23,87.25,58.24,61.93
69.58,69.58,86.81,59.90,62.89
68.26,68.26,86.26,63.57,61.27
69.88,69.88,85.32,57.64,60.49
69.70,69.70,88.66,65.37,60.64
68.99,68.99,85.30,61.45,62.25
67.94,67.94,84.55,63.64,66.52
66.89,66.89,83.67,70.93,69.86
67.91,67.91,77.93,72.58,70.91
68.30,68.30,77.03,75.06,70.97
67.97,67.97,72.12,80.54,67.95
64.86,64.86,64.04,82.12,67.02
67.07,67.07,57.70,81.72,66.87
67.71,67.71,61.65,84.01,66.04
69.31,69.31,74.37,80.26,67.93
69.08,69.08,73.94,85.26,67.43
69.65,69.65,68.59,81.33,67.46
70.97,70.97,66.34,84.34,65.27
71.79,71.79,64.06,82.28,62.19
70.86,70.86,59.96,83.87,60.99
70.80,70.80,57.92,81.25,62.63
69.78,69.78,64.36,83.33,63.45
64.72,64.72,65.74,83.36,65.92
66.10,66.10,68.88,82.46,65.64
68.78,68.78,69.89,84.94,65.87
67.15,67.15,64.31,79.72,62.82
68.89,68.89,63.00,85.02,60.18
69.96,69.96,67.18,79.83,58.27
67.42,67.42,83.49,80.72,59.67
66.24,66.24,88.32,74.00,59.12
70.11,70.11,85.13,65.92,60.41
74.35,74.35,85.72,61.74,62.80
72.22,72.22,87.06,56.70,64.27
70.72,70.72,86.62,52.54,61.99
68.82,68.82,85.30,56.27,63.35
69.95,69.95,85.71,56.98,66.29
74.77,74.77,79.21,62.05,70.06
73.27,73.27,79.78,65.25,68.32
73.89,73.89,74.88,67.07,68.80
72.91,72.91,76.88,72.58,66.15
73.14,73.14,68.25,73.98,67.93
74.76,74.76,60.20,73.44,66.37
73.11,73.11,68.51,74.21,66.71
73.94,73.94,74.79,73.65,67.80
73.81,73.81,72.64,74.19,69.03
70.39,70.39,69.42,72.64,66.85
72.68,72.68,65.98,73.66,66.00
71.28,71.28,65.27,72.72,64.75
71.64,71.64,66.92,74.87,64.17
69.32,69.32,67.18,74.58,67.06
65.06,65.06,66.07,78.76,70.68
69.75,69.75,62.11,81.14,72.46
68.59,68.59,61.06,84.86,73.28
71.23,71.23,56.97,84.81,71.25
68.12,68.12,58.21,83.98,69.17
67.92,67.92,66.75,85.79,70.21
70.96,70.96,72.56,80.12,67.07
69.18,69.18,87.83,82.39,63.27
65.33,65.33,87.44,75.73,62.33
63.95,63.95,84.56,68.78,61.34
66.86,66.86,86.84,69.61,63.38
65.97,65.97,86.20,67.63,60.72
67.69,67.69,85.42,64.83,61.29
64.97,64.97,86.67,73.02,66.74
66.50,66.50,80.25,68.17,70.89
59.54,59.54,76.04,76.37,68.59
56.98,56.98,72.95,75.54,68.53
60.68,60.68,69.08,76.90,66.80
58.97,58.97,55.81,80.92,67.09
59.74,59.74,57.00,80.42,67.71
59.51,59.51,61.04,82.87,65.87
64.70,64.70,74.28,83.04,69.59
69.78,69.78,73.64,83.90,72.07
70.00,70.00,70.44,83.09,69.14
63.49,63.49,68.52,86.38,71.73
64.80,64.80,66.21,81.98,71.41
63.24,63.24,62.43,83.45,72.32
63.58,63.58,60.60,86.21,69.20
64.48,64.48,65.21,78.41,75.11
58.41,58.41,66.00,85.49,76.20
61.96,61.96,62.48,81.63,76.83
58.19,58.19,56.03,82.07,72.62
58.95,58.95,55.16,84.14,69.56
58.55,58.55,60.09,82.02,68.03
58.64,58.64,66.22,81.11,64.73
61.51,61.51,78.71,84.51,65.75
61.90,61.90,86.99,69.62,65.28
68.33,68.33,86.86,70.94,63.04
70.38,70.38,86.17,75.01,62.90
71.72,71.72,84.71,73.25,61.81
73.89,73.89,85.22,74.92,60.17
74.04,74.04,86.48,56.11,61.19
74.70,74.70,82.73,69.17,63.87
74.74,74.74,75.60,69.37,69.67
72.28,72.28,67.74,72.35,69.69
72.02,72.02,67.24,73.32,67.97
71.23,71.23,63.24,71.93,67.73
69.26,69.26,58.71,74.86,65.95
70.53,70.53,61.36,82.12,64.30
71.90,71.90,74.04,84.70,67.25
74.31,74.31,83.42,79.34,68.90
76.62,76.62,82.97,83.90,71.14
76.70,76.70,81.02,81.06,69.23
74.45,74.45,78.83,79.40,66.77
70.00,70.00,76.65,82.78,64.04
66.46,66.46,72.12,82.54,63.55
69.22,69.22,67.70,77.16,64.90
71.11,71.11,65.97,86.17,69.14
72.72,72.72,58.54,80.12,67.39
70.89,70.89,58.02,83.37,65.76
71.81,71.81,58.49,85.39,66.46
72.96,72.96,60.62,78.03,65.10
72.42,72.42,64.49,86.17,61.02
69.19,69.19,69.92,82.11,58.92
69.09,69.09,86.01,80.58,65.25
67.58,67.58,88.48,78.53,64.68
71.62,71.62,85.84,74.72,64.76
72.70,72.70,84.99,74.36,62.78
70.33,70.33,84.52,68.36,62.07
68.96,68.96,87.07,68.44,65.16
65.64,65.64,85.15,66.83,67.72
64.81,64.81,82.82,66.70,70.75
61.50,61.50,81.07,66.93,71.05
62.48,62.48,70.97,62.81,71.08
60.49,60.49,70.70,73.04,72.84
59.49,59.49,66.69,76.24,71.49
59.99,59.99,59.81,78.61,70.59
58.34,58.34,59.64,80.70,69.54
58.35,58.35,72.74,79.45,69.71
58.25,58.25,74.41,81.14,69.13
58.05,58.05,71.46,78.73,70.25
57.08,57.08,67.43,81.93,69.10
57.29,57.29,65.43,79.10,68.65
55.35,55.35,62.41,81.47,65.76
52.47,52.47,59.11,78.90,66.80
53.52,53.52,58.90,82.80,69.60
56.04,56.04,54.82,79.87,69.86
55.53,55.53,49.23,82.65,70.98
57.71,57.71,50.36,78.88,70.47
61.87,61.87,53.70,82.76,67.90
65.55,65.55,59.20,78.38,64.91
64.89,64.89,66.45,83.05,64.53
64.33,64.33,79.70,75.49,67.01
68.17,68.17,86.73,79.52,66.93
68.52,68.52,85.96,72.09,67.08
66.64,66.64,86.35,67.00,67.80
64.72,64.72,84.68,66.38,66.24
68.16,68.16,86.09,65.50,65.72
63.03,63.03,87.00,59.09,67.21
59.43,59.43,82.53,57.25,69.75
77.38,77.38,84.23,58.14,71.75
74.76,74.76,78.97,66.03,71.84
76.91,76.91,76.95,70.33,72.58
77.33,77.33,61.22,66.85,71.50
76.59,76.59,58.58,75.41,72.31
75.92,75.92,57.46,79.61,72.11
75.47,75.47,63.63,80.21,70.40
76.25,76.25,74.54,80.19,73.83
74.12,74.12,72.81,80.02,73.79
73.10,73.10,68.95,80.94,74.18
73.94,73.94,65.11,81.29,70.71
73.37,73.37,64.06,80.77,68.51
73.37,73.37,64.79,81.89,68.75
77.09,77.09,65.87,81.32,68.09
76.51,76.51,65.26,82.25,70.75
74.35,74.35,61.69,78.60,71.25
76.06,76.06,60.16,84.09,73.04
74.56,74.56,56.59,85.10,73.55
77.24,77.24,58.03,82.58,70.42
78.93,78.93,66.40,84.30,72.03
77.11,77.11,67.12,83.71,71.22
75.54,75.54,84.66,81.88,69.59
79.63,79.63,86.35,75.23,68.74
76.49,76.49,85.12,66.45,67.28
73.30,73.30,84.14,62.28,62.24
64.57,64.57,84.89,66.25,62.66
60.96,60.96,87.48,62.81,61.94
62.08,62.08,83.34,67.53,65.29
62.49,62.49,82.23,59.07,67.46
64.65,64.65,70.08,70.08,70.47
66.40,66.40,72.82,70.93,70.06
68.45,68.45,66.15,71.53,68.96
70.73,70.73,61.87,77.78,67.64
69.61,69.61,55.64,84.30,65.90
63.15,63.15,61.09,84.48,66.95
62.38,62.38,70.03,82.40,71.11
63.57,63.57,71.55,85.74,74.98
64.90,64.90,69.38,81.23,73.68
63.75,63.75,66.27,85.01,72.72
64.69,64.69,63.06,86.10,73.09
64.47,64.47,60.40,83.50,72.92
63.98,63.98,58.45,85.68,72.74
64.71,64.71,55.72,82.62,72.26
67.74,67.74,51.73,85.03,74.14
65.56,65.56,45.98,84.84,74.44
69.87,69.87,47.18,85.70,73.47
66.59,66.59,53.01,83.92,73.10
66.59,66.59,61.67,83.82,71.52
63.50,63.50,67.41,84.46,69.57
63.75,63.75,78.05,82.60,66.36
61.98,61.98,87.22,80.80,67.20
65.01,65.01,86.20,76.39,66.90
66.64,66.64,85.15,61.26,66.80
68.22,68.22,84.88,65.46,66.17
68.03,68.03,87.62,65.16,68.72
68.09,68.09,85.61,63.88,70.07
67.27,67.27,84.22,57.39,69.15
66.79,66.79,83.05,69.54,73.90
66.75,66.75,78.26,69.39,76.13
66.65,66.65,78.00,72.57,74.39
65.46,65.46,72.48,72.96,73.51
62.05,62.05,70.08,76.18,73.66
64.99,64.99,60.79,74.94,72.56
70.10,70.10,63.76,76.63,73.86
68.56,68.56,75.09,79.22,74.78
69.58,69.58,73.71,79.78,74.37
70.04,70.04,70.58,76.44,73.79
73.26,73.26,67.26,78.96,76.22
74.73,74.73,64.85,79.00,74.93
75.13,75.13,65.87,79.58,72.97
74.32,74.32,67.64,78.50,71.88
72.68,72.68,80.16,73.91,70.95
72.85,72.85,87.37,68.42,69.70
72.29,72.29,87.75,62.43,66.85
73.96,73.96,85.69,65.85,67.12
73.61,73.61,85.21,69.78,68.30
72.98,72.98,86.09,69.04,66.17
71.72,71.72,87.85,69.85,66.02
66.77,66.77,84.04,67.09,73.92
63.24,63.24,81.53,70.58,75.22
61.22,61.22,75.72,70.34,73.72
59.31,59.31,76.69,74.34,71.50
60.48,60.48,76.63,73.42,69.35
59.39,59.39,69.06,74.82,66.60
57.38,57.38,56.11,74.62,65.66
58.21,58.21,49.98,73.34,69.54
60.67,60.67,47.38,74.61,70.85
57.72,57.72,44.04,76.26,72.60
60.39,60.39,45.09,75.25,71.93
59.98,59.98,44.91,72.63,69.00
59.01,59.01,47.61,72.95,68.26
56.87,56.87,49.58,74.26,65.40
61.79,61.79,49.00,74.13,67.92
59.51,59.51,44.78,74.92,68.77
59.02,59.02,44.52,76.14,68.95
60.90,60.90,42.55,75.52,65.55
59.41,59.41,44.15,73.15,64.94
60.15,60.15,43.42,74.83,64.50
55.74,55.74,41.96,75.09,62.66
55.52,55.52,47.42,74.90,70.30
55.54,55.54,47.69,74.25,77.88
52.59,52.59,43.20,73.45,75.26
54.52,54.52,44.56,75.80,72.67
59.58,59.58,49.75,75.43,70.73
63.35,63.35,51.95,74.61,68.25
70.77,70.77,53.99,74.78,71.02
68.55,68.55,47.59,74.99,70.09
69.46,69.46,41.00,74.45,72.15
70.91,70.91,38.29,72.51,71.68
68.04,68.04,34.14,73.08,69.72
70.32,70.32,36.64,74.38,70.88
70.83,70.83,35.56,74.11,70.44
64.90,64.90,34.88,75.66,68.38
65.24,65.24,37.16,76.01,69.01
68.74,68.74,46.38,75.20,70.80
69.57,69.57,48.62,74.33,71.27
68.25,68.25,46.68,76.16,71.42
67.65,67.65,43.92,76.08,69.24
69.22,69.22,45.46,74.95,69.83
65.07,65.07,50.60,73.79,69.36
64.43,64.43,50.59,75.50,71.77
67.04,67.04,49.82,72.82,78.03
66.47,66.47,55.97,75.55,78.34
64.97,64.97,56.19,73.50,74.31
65.35,65.35,54.76,75.82,71.38
61.95,61.95,52.72,75.63,67.40
58.79,58.79,47.03,75.48,69.79
57.25,57.25,50.04,73.81,67.31
57.91,57.91,51.23,75.30,71.83
58.18,58.18,48.90,69.00,70.28
57.69,57.69,48.31,76.55,72.61
57.57,57.57,50.08,74.32,69.93
57.80,57.80,51.81,75.50,66.06
58.79,58.79,54.20,76.12,65.25
60.16,60.16,52.97,73.49,64.98
65.59,65.59,47.66,75.31,68.09
63.44,63.44,46.70,72.84,67.47
65.26,65.26,47.70,75.07,70.36
61.90,61.90,46.08,73.82,68.49
61.59,61.59,39.04,75.52,66.83
60.85,60.85,33.03,76.36,66.03
61.17,61.17,35.87,73.74,67.52
59.37,59.37,34.71,73.28,69.73
61.31,61.31,38.31,69.95,71.34
60.97,60.97,38.23,62.70,71.77
63.06,63.06,38.95,60.00,70.63
62.56,62.56,39.80,58.84,70.20
59.17,59.17,39.36,58.16,70.64
60.12,60.12,36.39,58.57,70.35
61.11,61.11,36.13,61.62,74.92
62.92,62.92,40.10,69.28,78.05
60.04,60.04,36.76,75.70,76.49
55.39,55.39,36.83,74.59,73.76
55.56,55.56,36.13,74.75,73.67
53.35,53.35,34.58,75.13,70.50
52.25,52.25,34.34,75.33,71.05
61.24,61.24,37.69,68.67,72.77
56.42,56.42,43.81,72.14,78.71
57.02,57.02,50.65,76.17,79.05
56.74,56.74,48.82,74.42,75.62
56.74,56.74,46.75,75.50,73.63
63.63,63.63,49.13,75.33,72.29
60.70,60.70,49.74,76.13,71.62
56.93,56.93,49.16,74.34,70.21
54.82,54.82,53.54,75.22,74.16
55.29,55.29,54.54,72.81,74.18
56.90,56.90,50.61,75.17,70.93
55.61,55.61,47.03,73.65,71.46
53.65,53.65,38.54,75.40,69.07
53.68,53.68,31.64,75.84,71.33
53.46,53.46,32.50,74.67,72.81
55.73,55.73,36.83,75.65,74.23
56.27,56.27,38.36,73.15,73.78
54.11,54.11,35.43,76.52,71.87
54.92,54.92,37.40,75.67,72.07
55.24,55.24,41.46,75.64,71.37
52.51,52.51,47.05,76.72,73.14
57.05,57.05,47.45,74.11,72.79
67.52,67.52,46.15,74.73,78.50
68.35,68.35,43.91,75.21,76.03
66.45,66.45,47.05,73.35,76.60
63.07,63.07,43.99,77.39,73.87
63.41,63.41,35.83,76.98,70.85
65.55,65.55,37.31,75.66,70.17
63.84,63.84,38.32,75.56,69.48
64.60,64.60,37.72,72.81,70.50
62.56,62.56,39.90,76.26,69.00
60.11,60.11,39.92,73.55,69.71
57.75,57.75,40.31,75.27,73.22
56.23,56.23,42.38,76.18,71.23
57.59,57.59,44.20,74.74,73.65
58.33,58.33,47.98,72.98,73.48
55.50,55.50,41.59,78.28,76.64
51.52,51.52,34.64,71.40,78.48
58.99,58.99,34.28,75.37,79.01
65.21,65.21,31.61,73.82,76.53
65.96,65.96,27.18,74.21,74.46
59.16,59.16,22.62,74.02,72.17
57.41,57.41,25.42,75.44,69.33
60.29,60.29,27.16,75.34,70.11
66.53,66.53,30.97,76.47,72.21
62.75,62.75,31.82,77.13,71.84
65.01,65.01,34.45,77.80,69.53
66.63,66.63,38.24,78.14,70.27
71.58,71.58,43.33,78.26,67.87
73.54,73.54,46.50,75.63,71.39
71.83,71.83,43.33,75.21,71.83
75.40,75.40,38.90,70.00,74.57
72.57,72.57,36.80,64.61,79.80
65.61,65.61,32.52,59.98,79.17
61.42,61.42,31.97,60.59,78.38
61.13,61.13,28.23,59.54,76.43
61.86,61.86,25.43,60.02,74.79
63.69,63.69,33.30,54.45,73.96
61.56,61.56,39.20,70.58,78.99
62.34,62.34,39.96,74.32,79.92
65.62,65.62,38.83,73.50,79.29
67.65,67.65,39.43,74.08,78.16
63.76,63.76,41.12,74.58,74.22
61.01,61.01,45.68,75.16,72.99
61.18,61.18,41.67,75.20,70.99
62.09,62.09,31.88,76.09,71.15
63.98,63.98,28.38,76.05,73.77
56.84,56.84,25.80,75.31,72.89
59.57,59.57,26.04,75.16,72.38
58.05,58.05,26.01,76.05,72.16
60.55,60.55,27.37,76.89,72.45
57.69,57.69,28.54,74.09,73.73
60.05,60.05,26.16,74.78,75.91
61.58,61.58,26.31,72.30,78.02
62.34,62.34,27.89,65.59,79.30
60.94,60.94,27.05,62.62,77.75
57.57,57.57,26.21,60.73,79.21
57.72,57.72,27.15,59.95,81.99
57.67,57.67,24.81,57.79,74.68
61.20,61.20,25.03,67.91,78.15
61.63,61.63,26.31,77.76,78.31
62.46,62.46,26.39,77.12,79.36
60.89,60.89,28.50,69.04,74.93
59.99,59.99,33.46,75.59,74.67
56.90,56.90,32.40,77.59,72.01
56.20,56.20,25.24,77.04,69.15
65.15,65.15,24.46,76.04,71.75
65.53,65.53,26.71,76.06,71.00
63.24,63.24,29.45,74.38,71.80
68.97,68.97,33.17,76.08,72.71
71.75,71.75,39.01,77.21,72.96
67.80,67.80,43.05,76.82,69.12
60.32,60.32,43.57,75.59,66.61
61.84,61.84,34.92,70.67,68.20
66.26,66.26,27.59,71.61,73.04
64.79,64.79,23.53,57.69,74.58
61.22,61.22,26.82,56.90,73.06
63.84,63.84,30.28,60.27,75.13
64.42,64.42,28.80,57.14,73.81
58.00,58.00,35.53,54.86,73.16
60.25,60.25,35.40,57.95,72.88
59.04,59.04,34.66,54.45,73.48
59.88,59.88,38.67,50.63,74.89
62.31,62.31,34.90,41.95,76.39
60.59,60.59,30.90,48.35,74.95
63.70,63.70,31.99,46.88,75.11
66.47,66.47,25.35,49.18,75.33
64.42,64.42,22.77,52.44,76.33
65.05,65.05,28.92,68.49,79.81
64.31,64.31,30.63,70.25,78.30
67.09,67.09,30.50,67.19,81.36
65.73,65.73,28.94,70.57,78.30
63.30,63.30,28.50,72.94,78.43
66.76,66.76,30.34,70.23,78.13
66.59,66.59,32.56,67.81,78.68
65.05,65.05,40.37,68.79,79.95
63.43,63.43,42.59,75.09,78.30
62.26,62.26,46.81,74.19,76.34
58.33,58.33,46.57,72.85,78.98
57.66,57.66,42.47,74.37,77.78
54.30,54.30,33.30,75.95,72.93
51.60,51.60,26.40,75.24,72.77
55.22,55.22,29.09,73.35,78.33
55.34,55.34,32.28,75.12,77.22
52.71,52.71,36.32,72.75,77.54
55.47,55.47,35.67,70.52,77.01
56.37,56.37,31.90,72.54,79.71
55.17,55.17,28.40,72.31,79.47
55.44,55.44,22.48,68.80,79.40
53.48,53.48,27.85,70.76,80.38
51.79,51.79,36.41,73.31,80.38
52.51,52.51,43.46,73.97,80.03
52.49,52.49,46.25,72.87,79.84
49.95,49.95,44.96,73.41,78.03
50.28,50.28,38.35,74.82,74.24
49.18,49.18,28.81,74.61,72.35
51.23,51.23,43.29,68.53,76.81
55.21,55.21,51.80,74.56,76.87
55.93,55.93,56.20,75.24,76.33
54.20,54.20,55.97,72.71,76.80
52.45,52.45,51.84,71.87,76.06
55.87,55.87,43.90,72.63,76.25
58.23,58.23,34.85,72.18,76.50
55.21,55.21,43.90,64.41,77.34
54.87,54.87,55.38,73.85,80.13
57.47,57.47,58.70,70.97,77.95
53.71,53.71,60.39,72.35,76.41
52.89,52.89,59.05,73.20,79.69
52.81,52.81,55.45,74.20,80.64
53.66,53.66,50.45,73.17,75.64
59.59,59.59,44.39,75.49,74.81
63.76,63.76,46.95,75.29,76.30
60.54,60.54,48.79,74.88,75.35
55.80,55.80,47.01,76.36,74.34
55.25,55.25,43.29,75.11,71.47
53.69,53.69,40.45,75.20,73.05
51.03,51.03,37.73,75.60,72.78
51.74,51.74,35.70,74.97,71.43
52.06,52.06,37.14,75.16,73.09
51.84,51.84,37.96,75.91,72.64
51.83,51.83,37.95,76.17,74.18
51.88,51.88,36.68,74.26,72.59
49.37,49.37,33.74,74.50,69.39
48.51,48.51,28.46,75.12,69.20
50.86,50.86,27.70,75.54,66.96
50.99,50.99,36.44,74.70,67.08
49.76,49.76,38.10,75.90,69.15
48.71,48.71,37.03,75.73,71.52
46.85,46.85,39.02,74.11,72.19
47.88,47.88,39.00,74.02,72.09
46.45,46.45,36.28,74.29,71.59
51.71,51.71,32.21,73.62,73.93
55.05,55.05,35.12,72.25,79.62
54.89,54.89,36.06,73.80,82.33
49.33,49.33,33.98,73.72,78.29
47.90,47.90,31.70,72.10,76.29
44.49,44.49,30.65,73.52,74.34
48.42,48.42,32.39,73.55,72.57
47.96,47.96,30.23,74.12,72.80
48.71,48.71,32.49,73.00,73.55
49.06,49.06,39.84,73.82,73.91
48.82,48.82,33.90,74.82,75.15
47.93,47.93,28.98,74.17,72.67
50.47,50.47,29.82,73.33,69.00
47.42,47.42,26.97,74.27,68.02
39.21,39.21,26.56,74.61,66.64
44.52,44.52,29.13,72.87,70.92
49.80,49.80,36.81,75.15,73.52
50.02,50.02,35.46,76.12,72.62
43.90,43.90,34.98,76.13,73.03
42.98,42.98,30.37,74.67,71.35
45.85,45.85,25.77,75.28,72.98
45.29,45.29,27.68,74.51,72.17
58.55,58.55,40.90,75.35,76.84
59.93,59.93,52.02,75.73,79.84
54.59,54.59,56.17,73.83,78.83
49.05,49.05,53.62,73.35,74.71
46.31,46.31,50.27,75.02,72.53
47.91,47.91,53.35,74.31,73.26
47.73,47.73,50.76,75.82,71.91
49.40,49.40,44.39,76.01,74.70
53.94,53.94,45.15,76.57,78.69
55.19,55.19,53.12,72.65,79.50
54.78,54.78,53.80,74.15,77.09
58.82,58.82,51.00,73.65,74.76
56.10,56.10,45.14,73.13,73.19
59.62,59.62,41.42,74.31,71.72
55.39,55.39,41.19,74.61,68.93
48.87,48.87,40.76,76.26,67.92
47.18,47.18,41.57,76.75,66.84
44.79,44.79,43.92,74.25,67.93
45.23,45.23,39.50,74.43,66.15
46.65,46.65,35.61,73.67,69.67
44.27,44.27,32.09,75.39,69.16
49.71,49.71,32.30,74.51,67.95
48.98,48.98,33.00,72.51,69.44
49.77,49.77,34.57,65.98,72.62
50.58,50.58,33.78,60.27,73.86
52.10,52.10,33.61,52.78,74.58
53.07,53.07,29.16,58.58,75.08
50.64,50.64,25.96,54.98,74.28
49.60,49.60,34.82,57.12,73.86
50.19,50.19,41.30,69.65,79.01
50.96,50.96,48.18,73.03,77.38
51.10,51.10,50.83,74.46,76.57
47.48,47.48,44.18,75.37,75.00
45.41,45.41,39.75,76.02,70.40
44.92,44.92,39.90,75.37,71.66
42.90,42.90,36.92,72.82,70.13
45.15,45.15,37.63,74.76,75.12
47.41,47.41,49.70,72.34,79.02
47.12,47.12,49.93,76.76,76.12
53.67,53.67,40.20,75.28,73.82
56.71,56.71,44.38,72.75,76.25
55.12,55.12,47.13,74.31,74.03
55.71,55.71,46.91,75.11,70.94
61.81,61.81,40.19,76.90,70.56
66.18,66.18,38.03,76.05,72.02
65.51,65.51,48.80,74.61,72.97
69.96,69.96,52.95,75.61,73.26
71.03,71.03,50.05,73.26,71.34
71.66,71.66,41.49,73.47,70.98
74.28,74.28,33.26,75.58,67.72
77.95,77.95,37.34,75.05,70.29
80.35,80.35,42.53,76.92,71.60
77.05,77.05,45.52,76.64,74.12
70.57,70.57,44.41,75.82,74.27
73.73,73.73,42.03,73.46,71.67
79.00,79.00,39.80,73.23,72.63
77.71,77.71,40.99,75.91,74.07
65.21,65.21,45.07,76.47,75.38
60.66,60.66,50.68,74.27,77.45
64.55,64.55,53.95,77.76,76.13
71.09,71.09,52.10,75.04,74.72
67.12,67.12,48.19,76.86,70.67
61.16,61.16,44.89,76.31,72.19
63.84,63.84,35.84,77.82,76.31
66.85,66.85,33.89,77.38,77.58
67.49,67.49,40.17,74.78,75.43
61.98,61.98,39.86,74.10,74.36
60.49,60.49,43.04,72.69,73.76
68.94,68.94,32.34,73.96,73.64
72.68,72.68,35.49,75.23,75.75
72.25,72.25,36.76,73.91,74.33
68.35,68.35,42.29,77.17,74.84
65.33,65.33,41.33,74.04,80.24
62.14,62.14,36.68,75.00,78.05
62.87,62.87,35.96,74.48,77.13
62.34,62.34,33.80,73.83,75.93
53.40,53.40,32.69,73.38,72.01
51.63,51.63,30.18,75.46,69.93
49.27,49.27,34.95,76.14,66.28
52.07,52.07,34.36,75.62,67.70
51.72,51.72,39.65,75.49,66.78
48.15,48.15,32.71,75.25,67.03
47.82,47.82,26.22,75.97,67.24
52.23,52.23,28.62,76.02,65.81
54.32,54.32,30.97,76.04,69.35
54.21,54.21,30.13,75.78,69.69
53.95,53.95,36.27,76.97,70.12
54.01,54.01,37.98,77.28,70.22
53.10,53.10,35.97,77.75,71.99
52.99,52.99,35.54,77.37,70.86
52.39,52.39,36.94,77.04,71.50
52.74,52.74,37.32,77.54,70.38
52.58,52.58,31.83,76.41,69.60
55.33,55.33,28.46,74.50,73.41
54.17,54.17,27.90,73.19,76.03
53.39,53.39,22.52,67.31,75.89
49.55,49.55,23.33,60.41,73.90
44.40,44.40,27.03,60.83,72.58
45.06,45.06,28.06,59.29,71.54
45.12,45.12,25.09,59.05,69.88
43.96,43.96,27.32,65.15,74.51
45.46,45.46,37.21,76.34,78.34
43.73,43.73,43.53,75.58,76.85
41.92,41.92,46.44,75.18,72.99
43.94,43.94,48.12,74.30,71.86
44.94,44.94,44.83,76.16,71.34
42.74,42.74,38.43,74.01,69.02
43.06,43.06,45.04,69.59,66.94
45.78,45.78,52.64,73.16,77.88
47.82,47.82,55.22,72.75,73.79
50.20,50.20,56.63,70.27,73.46
49.43,49.43,55.78,73.09,72.65
45.81,45.81,52.95,74.16,71.13
40.70,40.70,46.40,70.32,72.33
40.19,40.19,52.06,74.13,74.43
41.06,41.06,55.83,73.31,78.21
39.74,39.74,55.11,73.28,75.94
40.94,40.94,55.35,71.83,74.94
39.55,39.55,56.56,69.90,74.03
40.29,40.29,53.39,74.81,72.61
43.15,43.15,41.21,73.13,74.51
41.18,41.18,51.11,69.06,72.89
43.08,43.08,62.67,69.65,76.29
43.70,43.70,66.67,74.64,76.14
46.67,46.67,67.27,75.36,77.13
48.77,48.77,65.54,73.86,74.12
53.66,53.66,62.93,76.43,76.54
51.48,51.48,58.40,77.44,75.89
48.08,48.08,53.02,76.93,73.36
41.80,41.80,52.45,76.45,70.17
40.50,40.50,53.31,75.61,70.66
39.21,39.21,50.07,74.16,68.91
37.89,37.89,44.90,73.65,69.31
38.68,38.68,42.10,77.98,67.32
41.34,41.34,34.23,77.58,68.55
40.98,40.98,27.13,77.61,66.24
39.36,39.36,25.13,73.74,68.34
38.79,38.79,26.77,75.81,71.46
40.68,40.68,31.72,68.61,71.07
41.50,41.50,33.79,62.32,72.33
39.71,39.71,32.90,61.12,72.22
37.21,37.21,35.22,60.82,70.59
33.68,33.68,47.52,58.56,69.90
37.16,37.16,58.77,71.21,76.23
36.26,36.26,63.31,74.06,75.99
31.98,31.98,65.35,75.39,73.56
27.85,27.85,65.28,74.81,72.29
28.63,28.63,62.69,74.31,69.11
28.63,28.63,58.09,76.92,69.60
27.18,27.18,52.43,77.13,71.84
28.53,28.53,49.68,76.30,70.25
28.23,28.23,49.65,76.10,73.24
31.03,31.03,46.35,75.01,73.36
30.62,30.62,41.85,75.09,73.41
31.95,31.95,39.35,77.01,71.12
35.63,35.63,38.28,76.78,72.20
36.74,36.74,37.00,75.87,69.64
40.36,40.36,34.54,76.12,70.87
37.96,37.96,34.09,74.39,71.57
38.88,38.88,33.39,78.46,71.37
41.77,41.77,33.15,78.79,72.90
42.27,42.27,32.17,77.45,74.32
40.21,40.21,30.80,74.87,72.37
36.79,36.79,34.74,76.18,70.95
40.48,40.48,40.44,77.24,71.69
40.42,40.42,46.29,73.79,76.63
41.99,41.99,44.21,73.16,76.28
46.96,46.96,40.06,74.53,75.58
49.94,49.94,42.38,73.38,75.89
55.34,55.34,41.39,75.19,74.37
54.67,54.67,37.93,72.83,73.24
58.95,58.95,34.48,73.26,74.73
56.72,56.72,41.24,72.34,76.88
52.99,52.99,42.30,75.02,76.32
51.01,51.01,37.88,75.70,78.04
51.09,51.09,34.82,75.93,77.23
49.27,49.27,34.02,75.29,74.83
49.59,49.59,33.82,69.80,75.11
51.56,51.56,34.60,72.67,74.70
50.91,50.91,33.78,78.33,77.92
47.32,47.32,33.24,73.74,79.87
46.89,46.89,37.04,74.06,78.88
48.50,48.50,45.77,77.16,77.89
48.36,48.36,52.59,76.73,77.36
47.99,47.99,55.52,76.23,77.20
49.64,49.64,63.95,73.90,77.93
52.27,52.27,81.41,73.42,78.08
52.24,52.24,87.14,58.23,76.65
53.12,53.12,86.23,53.97,79.72
62.28,62.28,85.96,57.62,81.90
60.64,60.64,84.67,60.41,81.10
53.76,53.76,86.26,61.08,76.32
52.28,52.28,87.72,63.79,76.65
55.31,55.31,82.92,65.64,79.57
51.22,51.22,81.81,70.35,79.32
50.48,50.48,77.29,71.97,78.19
50.32,50.32,75.74,73.33,74.59
50.90,50.90,77.35,74.17,73.78
46.08,46.08,69.45,74.61,72.95
45.77,45.77,48.21,72.93,69.52
47.29,47.29,40.43,73.27,69.05
45.15,45.15,38.61,74.19,68.21
43.69,43.69,32.17,73.80,66.87
47.51,47.51,28.19,75.44,70.41
43.87,43.87,31.95,75.55,69.77
43.03,43.03,33.11,74.94,70.65
44.56,44.56,29.82,73.78,70.95
48.37,48.37,30.22,75.57,73.10
42.88,42.88,32.63,72.31,79.41
43.23,43.23,33.35,74.05,80.83
51.81,51.81,32.69,73.54,79.38
57.29,57.29,36.12,74.42,73.68
59.08,59.08,53.84,74.62,76.49
55.68,55.68,65.51,74.39,82.01
45.49,45.49,70.44,71.89,79.67
45.02,45.02,86.49,70.03,77.20
47.65,47.65,88.24,66.45,71.96
51.83,51.83,86.71,61.00,74.19
52.15,52.15,85.72,60.73,69.71
50.46,50.46,85.82,62.92,71.41
46.27,46.27,87.60,62.44,70.38
49.41,49.41,85.61,65.71,73.80
46.69,46.69,82.32,72.19,75.13
44.22,44.22,80.70,75.28,71.17
46.01,46.01,76.05,74.84,71.02
46.13,46.13,77.97,75.26,71.03
43.32,43.32,71.87,75.25,72.30
46.96,46.96,65.56,75.54,74.86
45.56,45.56,49.04,75.01,78.57
46.50,46.50,49.34,73.78,81.55
46.41,46.41,51.55,74.38,81.44
44.51,44.51,51.51,75.45,82.57
44.22,44.22,48.26,74.72,79.41
44.42,44.42,43.32,76.23,76.83
46.78,46.78,38.55,74.41,74.84
44.47,44.47,33.91,74.67,74.39
40.00,40.00,36.34,73.40,77.16
36.48,36.48,36.71,73.83,74.67
38.25,38.25,35.89,74.46,73.29
39.43,39.43,35.34,74.86,74.09
38.11,38.11,42.10,75.16,70.92
39.61,39.61,52.81,72.90,69.92
36.92,36.92,60.03,72.96,70.66
35.67,35.67,75.43,69.25,69.83
30.90,30.90,88.38,68.54,67.51
34.61,34.61,86.65,63.59,66.60
41.36,41.36,85.77,64.33,68.05
41.19,41.19,84.64,64.46,66.51
43.16,43.16,86.51,67.07,66.75
39.44,39.44,87.12,66.53,67.25
38.48,38.48,83.14,63.63,67.79
38.81,38.81,83.30,57.67,68.02
39.28,39.28,75.87,61.27,70.68
43.43,43.43,80.24,57.20,73.82
40.29,40.29,76.91,61.21,71.13
36.70,36.70,74.01,60.18,71.52
29.76,29.76,63.23,59.95,73.13
32.83,32.83,59.34,60.98,73.87
36.16,36.16,50.01,69.47,78.34
39.16,39.16,41.47,76.76,76.95
40.32,40.32,34.97,73.17,75.51
42.48,42.48,33.97,75.70,73.61
47.11,47.11,31.82,74.57,73.40
51.25,51.25,34.27,73.84,73.17
48.70,48.70,36.39,69.31,73.26
36.90,36.90,52.88,72.02,79.34
36.39,36.39,55.22,75.84,77.24
39.25,39.25,57.14,76.37,75.98
37.21,37.21,55.00,73.89,74.03
36.40,36.40,54.35,75.95,72.17
34.88,34.88,61.48,74.13,74.30
33.43,33.43,68.84,69.20,72.92
39.16,39.16,86.38,65.88,70.97
39.78,39.78,87.31,59.89,70.83
42.36,42.36,86.13,55.64,72.48
45.67,45.67,86.21,62.50,74.11
45.43,45.43,86.44,63.53,72.44
43.72,43.72,88.86,65.73,73.56
42.92,42.92,84.72,67.06,72.25
43.06,43.06,84.92,70.45,74.09
43.25,43.25,78.63,75.33,76.23
40.84,40.84,73.57,73.95,77.73
41.19,41.19,72.14,75.32,76.31
40.42,40.42,70.15,74.12,74.22
39.92,39.92,60.34,75.78,72.90
35.59,35.59,50.11,74.09,74.74
36.94,36.94,55.36,74.85,78.63
41.84,41.84,55.86,75.00,79.23
43.87,43.87,53.17,74.55,78.39
45.07,45.07,46.36,76.74,75.49
45.55,45.55,40.72,74.60,77.06
48.48,48.48,34.17,75.53,76.61
46.98,46.98,30.90,74.60,74.01
48.95,48.95,32.34,75.64,74.83
52.49,52.49,29.47,73.75,77.65
48.57,48.57,29.09,75.15,74.99
47.16,47.16,31.38,75.85,76.86
44.69,44.69,46.14,74.25,75.60
46.49,46.49,59.72,75.01,76.52
41.55,41.55,66.85,69.07,73.31
38.42,38.42,77.44,73.84,70.50
40.04,40.04,86.81,63.50,69.52
42.23,42.23,86.75,50.12,70.06
41.51,41.51,86.22,52.12,71.47
40.77,40.77,85.67,57.06,69.84
39.35,39.35,88.17,61.48,68.87
39.41,39.41,85.51,64.00,70.77
40.99,40.99,85.05,69.67,70.25
40.45,40.45,84.20,73.11,72.57
41.49,41.49,77.64,74.58,73.81
48.24,48.24,76.51,74.62,72.63
55.26,55.26,72.29,76.04,72.25
56.28,56.28,72.99,76.79,72.17
55.04,55.04,60.86,76.84,72.41
55.06,55.06,41.35,70.83,73.55
58.56,58.56,38.46,72.64,73.53
67.78,67.78,39.26,67.11,73.31
67.87,67.87,37.12,61.70,72.83
68.29,68.29,35.75,59.07,74.19
69.83,69.83,33.77,59.75,75.43
67.41,67.41,35.44,60.64,76.75
69.00,69.00,31.84,59.49,77.94
61.15,61.15,36.07,68.87,76.79
63.98,63.98,33.92,72.89,78.69
64.12,64.12,29.15,73.33,77.76
63.85,63.85,35.53,73.73,75.44
62.06,62.06,45.71,73.65,75.36
58.92,58.92,54.93,73.24,71.61
56.33,56.33,59.37,72.98,68.10
58.10,58.10,82.85,73.32,69.93
62.62,62.62,88.39,71.50,69.67
62.63,62.63,85.39,67.95,68.71
59.69,59.69,86.21,68.41,67.07
58.86,58.86,87.97,70.29,70.53
58.29,58.29,86.76,68.55,70.60
59.13,59.13,84.58,68.21,72.73
61.96,61.96,84.94,61.43,73.62
61.63,61.63,78.34,64.11,74.23
59.37,59.37,79.67,62.52,74.45
56.97,56.97,76.74,64.01,72.16
53.38,53.38,77.15,60.74,72.45
53.63,53.63,65.31,61.70,71.07
55.39,55.39,59.78,61.62,74.27
55.15,55.15,53.72,66.83,77.56
59.72,59.72,57.47,73.91,78.04
63.51,63.51,59.53,76.46,78.62
63.35,63.35,59.16,75.60,76.60
60.40,60.40,56.10,74.53,75.57
59.65,59.65,51.21,76.97,78.77
62.14,62.14,45.08,77.47,81.35
58.03,58.03,40.34,76.96,79.05
54.51,54.51,37.35,74.65,73.68
54.65,54.65,33.93,74.81,73.61
51.79,51.79,28.98,76.26,71.97
52.80,52.80,37.14,77.58,73.02
51.57,51.57,48.78,76.82,72.03
47.54,47.54,58.72,75.08,70.78
46.24,46.24,68.39,70.58,70.26
46.32,46.32,87.81,69.48,67.08
49.44,49.44,87.94,66.23,68.11
53.85,53.85,85.05,53.41,70.93
55.28,55.28,87.38,55.46,71.85
53.29,53.29,86.61,48.64,69.43
52.63,52.63,86.06,51.19,70.35
52.69,52.69,87.14,48.28,70.94
54.17,54.17,82.35,45.55,71.35
56.04,56.04,79.53,48.03,72.59
58.61,58.61,76.94,44.01,72.42
60.16,60.16,78.43,44.66,72.84
64.56,64.56,73.94,43.93,72.32
62.52,62.52,58.97,44.23,72.25
64.22,64.22,42.30,50.77,70.45
69.60,69.60,31.34,68.15,77.02
68.38,68.38,32.28,74.01,75.37
70.14,70.14,28.87,68.82,73.48
70.50,70.50,26.19,73.09,73.00
72.07,72.07,28.46,70.98,72.55
69.42,69.42,32.10,70.33,75.47
69.54,69.54,39.40,71.13,75.89
68.11,68.11,46.92,66.34,78.45
63.31,63.31,40.33,72.94,78.74
64.95,64.95,43.99,74.07,77.33
65.85,65.85,44.81,73.24,75.43
66.81,66.81,46.22,73.64,73.84
68.49,68.49,61.36,75.77,74.68
63.77,63.77,63.01,73.55,74.05
61.44,61.44,78.60,64.43,73.22
61.66,61.66,87.91,70.31,69.90
60.66,60.66,87.32,59.30,69.04
59.97,59.97,86.21,53.09,68.86
63.38,63.38,85.89,57.97,69.19
57.67,57.67,86.68,65.57,69.35
56.66,56.66,88.25,65.32,68.79
54.43,54.43,84.41,64.57,70.37
54.41,54.41,81.87,68.48,76.61
55.37,55.37,77.36,72.15,75.13
55.34,55.34,75.89,73.66,73.08
56.51,56.51,76.79,73.00,71.47
55.51,55.51,59.81,76.65,71.77
55.95,55.95,45.20,73.76,68.80
60.85,60.85,36.43,69.06,74.65
59.65,59.65,29.93,74.92,77.28
64.59,64.59,29.79,72.83,75.57
72.04,72.04,32.62,69.78,75.99
74.97,74.97,37.63,73.33,74.52
75.47,75.47,48.46,74.16,72.80
74.17,74.17,60.57,72.19,73.66
71.75,71.75,64.93,64.58,73.47
75.93,75.93,86.62,69.62,73.49
76.44,76.44,87.72,54.43,72.91
69.59,69.59,85.28,50.20,72.09
66.70,66.70,85.86,57.66,72.09
67.71,67.71,86.35,59.17,70.16
71.01,71.01,88.56,61.89,71.80
67.39,67.39,84.69,59.20,70.23
69.92,69.92,87.79,59.43,67.68
76.61,76.61,87.32,61.07,65.46
77.95,77.95,87.16,59.01,65.78
77.34,77.34,85.80,64.60,66.15
77.23,77.23,85.11,67.88,69.06
71.55,71.55,87.67,66.72,67.19
68.90,68.90,85.31,64.91,66.02
64.06,64.06,82.79,73.44,65.21
61.27,61.27,80.23,73.99,64.81
58.53,58.53,76.41,75.34,65.57
54.96,54.96,78.47,75.69,64.40
56.74,56.74,71.91,73.73,65.18
56.39,56.39,66.55,73.37,65.10
54.59,54.59,47.56,72.97,67.60
55.58,55.58,48.55,74.05,68.19
56.56,56.56,44.59,73.68,69.28
56.50,56.50,42.49,73.86,70.53
59.01,59.01,41.16,74.84,69.86
62.63,62.63,40.60,74.14,70.50
59.12,59.12,38.00,72.97,70.04
60.49,60.49,34.63,74.65,71.58
69.56,69.56,34.82,74.18,77.27
73.02,73.02,35.80,72.90,80.49
70.40,70.40,35.84,72.49,76.47
68.64,68.64,34.55,74.14,72.49
70.89,70.89,42.71,74.45,72.57
67.94,67.94,57.74,72.32,70.99
65.26,65.26,67.77,69.20,69.23
64.26,64.26,80.06,67.78,68.89
61.46,61.46,87.79,64.21,67.21
57.96,57.96,86.85,62.70,66.26
61.81,61.81,86.87,64.46,66.13
61.81,61.81,85.73,63.32,67.41
55.78,55.78,86.87,63.22,65.30
57.44,57.44,87.49,63.84,66.70
56.96,56.96,83.66,69.86,67.27
58.18,58.18,84.01,74.92,70.00
58.39,58.39,76.27,74.02,71.70
60.12,60.12,78.36,71.96,73.28
55.87,55.87,75.01,75.31,72.89
56.55,56.55,71.96,73.82,73.15
56.79,56.79,55.84,73.17,73.80
66.31,66.31,52.71,74.85,75.29
68.02,68.02,59.90,75.06,76.89
68.09,68.09,60.09,73.97,75.16
70.46,70.46,57.42,73.47,73.50
75.99,75.99,53.70,75.56,71.80
70.10,70.10,50.62,73.81,69.38
64.38,64.38,45.80,77.32,71.45
70.86,70.86,36.32,74.66,72.20
73.32,73.32,37.54,74.63,74.08
71.59,71.59,33.43,73.34,74.46
67.94,67.94,32.58,73.83,73.31
64.73,64.73,37.32,73.53,69.59
65.02,65.02,48.61,75.34,67.90
67.14,67.14,54.64,72.80,69.01
69.84,69.84,64.27,74.64,66.90
69.18,69.18,86.67,72.58,65.78
67.75,67.75,87.33,64.59,65.39
66.75,66.75,86.03,62.95,64.56
65.50,65.50,85.14,63.60,64.34
64.46,64.46,85.61,66.02,64.85
64.66,64.66,88.26,66.28,64.58
62.59,62.59,83.88,65.60,67.50
68.65,68.65,85.16,62.08,69.75
60.02,60.02,77.84,56.65,72.43
63.92,63.92,79.37,53.52,71.15
66.44,66.44,77.55,54.45,70.95
68.05,68.05,76.85,51.47,73.30
66.90,66.90,69.62,59.68,72.67
62.45,62.45,57.79,58.21,73.96
61.83,61.83,63.26,68.23,76.96
60.21,60.21,55.90,74.02,76.60
58.33,58.33,44.05,73.58,74.53
57.95,57.95,37.38,74.08,72.27
60.11,60.11,42.31,75.12,70.62
57.06,57.06,38.84,75.61,70.79
55.44,55.44,51.88,73.56,69.66
56.39,56.39,58.74,76.97,72.77
55.95,55.95,66.22,70.13,75.97
57.35,57.35,62.26,76.23,74.99
58.50,58.50,57.66,75.16,71.13
59.03,59.03,54.19,75.90,72.17
59.82,59.82,58.10,71.98,71.48
58.89,58.89,66.49,73.45,70.78
62.13,62.13,77.54,69.96,71.98
62.92,62.92,88.14,60.44,68.15
63.83,63.83,86.51,55.13,66.69
65.63,65.63,86.41,53.96,64.79
71.31,71.31,85.74,61.61,65.22
72.49,72.49,88.76,62.86,64.58
75.70,75.70,85.93,67.58,63.60
75.45,75.45,84.71,69.16,62.28
69.66,69.66,84.57,73.16,63.55
72.26,72.26,73.33,72.57,61.31
76.89,76.89,73.89,74.73,64.67
78.70,78.70,69.32,73.11,64.91
74.13,74.13,65.89,74.68,64.67
72.72,72.72,59.24,74.33,66.90
71.21,71.21,55.81,77.41,70.53
68.26,68.26,70.81,71.20,74.30
64.86,64.86,68.96,76.13,73.16
67.32,67.32,64.29,75.09,71.64
65.72,65.72,59.16,75.25,69.21
69.11,69.11,54.73,76.74,70.16
71.49,71.49,48.89,76.71,68.61
72.02,72.02,40.68,75.51,71.15
69.25,69.25,35.32,72.50,70.84
66.74,66.74,34.50,73.54,72.25
65.19,65.19,32.32,73.03,75.39
67.44,67.44,37.84,73.84,74.68
69.10,69.10,52.89,74.54,72.89
69.59,69.59,61.55,75.03,71.98
68.61,68.61,68.53,72.53,70.24
64.86,64.86,84.61,71.95,72.32
64.03,64.03,87.92,61.07,69.39
63.23,63.23,85.71,48.28,66.41
63.79,63.79,86.04,53.82,63.78
66.32,66.32,87.79,60.23,65.29
64.10,64.10,86.35,61.12,63.58
57.76,57.76,84.89,66.37,60.37
57.63,57.63,86.36,70.94,61.83
57.12,57.12,80.56,74.02,61.36
57.40,57.40,78.10,74.28,61.09
58.15,58.15,72.89,74.98,62.15
58.38,58.38,76.41,75.47,62.50
59.06,59.06,68.71,76.57,64.66
61.16,61.16,55.98,77.13,66.72
62.39,62.39,43.97,77.41,68.51
65.09,65.09,44.07,76.80,68.37
65.03,65.03,42.91,76.93,68.11
64.85,64.85,42.73,76.45,67.67
63.03,63.03,43.58,76.32,68.52
61.01,61.01,43.77,76.53,66.03
63.31,63.31,40.85,76.59,68.02
64.79,64.79,39.36,77.19,70.77
63.76,63.76,38.48,71.90,72.57
61.32,61.32,35.32,67.52,71.57
62.56,62.56,34.02,59.43,70.75
65.45,65.45,42.31,56.81,69.41
65.67,65.67,51.72,57.73,71.49
64.49,64.49,59.76,52.84,68.47
61.44,61.44,68.49,54.77,66.44
54.59,54.59,85.63,56.10,62.86
56.90,56.90,87.06,28.96,67.06
56.38,56.38,84.94,40.75,65.85
54.34,54.34,87.33,55.09,64.64
55.20,55.20,86.59,56.52,65.50
52.65,52.65,86.20,57.04,63.55
52.46,52.46,87.15,57.86,64.45
58.99,58.99,82.61,65.78,71.51
63.46,63.46,79.59,71.21,73.97
61.09,61.09,73.78,71.91,69.72
60.61,60.61,74.68,73.08,69.25
58.43,58.43,67.53,75.60,68.02
56.06,56.06,57.10,72.15,65.57
56.36,56.36,52.23,73.86,68.50
56.52,56.52,66.63,71.02,72.79
59.72,59.72,66.39,72.71,70.83
60.65,60.65,63.24,71.28,70.71
62.02,62.02,58.56,73.83,68.62
61.94,61.94,52.26,74.13,69.23
60.55,60.55,44.49,71.84,67.38
59.79,59.79,51.46,73.62,67.95
60.68,60.68,66.15,68.20,69.48
64.39,64.39,70.03,73.17,69.16
66.47,66.47,67.49,73.90,71.57
66.49,66.49,62.76,75.40,70.55
68.03,68.03,59.21,77.47,71.23
67.31,67.31,59.37,76.71,71.22
64.25,64.25,65.87,73.47,69.43
64.40,64.40,79.45,65.78,68.03
63.67,63.67,86.54,68.76,67.78
63.22,63.22,87.30,62.73,66.54
64.24,64.24,86.28,62.81,71.07
62.90,62.90,84.87,67.79,68.27
61.49,61.49,86.05,66.34,63.31
59.38,59.38,87.51,70.64,62.21
60.47,60.47,83.28,71.90,61.88
69.92,69.92,81.95,61.51,65.68
68.20,68.20,77.97,63.66,65.14
67.39,67.39,78.78,61.24,66.52
62.61,62.61,79.21,61.95,65.63
62.00,62.00,70.36,59.19,66.42
64.73,64.73,56.76,61.66,70.44
59.68,59.68,55.51,67.85,73.43
53.62,53.62,55.90,74.31,75.40
52.15,52.15,56.69,75.97,72.74
53.41,53.41,53.71,73.97,70.06
55.57,55.57,48.39,76.52,67.04
56.28,56.28,43.26,77.31,65.25
54.44,54.44,42.29,76.61,63.12
53.18,53.18,40.74,74.46,64.26
54.04,54.04,39.83,75.47,68.50
55.23,55.23,38.88,76.27,69.14
58.14,58.14,39.91,76.91,71.22
56.01,56.01,42.11,77.25,69.44
57.51,57.51,45.95,76.94,68.54
54.73,54.73,54.53,75.96,65.75
52.98,52.98,61.79,73.24,64.68
55.19,55.19,87.28,70.43,64.50
56.17,56.17,87.72,69.92,62.52
57.51,57.51,87.26,67.00,61.21
59.24,59.24,85.46,64.72,62.40
57.90,57.90,85.98,66.45,61.10
55.23,55.23,88.38,69.60,60.58
55.77,55.77,84.87,70.66,62.36
63.14,63.14,83.18,72.41,73.17
60.72,60.72,80.53,73.68,76.25
60.86,60.86,77.33,73.25,72.98
62.22,62.22,79.04,75.10,71.99
64.39,64.39,72.24,73.67,72.95
62.66,62.66,54.85,75.38,71.31
63.38,63.38,43.15,73.92,69.03
64.16,64.16,41.44,74.98,68.78
65.55,65.55,41.23,74.43,69.32
67.51,67.51,37.92,73.32,70.61
67.71,67.71,35.84,73.52,71.00
67.44,67.44,41.98,72.10,71.17
68.13,68.13,54.18,73.16,71.65
68.03,68.03,62.20,74.92,72.47
66.43,66.43,72.26,74.35,71.78
64.88,64.88,86.84,69.81,71.14
63.85,63.85,88.39,56.10,70.00
63.31,63.31,86.42,59.96,68.80
64.19,64.19,86.18,59.09,67.83
64.63,64.63,88.66,62.57,67.83
64.36,64.36,85.98,62.21,66.83
67.20,67.20,84.89,53.78,67.89
68.53,68.53,86.99,50.23,69.17
64.18,64.18,85.90,55.19,68.20
59.36,59.36,86.41,55.82,67.56
60.42,60.42,84.57,60.11,65.96
64.24,64.24,87.56,61.56,66.82
66.30,66.30,87.34,64.90,67.63
68.32,68.32,82.90,64.85,69.00
69.00,69.00,83.47,72.32,71.41
67.33,67.33,77.14,74.55,70.61
61.97,61.97,78.04,74.15,68.76
57.73,57.73,74.58,72.91,67.17
56.69,56.69,73.98,75.29,65.18
55.35,55.35,52.97,75.39,62.04
55.35,55.35,45.71,73.91,60.88
56.12,56.12,47.15,75.18,63.87
54.58,54.58,37.87,75.11,63.24
55.78,55.78,38.81,76.40,64.56
56.92,56.92,39.14,74.90,65.76
55.63,55.63,41.68,75.65,66.74
53.88,53.88,41.40,75.52,68.68
59.86,59.86,41.44,75.54,71.11
65.44,65.44,42.67,73.05,78.25
66.40,66.40,41.57,73.17,78.55
63.84,63.84,39.68,73.11,75.96
61.02,61.02,39.35,74.26,74.19
60.36,60.36,51.69,72.63,72.43
67.01,67.01,63.11,74.32,72.61
68.12,68.12,70.48,73.64,74.29
64.57,64.57,86.20,69.72,71.59
64.41,64.41,87.47,66.04,71.05
61.90,61.90,86.23,64.92,68.01
60.99,60.99,86.26,63.55,67.52
62.70,62.70,86.31,61.31,68.30
59.59,59.59,88.37,62.30,67.48
58.05,58.05,84.40,65.70,68.51
54.24,54.24,85.34,69.29,71.12
53.76,53.76,78.51,72.28,71.75
55.44,55.44,78.68,73.22,70.40
56.58,56.58,75.90,73.81,68.55
55.96,55.96,75.48,75.11,72.10
54.12,54.12,65.24,73.81,69.93
60.46,60.46,57.78,74.74,71.22
67.97,67.97,68.72,73.35,75.21
69.44,69.44,67.59,78.76,77.22
72.04,72.04,63.64,73.23,76.95
72.98,72.98,59.26,74.02,75.14
70.74,70.74,56.07,75.20,73.46
70.43,70.43,52.67,74.37,73.78
71.46,71.46,48.32,74.51,74.61
71.37,71.37,56.68,75.28,75.19
70.12,70.12,59.58,72.06,75.72
68.90,68.90,56.04,75.50,74.45
65.93,65.93,46.59,75.27,71.36
61.09,61.09,44.81,73.02,69.32
56.48,56.48,49.75,73.96,67.91
53.20,53.20,54.48,72.28,68.93
53.52,53.52,72.30,71.37,70.18
52.79,52.79,88.00,68.89,67.69
51.10,51.10,86.92,66.35,68.67
54.21,54.21,85.71,61.84,67.25
55.34,55.34,85.07,64.53,67.29
55.73,55.73,87.86,65.25,67.00
53.55,53.55,85.34,66.47,65.47
61.59,61.59,84.83,65.59,69.60
60.61,60.61,83.06,57.63,71.38
56.23,56.23,78.85,56.73,73.57
57.59,57.59,78.40,61.55,71.69
61.10,61.10,76.89,59.59,71.44
64.34,64.34,76.26,58.19,73.57
61.49,61.49,63.84,59.39,73.75
58.40,58.40,59.27,59.52,74.94
63.12,63.12,54.50,70.93,77.71
63.24,63.24,53.24,72.35,76.26
61.44,61.44,50.35,75.72,76.45
55.78,55.78,47.15,74.93,75.70
54.32,54.32,45.30,75.80,70.73
51.09,51.09,42.90,74.81,69.70
50.16,50.16,49.50,73.14,74.17
49.85,49.85,67.23,71.63,76.46
52.51,52.51,69.44,74.99,75.34
50.62,50.62,67.80,75.34,73.14
52.39,52.39,63.93,75.97,71.48
49.96,49.96,61.45,73.43,71.67
48.06,48.06,59.76,75.62,70.29
51.88,51.88,64.32,69.77,69.90
60.77,60.77,83.84,67.98,70.77
66.44,66.44,87.91,63.88,70.74
69.88,69.88,84.81,58.81,68.68
70.38,70.38,86.15,58.77,69.01
73.45,73.45,88.21,63.06,68.16
74.48,74.48,87.00,65.66,67.96
74.93,74.93,85.35,66.49,69.15
73.31,73.31,86.62,70.71,67.67
71.71,71.71,78.65,74.64,71.29
68.62,68.62,75.73,75.99,71.56
68.35,68.35,71.48,74.13,72.17
74.42,74.42,71.18,75.39,73.27
75.09,75.09,62.51,73.84,71.45
71.13,71.13,57.90,75.85,71.25
62.26,62.26,71.35,76.32,74.79
55.60,55.60,76.66,71.78,74.10
54.89,54.89,70.91,76.29,71.18
57.15,57.15,64.31,70.98,71.74
58.93,58.93,60.41,74.78,72.61
53.94,53.94,55.77,73.07,70.48
49.90,49.90,51.57,75.75,70.33
51.79,51.79,46.02,74.50,69.74
63.62,63.62,43.33,75.81,73.31
67.95,67.95,39.51,75.82,69.24
65.29,65.29,37.86,73.30,70.61
64.89,64.89,40.49,74.17,69.97
68.47,68.47,56.95,73.69,73.25
66.49,66.49,65.57,71.29,70.99
64.51,64.51,71.99,74.58,71.03
73.81,73.81,87.29,70.28,70.87
72.62,72.62,87.23,55.70,66.06
77.88,77.88,84.27,51.12,65.96
78.69,78.69,87.03,57.07,66.19
76.91,76.91,85.74,60.33,67.15
75.06,75.06,85.48,63.21,69.49
82.15,82.15,86.31,68.23,67.72
80.15,80.15,82.19,73.94,66.55
71.63,71.63,80.69,76.43,69.85
75.11,75.11,73.96,76.98,69.30
78.89,78.89,75.07,76.36,68.87
79.95,79.95,70.68,76.72,68.70
76.98,76.98,65.39,76.38,68.99
78.94,78.94,54.63,72.09,66.85
80.35,80.35,68.09,72.12,70.28
79.23,79.23,67.03,70.30,70.38
82.75,82.75,64.01,58.50,73.36
78.69,78.69,60.14,59.78,73.89
77.47,77.47,56.05,58.55,70.10
79.74,79.74,53.23,58.86,72.48
75.24,75.24,51.45,54.89,71.54
74.54,74.54,66.87,64.27,75.42
74.39,74.39,69.56,74.28,75.45
77.16,77.16,65.22,72.88,72.48
79.18,79.18,60.67,74.60,72.54
76.53,76.53,56.71,74.64,71.26
76.23,76.23,60.15,74.32,69.18
76.40,76.40,63.94,73.47,65.95
73.03,73.03,79.68,72.44,64.86
71.59,71.59,87.00,69.94,64.41
72.66,72.66,87.83,67.27,66.30
72.45,72.45,85.79,67.68,66.25
74.95,74.95,85.86,69.92,67.74
74.16,74.16,86.02,68.04,67.63
75.53,75.53,87.29,68.07,69.10
77.05,77.05,82.90,63.41,66.86
75.53,75.53,81.61,63.04,69.71
72.89,72.89,76.91,60.17,69.71
78.95,78.95,76.75,58.44,68.55
81.07,81.07,77.49,57.56,68.15
72.60,72.60,69.43,59.69,66.50
71.17,71.17,58.48,58.88,66.48
77.58,77.58,70.46,63.22,72.73
75.48,75.48,77.62,73.15,72.05
71.29,71.29,76.51,75.13,71.84
71.46,71.46,75.10,77.63,73.46
71.98,71.98,68.15,77.74,74.42
72.03,72.03,61.27,77.59,73.44
77.16,77.16,57.61,76.69,74.85
78.47,78.47,56.36,73.73,72.35
73.37,73.37,54.90,73.48,73.20
72.12,72.12,49.44,75.28,72.23
71.24,71.24,49.67,77.25,70.29
73.06,73.06,46.57,77.03,68.42
75.37,75.37,50.28,76.82,67.85
72.11,72.11,57.51,75.07,66.94
71.70,71.70,66.43,69.38,65.31
71.92,71.92,86.65,70.76,65.49
70.93,70.93,88.18,66.47,64.02
73.35,73.35,86.58,52.38,70.01
72.24,72.24,85.56,52.96,67.90
70.89,70.89,85.83,48.86,66.53
73.07,73.07,88.05,49.92,67.64
71.03,71.03,85.38,45.65,68.95
71.75,71.75,82.72,42.24,70.80
71.96,71.96,79.29,38.67,71.25
71.90,71.90,76.96,40.81,69.52
72.66,72.66,79.34,43.08,70.39
72.07,72.07,73.74,43.45,70.90
73.45,73.45,62.60,42.88,70.04
74.71,74.71,56.06,51.25,73.80
75.09,75.09,70.01,67.81,74.15
74.85,74.85,72.24,71.78,75.46
75.39,75.39,68.06,68.08,75.90
70.83,70.83,64.54,74.13,76.66
73.01,73.01,62.41,69.93,75.22
77.19,77.19,60.80,70.79,74.81
78.33,78.33,60.64,69.52,75.99
80.59,80.59,69.61,68.20,75.99
78.65,78.65,72.32,73.68,74.75
74.45,74.45,68.43,72.99,75.44
74.29,74.29,62.98,72.94,76.99
73.94,73.94,58.40,75.07,75.34
72.37,72.37,59.97,75.59,73.62
75.11,75.11,64.87,73.09,71.58
72.11,72.11,78.78,65.82,69.84
66.50,66.50,87.64,70.18,61.59
69.11,69.11,85.89,60.28,63.59
65.01,65.01,85.79,49.94,64.26
64.05,64.05,85.51,55.43,64.21
65.77,65.77,87.35,62.71,64.88
64.06,64.06,88.18,65.96,65.14
62.76,62.76,84.22,63.05,66.89
62.02,62.02,85.13,70.56,75.98
62.57,62.57,75.99,73.58,75.00
65.09,65.09,78.67,73.13,72.05
63.76,63.76,76.01,74.16,70.89
65.82,65.82,66.16,75.68,68.50
62.20,62.20,58.49,71.73,65.62
62.72,62.72,65.51,69.93,71.38
63.74,63.74,75.99,78.34,71.29
67.41,67.41,73.35,74.62,70.91
70.51,70.51,69.47,74.70,69.62
75.73,75.73,65.55,74.35,73.48
76.49,76.49,62.34,76.04,72.11
77.00,77.00,63.03,73.68,73.10
75.90,75.90,64.90,62.79,70.57
72.92,72.92,82.75,67.72,72.05
74.43,74.43,88.63,56.74,72.98
73.77,73.77,84.74,51.43,68.60
70.37,70.37,86.02,57.21,68.97
70.57,70.57,87.86,60.24,70.10
70.27,70.27,86.97,61.41,68.97
73.27,73.27,85.75,59.87,66.96
75.78,75.78,87.25,58.98,66.32
73.87,73.87,86.77,59.34,64.76
72.34,72.34,87.02,58.19,61.31
70.67,70.67,86.16,63.43,63.28
71.39,71.39,85.66,67.77,61.31
72.74,72.74,88.26,67.34,63.88
71.21,71.21,84.44,65.16,64.65
70.48,70.48,85.63,70.84,66.16
70.18,70.18,78.59,76.06,68.86
69.98,69.98,78.85,76.57,68.22
66.97,66.97,75.85,74.07,65.36
62.94,62.94,74.06,74.25,65.68
60.96,60.96,66.45,75.20,64.11
60.02,60.02,54.19,75.03,64.24
60.40,60.40,67.36,73.78,62.57
62.34,62.34,71.77,73.39,62.54
63.74,63.74,70.09,75.40,65.03
65.19,65.19,65.21,74.91,65.13
64.19,64.19,61.58,76.27,64.72
65.47,65.47,58.49,76.61,65.96
66.26,66.26,55.89,73.09,67.55
72.92,72.92,55.60,73.99,73.62
71.46,71.46,50.49,71.78,75.02
73.47,73.47,42.71,74.73,73.38
73.07,73.07,41.78,74.89,70.50
74.68,74.68,44.54,74.33,68.82
76.49,76.49,56.58,75.21,67.71
75.48,75.48,65.80,72.38,66.02
68.58,68.58,76.23,66.81,61.82
63.95,63.95,86.61,64.36,60.84
64.52,64.52,86.99,62.80,58.46
63.20,63.20,86.75,62.17,62.72
60.31,60.31,85.82,64.36,63.44
62.58,62.58,88.35,65.07,63.01
62.12,62.12,85.49,63.78,63.18
59.92,59.92,84.98,66.73,66.57
59.72,59.72,83.67,73.94,69.32
62.94,62.94,77.94,76.17,70.57
62.14,62.14,76.72,74.84,71.29
66.43,66.43,75.09,73.47,70.83
64.29,64.29,73.14,72.76,71.05
66.68,66.68,60.17,73.53,72.12
69.04,69.04,63.18,77.00,74.05
72.09,72.09,78.44,72.97,73.70
71.22,71.22,74.11,71.67,73.83
67.13,67.13,73.84,73.37,73.06
66.65,66.65,69.18,74.85,74.60
65.60,65.60,63.27,74.23,73.91
66.06,66.06,60.23,75.24,71.04
68.84,68.84,55.77,75.23,70.13
73.77,73.77,52.19,74.46,70.66
75.62,75.62,49.39,75.43,73.44
72.36,72.36,43.34,73.38,72.10
72.32,72.32,45.77,74.59,70.72
73.91,73.91,54.15,74.00,75.20
75.16,75.16,56.31,75.92,73.47
70.00,70.00,62.87,74.61,68.88
69.51,69.51,82.66,69.68,68.23
68.12,68.12,88.54,66.51,67.48
68.33,68.33,84.95,62.09,68.48
64.04,64.04,85.30,63.47,64.92
62.71,62.71,86.98,63.46,64.82
60.64,60.64,86.43,68.18,64.20
62.85,62.85,84.53,66.37,65.98
68.89,68.89,85.29,63.05,69.58
67.14,67.14,78.28,55.62,71.29
64.74,64.74,78.58,59.24,71.04
66.94,66.94,76.78,55.82,73.78
69.83,69.83,79.90,57.02,75.65
70.10,70.10,70.02,56.06,75.01
66.63,66.63,63.10,61.01,73.41
63.53,63.53,72.35,63.98,72.84
62.19,62.19,75.22,74.94,70.81
62.62,62.62,72.24,71.71,71.22
64.55,64.55,68.61,74.26,69.97
64.84,64.84,64.46,76.31,70.28
62.66,62.66,61.30,75.33,68.21
60.32,60.32,57.59,72.83,68.94
60.54,60.54,63.78,74.02,70.71
59.93,59.93,80.30,69.08,71.36
58.00,58.00,76.47,75.55,70.01
58.80,58.80,71.88,76.19,69.43
59.48,59.48,69.81,75.17,70.23
61.37,61.37,65.54,74.33,72.90
60.46,60.46,65.61,74.10,70.75
57.96,57.96,75.00,69.42,67.94
58.97,58.97,87.72,64.18,69.78
59.65,59.65,87.70,59.17,65.52
61.95,61.95,84.75,55.54,62.89
62.02,62.02,87.34,59.70,64.39
62.67,62.67,86.93,63.11,65.95
65.69,65.69,86.04,66.89,67.47
63.75,63.75,87.42,69.31,67.04
65.91,65.91,82.69,72.56,66.84
69.25,69.25,77.80,76.49,70.72
70.10,70.10,72.84,72.63,69.60
72.27,72.27,72.28,75.31,68.91
71.53,71.53,66.11,74.44,67.29
69.59,69.59,62.08,75.65,65.16
67.84,67.84,61.22,75.06,68.62
67.24,67.24,78.26,71.66,72.68
65.47,65.47,75.37,74.05,69.81
67.75,67.75,72.60,75.83,69.28
67.14,67.14,67.89,74.04,68.64
65.00,65.00,63.64,76.41,69.27
62.37,62.37,58.46,76.71,66.49
60.83,60.83,53.65,73.84,66.91
62.26,62.26,49.54,71.75,68.53
59.75,59.75,44.28,71.30,70.32
59.13,59.13,39.97,75.30,70.36
61.35,61.35,41.30,72.78,71.23
60.08,60.08,53.51,75.30,72.00
61.78,61.78,63.48,76.20,72.88
60.77,60.77,69.56,70.65,72.82
59.79,59.79,81.59,73.62,69.94
56.07,56.07,86.61,60.99,63.84
55.66,55.66,87.99,51.23,63.86
53.92,53.92,86.04,55.58,59.77
52.79,52.79,85.72,60.03,59.47
52.24,52.24,86.21,62.19,58.94
52.46,52.46,87.52,65.72,62.08
55.45,55.45,84.14,71.08,61.84
55.64,55.64,82.71,73.74,66.76
56.75,56.75,77.42,74.69,65.95
56.78,56.78,74.02,74.03,64.13
54.30,54.30,75.35,75.61,61.73
53.06,53.06,71.91,75.67,60.97
53.42,53.42,57.46,76.18,61.43
54.08,54.08,57.13,76.38,61.54
54.96,54.96,65.38,77.02,69.31
53.99,53.99,62.87,77.77,68.77
54.91,54.91,59.24,77.86,68.31
53.65,53.65,53.99,77.50,68.53
51.80,51.80,51.43,76.97,69.51
49.17,49.17,46.90,76.93,69.21
47.19,47.19,43.95,77.51,69.56
48.05,48.05,40.03,69.73,69.66
46.26,46.26,38.76,69.46,69.14
48.20,48.20,40.15,61.69,68.27
50.82,50.82,47.89,61.10,67.29
50.73,50.73,56.13,55.63,65.33
49.88,49.88,62.06,54.94,63.47
49.96,49.96,68.40,55.90,65.10
53.43,53.43,86.63,54.55,64.94
55.12,55.12,87.29,37.50,65.60
54.16,54.16,86.93,46.24,63.79
52.02,52.02,86.08,55.25,59.93
50.80,50.80,86.17,59.85,58.17
52.18,52.18,88.20,60.59,59.02
55.17,55.17,85.74,55.16,61.09
63.16,63.16,83.95,63.55,67.78
65.44,65.44,79.05,73.12,66.69
68.76,68.76,75.61,73.03,65.63
72.58,72.58,76.70,73.57,66.55
72.18,72.18,70.97,73.93,64.08
73.70,73.70,58.59,71.91,65.90
71.15,71.15,56.37,74.08,67.71
73.36,73.36,77.02,73.56,70.81
69.32,69.32,74.77,72.32,72.49
65.97,65.97,71.02,70.23,74.11
65.01,65.01,67.02,72.83,72.71
62.81,62.81,62.16,75.02,74.30
60.65,60.65,47.91,71.94,73.69
61.84,61.84,44.38,72.11,74.08
67.81,67.81,70.23,65.90,75.55
67.68,67.68,77.33,72.88,74.70
66.87,66.87,75.63,75.14,71.24
70.58,70.58,72.46,75.40,73.03
71.01,71.01,68.12,77.92,73.17
70.58,70.58,64.93,77.72,71.57
70.50,70.50,65.57,74.28,73.18
72.20,72.20,78.82,67.34,71.37
71.36,71.36,86.76,69.11,68.81
68.54,68.54,85.93,62.83,67.50
64.42,64.42,86.58,65.33,63.50
58.39,58.39,84.75,66.25,60.28
54.53,54.53,87.19,66.61,60.17
55.36,55.36,87.02,70.39,58.99
58.24,58.24,83.46,70.81,62.60
59.10,59.10,82.85,61.90,64.68
62.27,62.27,77.93,63.24,63.22
66.82,66.82,80.59,62.32,64.26
65.38,65.38,77.68,63.15,62.94
64.65,64.65,73.46,61.43,65.60
66.44,66.44,62.42,59.03,69.36
66.42,66.42,67.34,68.44,71.54
67.32,67.32,76.62,77.11,73.00
64.25,64.25,75.27,75.88,72.42
61.68,61.68,72.53,74.08,72.46
57.23,57.23,68.24,76.89,70.42
59.31,59.31,62.95,76.65,70.85
56.24,56.24,54.57,75.70,70.71
55.72,55.72,44.40,75.96,71.29
58.94,58.94,48.00,74.32,73.35
62.16,62.16,49.04,77.85,72.08
67.65,67.65,47.81,78.31,71.14
65.98,65.98,44.97,76.68,71.46
62.60,62.60,44.87,74.92,72.70
61.50,61.50,51.55,76.42,72.74
58.96,58.96,59.95,75.57,71.34
58.65,58.65,86.31,73.03,69.46
57.48,57.48,87.03,68.85,71.09
57.13,57.13,86.27,66.35,72.64
56.57,56.57,85.25,65.35,74.09
58.14,58.14,86.59,67.67,73.09
58.87,58.87,88.47,69.27,67.82
61.00,61.00,84.37,71.20,68.86
70.19,70.19,85.97,73.02,70.60
75.52,75.52,78.65,70.88,67.86
71.76,71.76,79.49,74.56,67.92
73.33,73.33,77.01,73.71,67.74
71.73,71.73,74.00,75.35,68.87
71.62,71.62,59.86,74.20,67.72
73.62,73.62,47.76,74.82,67.63
77.60,77.60,58.95,73.47,68.47
73.90,73.90,65.22,74.56,69.61
74.71,74.71,63.67,75.53,70.45
75.94,75.94,57.51,76.98,68.43
70.51,70.51,53.08,74.25,66.10
67.83,67.83,58.95,75.46,65.44
63.28,63.28,62.09,74.15,66.30
61.86,61.86,69.31,74.75,64.99
63.60,63.60,86.84,70.45,65.33
65.66,65.66,89.35,58.06,69.24
72.49,72.49,85.06,61.57,69.87
70.59,70.59,86.93,60.53,69.36
66.93,66.93,86.90,64.32,67.43
69.00,69.00,86.41,63.35,65.72
68.89,68.89,85.63,54.48,67.40
65.63,65.63,86.08,52.93,67.56
65.37,65.37,86.33,57.97,66.73
68.56,68.56,85.91,60.90,69.04
68.86,68.86,85.28,61.21,67.54
64.72,64.72,88.37,64.04,62.94
60.66,60.66,86.03,64.94,62.91
61.54,61.54,84.61,60.43,64.13
66.63,66.63,82.67,69.20,66.54
71.30,71.30,79.76,68.53,66.93
74.29,74.29,77.18,71.90,65.52
73.15,73.15,75.28,72.34,63.59
68.36,68.36,74.78,74.08,64.71
67.42,67.42,58.82,73.97,67.28
67.72,67.72,46.10,75.04,66.91
70.48,70.48,45.05,74.82,70.24
73.85,73.85,36.31,73.85,67.55
73.97,73.97,35.23,73.84,70.37
74.09,74.09,33.17,73.87,70.18
72.24,72.24,31.93,74.67,69.50
69.65,69.65,35.24,74.29,70.63
67.29,67.29,43.26,77.75,71.26
65.44,65.44,52.07,73.91,74.12
69.10,69.10,46.94,74.16,76.80
68.47,68.47,45.77,74.59,74.96
70.02,70.02,42.14,73.03,72.61
71.95,71.95,49.24,72.83,69.38
72.57,72.57,60.31,74.13,68.98
71.33,71.33,69.59,72.67,68.33
71.82,71.82,83.66,71.34,66.33
71.12,71.12,88.39,67.05,67.79
69.26,69.26,85.64,64.20,63.60
67.74,67.74,86.23,61.15,61.71
70.60,70.60,87.66,62.26,63.25
73.66,73.66,86.23,61.19,62.98
72.99,72.99,85.38,65.75,64.90
70.49,70.49,85.86,68.39,65.94
68.04,68.04,79.02,70.90,67.15
66.73,66.73,78.87,73.96,68.22
64.32,64.32,75.29,75.52,67.08
65.83,65.83,77.28,76.24,66.24
67.07,67.07,66.65,75.02,65.57
67.51,67.51,59.08,73.15,66.19
66.73,66.73,70.47,74.99,69.26
68.88,68.88,77.14,76.86,70.01
70.01,70.01,71.99,76.61,66.90
72.88,72.88,67.91,73.09,67.51
72.70,72.70,64.80,75.70,66.00
68.46,68.46,57.91,73.62,64.88
68.64,68.64,54.29,75.79,64.82
68.59,68.59,57.67,74.18,67.50
66.24,66.24,61.78,75.29,66.77
64.16,64.16,63.41,75.08,66.25
64.24,64.24,58.45,73.92,65.73
66.17,66.17,50.51,74.92,65.61
66.06,66.06,47.77,73.06,65.61
63.90,63.90,58.95,73.99,64.87
65.23,65.23,67.72,71.97,66.71
68.50,68.50,88.02,72.08,66.17
68.90,68.90,88.00,67.30,64.61
67.64,67.64,84.82,63.65,64.05
68.33,68.33,85.66,63.14,61.24
64.38,64.38,85.59,66.30,61.12
63.14,63.14,85.93,68.22,62.70
68.12,68.12,86.49,66.57,64.97
70.62,70.62,81.26,60.92,65.87
70.60,70.60,79.10,61.66,63.88
68.86,68.86,77.42,57.95,62.01
68.62,68.62,79.40,59.58,62.21
69.40,69.40,75.04,61.04,62.06
68.43,68.43,66.48,56.95,63.86
69.70,69.70,62.78,59.23,65.30
71.02,71.02,54.08,65.30,69.12
72.56,72.56,45.77,74.02,68.84
74.18,74.18,41.18,74.84,67.34
74.56,74.56,39.64,74.95,67.20
74.75,74.75,35.62,75.51,67.78
73.97,73.97,37.79,75.57,67.04
72.63,72.63,49.30,73.79,66.26
73.39,73.39,62.82,71.03,67.33
74.30,74.30,66.12,75.68,66.18
74.36,74.36,61.95,76.66,64.22
75.76,75.76,57.37,74.38,64.57
75.35,75.35,55.01,74.25,64.32
72.43,72.43,56.16,74.87,62.80
67.54,67.54,65.82,72.22,62.71
64.04,64.04,78.74,68.97,62.91
67.26,67.26,88.63,62.27,61.99
70.19,70.19,87.35,55.45,62.56
68.71,68.71,87.02,57.16,62.05
68.75,68.75,85.53,61.70,61.18
69.47,69.47,86.85,62.95,60.95
72.76,72.76,88.32,67.56,63.94
71.61,71.61,84.12,70.44,66.76
71.09,71.09,82.01,76.16,65.43
71.94,71.94,73.69,72.44,62.23
72.53,72.53,72.51,75.48,62.69
71.22,71.22,70.39,74.94,59.22
72.70,72.70,65.16,74.57,60.52
71.75,71.75,56.28,75.11,62.98
74.13,74.13,55.49,76.43,65.52
73.84,73.84,59.20,73.68,66.25
74.10,74.10,57.01,76.03,66.86
73.49,73.49,55.78,76.83,66.57
71.91,71.91,48.79,75.61,66.71
74.22,74.22,39.25,77.44,64.99
74.23,74.23,39.31,77.06,65.14
72.18,72.18,36.78,77.36,66.50
71.76,71.76,35.54,75.74,65.96
72.83,72.83,38.51,72.91,67.42
74.57,74.57,33.96,73.92,65.99
75.07,75.07,36.44,72.96,66.32
72.83,72.83,42.49,75.29,66.20
70.54,70.54,61.65,72.65,66.30
68.80,68.80,66.75,74.40,65.67
68.51,68.51,83.26,71.76,63.57
67.24,67.24,86.55,61.42,63.88
67.60,67.60,87.86,54.31,63.84
67.42,67.42,86.05,58.06,63.16
68.56,68.56,85.61,59.56,62.30
67.55,67.55,88.64,59.86,61.62
66.77,66.77,84.18,64.84,61.42
66.65,66.65,85.37,71.36,62.60
63.85,63.85,81.23,75.12,61.27
61.00,61.00,75.74,74.41,59.39
61.09,61.09,75.34,74.37,60.15
60.28,60.28,74.62,74.48,61.93
62.64,62.64,66.42,74.07,62.55
62.79,62.79,47.76,74.22,63.49
65.07,65.07,35.06,73.96,64.45
63.18,63.18,37.22,70.73,62.87
64.36,64.36,39.67,58.00,62.58
63.20,63.20,36.83,59.00,61.36
63.35,63.35,37.25,58.42,64.00
61.50,61.50,36.54,59.17,64.26
60.44,60.44,36.42,57.66,65.34
60.89,60.89,40.37,59.28,64.47
62.52,62.52,38.01,70.52,70.50
62.51,62.51,40.75,71.63,71.58
62.96,62.96,41.74,72.43,71.53
62.41,62.41,45.22,72.16,69.61
59.96,59.96,49.95,72.58,66.97
58.06,58.06,55.88,70.24,66.16
56.72,56.72,68.56,71.58,67.02
54.41,54.41,84.05,69.01,67.88
55.26,55.26,86.43,67.24,66.85
55.43,55.43,86.98,63.75,65.39
54.43,54.43,86.16,64.69,61.99
54.90,54.90,88.91,64.52,60.91
57.84,57.84,86.00,64.06,62.60
61.75,61.75,84.51,64.16,63.39
66.76,66.76,83.41,61.24,63.27
66.99,66.99,79.43,62.75,61.93
67.17,67.17,78.80,59.58,61.12
67.35,67.35,75.20,57.09,61.07
69.19,69.19,72.47,63.03,58.21
75.17,75.17,62.32,57.85,63.78
74.07,74.07,56.02,52.09,66.47
71.79,71.79,48.59,70.89,66.41
74.24,74.24,34.25,68.45,69.69
77.57,77.57,30.74,72.39,70.60
69.35,69.35,29.67,77.05,68.70
67.19,67.19,33.14,74.29,66.84
69.88,69.88,28.62,72.44,66.14
72.20,72.20,28.19,70.92,65.51
80.35,80.35,32.27,72.11,66.35
77.35,77.35,30.63,73.77,67.82
72.66,72.66,30.44,74.97,68.34
74.73,74.73,31.12,70.21,70.26
73.87,73.87,36.54,72.28,70.24
77.26,77.26,43.53,70.66,67.04
73.38,73.38,52.42,74.05,65.92
74.57,74.57,73.98,72.18,69.39
70.90,70.90,83.58,70.75,65.11
69.61,69.61,85.09,54.73,64.39
61.49,61.49,86.33,50.35,62.40
62.69,62.69,87.50,52.16,61.94
58.96,58.96,86.52,47.98,59.05
57.70,57.70,85.99,50.31,62.03
61.60,61.60,86.55,47.91,64.36
65.44,65.44,79.66,41.90,63.21
64.59,64.59,79.10,39.79,64.68
65.02,65.02,77.07,48.19,64.65
66.47,66.47,78.72,50.61,62.76
65.38,65.38,67.61,45.08,63.30
67.65,67.65,47.50,42.98,62.50
68.60,68.60,44.41,52.80,62.91
67.08,67.08,39.41,67.51,63.79
68.46,68.46,33.92,65.68,64.55
67.05,67.05,33.29,66.43,64.76
63.46,63.46,33.45,67.22,65.61
61.78,61.78,35.45,65.91,65.56
63.07,63.07,33.88,66.54,65.81
60.42,60.42,36.98,63.09,65.30
65.87,65.87,44.64,68.32,66.88
62.53,62.53,39.58,67.46,67.48
58.52,58.52,38.82,71.17,64.10
61.45,61.45,41.25,72.81,67.46
61.16,61.16,51.12,66.76,65.20
60.69,60.69,57.29,69.30,63.46
61.68,61.68,63.42,69.02,65.13
64.80,64.80,77.57,70.60,65.49
68.35,68.35,82.65,69.90,66.44
64.43,64.43,84.93,51.02,67.34
63.22,63.22,86.22,55.94,65.34
65.99,65.99,85.75,58.02,65.68
59.05,59.05,86.61,59.83,65.63
61.32,61.32,87.44,54.71,67.76
65.32,65.32,83.19,61.32,68.60
65.67,65.67,81.48,63.96,69.40
66.81,66.81,75.35,68.85,68.68
65.33,65.33,76.82,65.31,68.13
65.05,65.05,68.86,74.36,66.94
68.94,68.94,49.12,62.79,66.77
69.71,69.71,44.88,72.35,67.31
74.04,74.04,38.53,69.60,65.79
73.03,73.03,33.27,69.86,65.84
72.45,72.45,32.33,67.90,67.00
67.00,67.00,32.32,71.85,66.48
72.08,72.08,34.26,69.29,66.88
75.77,75.77,41.82,67.35,68.04
68.50,68.50,53.66,69.97,69.69
67.05,67.05,63.44,70.51,70.02
69.11,69.11,79.27,66.02,68.76
68.42,68.42,82.58,49.36,71.71
67.41,67.41,84.89,56.61,71.82
72.33,72.33,84.85,60.04,71.45
71.10,71.10,88.07,59.15,69.26
66.00,66.00,86.19,58.26,67.55
62.64,62.64,80.73,61.90,67.94
62.56,62.56,80.90,63.28,70.40
62.09,62.09,85.03,54.91,71.60
62.65,62.65,85.78,58.01,70.50
63.28,63.28,84.97,54.54,70.15
64.03,64.03,85.68,55.65,69.97
61.97,61.97,87.82,55.93,65.19
60.97,60.97,83.71,67.89,65.24
62.54,62.54,83.90,71.95,67.81
62.89,62.89,76.89,73.57,67.97
62.29,62.29,78.05,74.02,68.73
64.20,64.20,75.70,73.76,67.63
64.66,64.66,72.12,72.75,70.19
63.86,63.86,56.58,73.55,68.96
61.30,61.30,43.93,73.31,68.99
63.33,63.33,44.38,73.82,67.50
64.29,64.29,39.34,74.16,70.85
62.57,62.57,37.52,74.14,70.81
62.43,62.43,38.06,74.03,70.23
64.72,64.72,35.29,74.25,71.35
62.35,62.35,34.25,72.46,71.84
63.11,63.11,35.23,72.58,69.87
60.73,60.73,34.99,66.49,73.88
58.18,58.18,34.26,62.96,74.20
59.33,59.33,36.45,68.36,73.70
58.56,58.56,35.87,70.76,73.03
61.26,61.26,38.46,71.69,72.86
62.35,62.35,47.62,70.99,69.96
62.46,62.46,59.73,67.82,67.50
61.98,61.98,73.20,65.39,67.77
59.80,59.80,81.37,62.83,67.33
60.61,60.61,85.84,60.91,68.20
59.86,59.86,85.38,58.37,68.84
59.99,59.99,85.19,57.09,68.52
60.84,60.84,88.01,54.83,67.84
59.98,59.98,84.80,64.14,66.52
58.31,58.31,83.14,71.86,65.56
59.96,59.96,81.05,74.15,67.02
61.26,61.26,76.11,74.51,69.57
61.24,61.24,78.01,73.55,69.33
62.22,62.22,72.96,73.01,70.10
62.28,62.28,64.89,72.84,71.44
61.70,61.70,49.41,73.95,71.11
61.18,61.18,53.20,71.91,70.66
59.00,59.00,52.48,67.19,66.34
59.13,59.13,49.33,68.42,64.82
57.17,57.17,44.88,66.87,67.75
59.15,59.15,42.94,68.65,71.36
58.74,58.74,40.23,72.75,69.72
61.34,61.34,39.58,69.58,69.24
63.93,63.93,38.48,66.84,71.15
59.82,59.82,37.60,70.52,69.54
56.71,56.71,36.35,71.47,70.02
60.35,60.35,38.63,72.56,70.99
63.87,63.87,40.95,71.92,71.83
57.81,57.81,42.14,70.98,71.15
55.98,55.98,51.03,73.02,70.05
54.34,54.34,64.71,70.33,67.90
58.92,58.92,81.32,67.98,69.45
58.46,58.46,83.79,62.21,70.12
54.86,54.86,85.43,55.02,67.57
54.95,54.95,84.04,57.08,67.43
54.47,54.47,85.97,58.85,68.87
54.11,54.11,87.12,57.98,69.95
54.28,54.28,83.15,57.62,68.95
55.06,55.06,83.52,50.71,69.16
53.98,53.98,75.56,54.93,71.88
54.25,54.25,79.66,52.84,70.73
59.62,59.62,76.28,52.45,71.97
57.17,57.17,72.93,53.02,70.84
56.13,56.13,59.94,47.58,67.70
60.12,60.12,59.65,57.18,69.39
60.10,60.10,62.56,63.93,68.10
55.79,55.79,60.30,68.98,66.66
54.54,54.54,57.24,69.87,67.82
53.07,53.07,52.72,71.18,69.11
55.86,55.86,49.67,71.55,70.08
57.91,57.91,48.68,71.76,72.58
57.22,57.22,48.93,70.68,71.32
56.50,56.50,58.54,67.88,70.25
50.54,50.54,55.39,71.99,69.65
52.35,52.35,54.52,71.54,72.25
57.51,57.51,51.14,70.95,74.60
54.07,54.07,47.66,70.48,74.81
52.93,52.93,56.85,67.36,75.29
51.93,51.93,64.59,69.34,73.34
52.88,52.88,76.80,66.30,69.65
52.53,52.53,84.05,59.86,68.42
52.89,52.89,86.00,55.16,68.40
56.42,56.42,85.36,56.92,68.60
57.90,57.90,85.83,59.48,66.71
57.60,57.60,88.81,62.91,67.61
60.50,60.50,84.97,63.16,67.02
62.02,62.02,83.57,67.09,69.10
59.14,59.14,79.01,70.45,70.33
63.03,63.03,71.53,71.77,69.67
63.65,63.65,72.40,71.75,72.36
57.86,57.86,69.75,71.44,70.97
56.06,56.06,62.96,73.50,67.90
57.45,57.45,57.48,70.84,68.85
52.60,52.60,70.75,74.02,69.96
58.11,58.11,69.50,72.12,69.63
59.04,59.04,66.63,68.98,69.66
59.56,59.56,63.29,69.62,70.65
51.63,51.63,59.23,70.58,70.35
50.65,50.65,55.38,70.99,70.28
50.84,50.84,51.31,71.76,71.04
58.49,58.49,49.83,71.37,73.14
59.18,59.18,48.84,74.48,71.18
56.31,56.31,48.00,72.16,71.77
53.25,53.25,45.96,74.26,71.90
50.91,50.91,44.79,73.45,71.13
52.60,52.60,43.28,71.69,71.56
58.03,58.03,46.54,70.79,71.95
56.27,56.27,50.36,78.09,72.88
52.40,52.40,45.79,70.37,74.84
48.20,48.20,46.39,72.42,73.42
45.18,45.18,46.94,72.63,72.60
44.23,44.23,43.89,71.37,71.59
41.29,41.29,41.10,72.45,70.09
40.79,40.79,40.44,72.78,70.76
39.63,39.63,40.58,72.01,71.75
39.66,39.66,42.09,72.18,69.47
43.03,43.03,42.73,74.80,70.29
45.86,45.86,41.58,73.40,70.17
46.32,46.32,39.25,75.92,72.89
40.52,40.52,40.90,72.87,69.90
39.99,39.99,43.41,75.09,70.05
39.61,39.61,41.52,75.09,71.61
46.15,46.15,44.08,75.48,71.18
46.04,46.04,43.76,75.23,72.15
48.69,48.69,44.96,74.59,72.92
48.56,48.56,43.87,75.04,70.77
47.06,47.06,42.28,75.79,71.15
45.48,45.48,43.37,75.39,69.88
45.87,45.87,43.68,75.30,71.21
45.48,45.48,41.64,71.78,71.72
45.14,45.14,43.74,71.46,70.84
45.27,45.27,45.87,64.24,70.20
45.82,45.82,46.88,56.03,70.91
47.29,47.29,51.06,59.06,71.04
48.69,48.69,54.49,57.50,71.33
50.09,50.09,58.93,55.53,70.23
52.61,52.61,74.66,74.47,71.15
47.77,47.77,74.06,77.75,70.01
52.82,52.82,71.14,71.43,70.41
52.45,52.45,68.35,73.93,70.78
60.26,60.26,65.22,75.94,70.26
56.65,56.65,60.31,74.93,69.72
49.09,49.09,58.15,71.60,69.74
53.78,53.78,68.40,71.27,70.68
56.88,56.88,71.81,71.54,72.43
59.21,59.21,70.08,76.86,71.88
60.08,60.08,67.89,73.84,71.45
57.08,57.08,64.84,71.21,72.69
53.63,53.63,61.71,71.05,71.10
51.07,51.07,59.26,74.80,71.30
51.53,51.53,72.49,73.36,71.96
52.03,52.03,73.32,74.06,74.05
56.67,56.67,70.09,71.75,75.35
56.33,56.33,67.82,72.62,73.13
58.54,58.54,63.84,72.38,71.02
62.86,62.86,60.16,73.83,71.90
65.76,65.76,60.69,73.92,73.90
74.07,74.07,67.94,67.01,75.24
75.66,75.66,75.94,73.21,73.06
75.14,75.14,74.98,74.70,72.78
74.67,74.67,72.15,75.77,71.91
78.40,78.40,68.44,77.32,71.30
78.33,78.33,68.84,76.04,71.48
80.51,80.51,68.67,75.92,70.05
79.93,79.93,68.54,75.75,68.77
74.11,74.11,70.07,73.83,69.02
71.02,71.02,68.11,76.88,70.57
70.25,70.25,69.19,77.66,69.58
66.06,66.06,69.70,76.11,67.08
65.60,65.60,70.10,73.16,65.72
62.24,62.24,69.77,75.97,65.65
57.55,57.55,70.37,77.18,66.93
55.47,55.47,70.66,75.37,67.31
60.07,60.07,70.69,72.97,67.41
60.98,60.98,71.98,66.14,65.83
58.78,58.78,71.21,59.19,66.06
56.38,56.38,71.42,59.24,65.61
51.71,51.71,71.54,62.95,65.13
53.18,53.18,72.30,66.69,66.46
60.19,60.19,78.86,75.76,69.71
63.27,63.27,75.97,75.74,69.93
62.35,62.35,74.55,74.10,68.37
62.00,62.00,73.05,76.51,68.87
61.19,61.19,70.15,75.44,69.22
59.61,59.61,71.38,73.71,70.11
60.51,60.51,70.21,74.37,70.70
60.07,60.07,70.06,74.04,72.26
59.56,59.56,70.43,76.75,71.65
57.33,57.33,70.17,76.64,71.63
61.38,61.38,70.52,75.59,71.77
61.34,61.34,70.80,74.01,71.19
62.59,62.59,70.63,74.68,71.00
62.83,62.83,71.24,77.80,70.66
62.12,62.12,71.53,74.72,70.63
73.32,73.32,71.79,62.04,70.09
76.16,76.16,72.63,46.46,70.33
73.81,73.81,72.37,43.38,69.73
71.96,71.96,72.63,40.12,69.09
66.95,66.95,72.30,31.99,68.40
61.34,61.34,72.28,22.67,69.35
60.50,60.50,71.48,25.83,68.78
59.52,59.52,72.94,25.90,68.67
64.43,64.43,72.09,23.92,68.48
60.29,60.29,72.26,18.93,68.35
58.56,58.56,71.54,21.16,68.51
60.15,60.15,71.74,18.72,68.11
63.32,63.32,72.32,17.65,67.68
65.91,65.91,72.79,11.24,67.33
72.09,72.09,69.98,13.23,68.17
71.04,71.04,70.11,13.49,70.84
74.33,74.33,69.70,10.59,72.93
74.34,74.34,69.74,6.27,72.08
72.48,72.48,69.39,11.03,70.78
72.05,72.05,68.98,7.95,70.49
73.19,73.19,70.16,9.68,71.69
70.76,70.76,68.78,10.86,70.82
69.59,69.59,68.58,9.92,71.31
71.30,71.30,69.69,14.04,72.08
71.02,71.02,70.13,20.82,73.35
70.70,70.70,69.66,17.93,71.17
68.96,68.96,69.25,24.99,71.29
67.80,67.80,71.01,33.10,68.80
65.99,65.99,84.09,44.74,69.72
62.49,62.49,88.19,41.48,70.55
56.34,56.34,85.18,45.67,72.00
53.16,53.16,86.86,45.17,70.95
51.32,51.32,85.55,54.25,69.61
54.07,54.07,84.98,58.45,70.76
56.91,56.91,86.50,67.92,70.14
61.23,61.23,80.67,74.29,73.23
59.91,59.91,79.29,74.32,73.87
60.54,60.54,75.85,76.91,71.91
60.97,60.97,75.81,81.34,73.32
60.24,60.24,67.57,80.43,71.93
66.30,66.30,67.17,81.28,73.11
63.67,63.67,69.18,84.09,72.44
60.58,60.58,73.16,79.93,73.62
57.87,57.87,73.07,83.61,73.06
57.43,57.43,69.82,82.39,71.63
57.25,57.25,68.74,83.99,72.07
56.75,56.75,67.90,82.11,68.47
57.01,57.01,68.89,83.59,68.91
53.50,53.50,68.61,81.28,69.07
51.54,51.54,69.72,83.31,71.72
51.69,51.69,69.24,83.80,70.80
50.58,50.58,71.05,82.45,70.77
49.98,49.98,72.54,84.76,69.65
50.38,50.38,70.91,79.73,68.48
48.42,48.42,68.63,84.48,67.25
54.36,54.36,71.45,81.15,64.65
60.08,60.08,81.10,80.77,68.12
72.57,72.57,87.22,70.54,67.35
77.22,77.22,86.06,68.23,68.04
77.95,77.95,85.48,54.92,67.86
69.08,69.08,85.05,51.28,67.17
64.05,64.05,86.28,54.51,68.18
57.04,57.04,87.42,57.47,69.57
53.92,53.92,83.22,65.07,70.91
58.66,58.66,81.98,67.23,73.51
52.06,52.06,77.35,70.34,75.42
56.84,56.84,75.12,71.40,73.86
59.56,59.56,77.07,74.06,72.98
62.21,62.21,71.60,75.44,73.77
69.27,69.27,69.19,75.38,72.53
81.38,81.38,71.12,77.35,72.03
79.39,79.39,74.35,79.86,72.19
79.79,79.79,72.32,79.07,70.58
76.68,76.68,70.07,78.48,72.62
69.13,69.13,68.41,76.44,71.86
64.49,64.49,67.39,76.55,71.48
59.81,59.81,68.14,76.54,72.28
57.28,57.28,67.81,75.20,74.22
56.84,56.84,68.92,77.23,75.74
55.65,55.65,68.28,78.12,75.48
54.88,54.88,67.59,83.67,74.60
50.98,50.98,66.15,81.65,74.57
55.73,55.73,65.08,85.34,73.15
56.60,56.60,67.75,82.41,73.03
67.47,67.47,74.41,83.30,72.38
73.63,73.63,85.94,81.62,66.67
74.61,74.61,88.18,71.50,63.55
75.22,75.22,86.13,62.71,64.84
77.64,77.64,84.72,60.94,65.49
70.67,70.67,84.84,70.32,67.05
68.07,68.07,86.47,63.98,67.07
68.20,68.20,85.67,71.43,68.64
73.36,73.36,81.64,69.26,73.94
70.42,70.42,78.55,73.36,72.54
74.94,74.94,76.02,77.46,70.52
76.81,76.81,71.94,82.29,70.67
79.86,79.86,64.68,82.26,69.50
78.90,78.90,64.72,81.86,70.88
75.28,75.28,67.00,81.35,70.24
69.33,69.33,72.38,84.09,72.62
61.45,61.45,73.96,81.28,74.79
63.94,63.94,71.25,82.15,74.32
70.15,70.15,69.75,86.57,73.45
69.18,69.18,66.88,78.31,72.65
68.86,68.86,65.55,85.03,75.18
72.90,72.90,64.40,83.11,74.54
76.05,76.05,66.30,82.14,75.25
67.55,67.55,70.42,84.33,76.26
69.25,69.25,69.59,80.94,74.67
66.30,66.30,67.64,80.41,73.97
60.50,60.50,64.76,85.78,74.28
56.91,56.91,65.89,81.23,72.16
60.08,60.08,70.11,82.06,69.12
59.90,59.90,79.77,85.47,67.20
62.37,62.37,87.01,76.39,67.23
61.44,61.44,85.87,75.94,68.42
65.68,65.68,84.62,72.92,65.80
62.29,62.29,84.56,72.28,64.15
57.93,57.93,86.25,74.43,63.69
53.90,53.90,87.04,64.67,63.21
58.55,58.55,83.00,65.58,65.89
60.54,60.54,80.17,76.26,68.53
58.52,58.52,73.33,73.28,70.85
59.11,59.11,71.87,79.65,70.44
57.77,57.77,65.79,76.75,71.58
61.54,61.54,64.04,77.79,70.61
62.63,62.63,65.58,83.56,71.76
70.26,70.26,74.80,81.05,71.49
74.64,74.64,84.34,83.27,73.67
73.06,73.06,84.98,83.16,71.80
68.98,68.98,83.54,83.16,69.83
68.94,68.94,82.10,82.51,70.14
71.53,71.53,78.79,84.17,69.95
73.24,73.24,73.70,81.39,70.50
75.19,75.19,69.35,81.93,68.96
76.57,76.57,67.68,85.62,70.73
75.48,75.48,66.55,80.65,71.22
75.67,75.67,66.49,84.45,70.57
74.40,74.40,64.89,82.44,69.92
72.30,72.30,62.93,82.87,69.62
74.17,74.17,67.87,84.16,67.50
75.36,75.36,71.53,82.28,66.85
72.49,72.49,85.78,79.17,65.41
77.47,77.47,87.30,74.87,65.53
78.24,78.24,85.01,76.89,66.62
76.06,76.06,84.22,65.58,67.12
75.07,75.07,84.65,70.95,66.82
77.04,77.04,87.43,71.16,66.36
74.85,74.85,83.64,71.63,67.91
76.71,76.71,83.28,69.53,68.92
81.54,81.54,75.96,69.79,71.62
83.00,83.00,74.22,70.03,70.79
78.46,78.46,73.13,76.30,70.99
74.12,74.12,70.67,80.33,70.65
68.94,68.94,60.72,79.70,69.74
67.60,67.60,61.16,80.15,69.42
72.16,72.16,72.81,80.42,68.81
69.31,69.31,76.32,81.71,70.05
67.03,67.03,72.29,80.76,68.41
69.66,69.66,70.72,81.75,68.58
69.70,69.70,66.88,81.75,67.28
69.50,69.50,64.53,82.06,65.60
68.47,68.47,64.02,80.28,65.38
69.06,69.06,63.88,81.59,67.70
69.76,69.76,65.07,80.16,67.10
71.73,71.73,65.39,82.67,69.02
72.74,72.74,62.15,79.42,68.08
71.64,71.64,59.06,82.38,66.44
72.08,72.08,61.05,79.62,65.86
73.19,73.19,65.92,82.28,65.67
73.09,73.09,75.07,76.97,62.75
72.47,72.47,86.27,79.46,61.90
74.07,74.07,85.72,71.69,62.70
74.58,74.58,85.74,62.12,63.54
76.72,76.72,84.52,68.54,65.67
75.79,75.79,87.19,61.63,65.98
79.16,79.16,85.04,63.51,67.14
82.26,82.26,84.61,63.70,69.02
81.32,81.32,83.53,68.86,72.57
77.62,77.62,75.89,62.84,72.07
72.48,72.48,72.98,62.85,71.29
74.20,74.20,72.26,74.89,72.03
77.76,77.76,65.51,78.46,71.67
79.90,79.90,60.96,79.72,71.34
77.79,77.79,64.48,79.74,71.41
72.32,72.32,74.88,80.78,73.91
68.46,68.46,73.82,77.17,74.24
66.06,66.06,69.83,81.48,73.82
64.23,64.23,67.70,78.76,71.51
63.50,63.50,64.25,81.69,70.42
65.71,65.71,65.55,80.83,70.77
67.05,67.05,66.24,80.50,72.30
67.76,67.76,65.50,82.12,72.17
66.81,66.81,64.20,80.03,75.46
69.52,69.52,62.27,83.64,74.83
69.71,69.71,60.84,83.86,71.84
64.82,64.82,57.33,85.48,73.01
65.82,65.82,63.32,84.22,71.74
67.09,67.09,67.15,83.63,70.45
69.85,69.85,82.41,84.56,69.33
66.61,66.61,88.21,76.47,64.68
65.95,65.95,84.20,66.73,63.46
68.76,68.76,84.84,65.63,64.56
69.95,69.95,86.69,68.74,65.56
72.22,72.22,85.17,62.50,64.79
72.14,72.14,83.56,69.26,65.11
71.37,71.37,83.90,62.58,67.02
72.04,72.04,76.78,62.82,68.96
70.84,70.84,76.84,75.67,69.13
72.91,72.91,70.64,80.92,66.96
70.75,70.75,64.75,84.16,66.69
65.59,65.59,56.16,83.48,64.39
61.82,61.82,59.51,86.04,66.07
61.63,61.63,68.72,83.69,68.39
60.58,60.58,74.09,85.23,74.05
61.42,61.42,71.94,83.99,73.28
63.07,63.07,68.17,84.92,73.18
63.55,63.55,65.62,84.64,72.99
61.82,61.82,62.81,85.15,75.39
60.92,60.92,60.53,84.01,72.61
59.46,59.46,59.56,84.76,73.78
59.51,59.51,58.02,85.65,73.87
58.67,58.67,57.19,83.28,75.02
61.13,61.13,55.37,86.64,73.11
62.29,62.29,52.51,83.84,71.99
63.03,63.03,59.25,83.49,72.35
62.45,62.45,65.25,87.36,70.60
66.70,66.70,74.25,81.91,68.55
65.23,65.23,87.32,82.56,62.16
69.36,69.36,87.51,76.29,58.91
70.95,70.95,83.84,61.47,60.10
73.02,73.02,86.32,74.00,60.04
72.66,72.66,85.76,65.50,63.55
69.88,69.88,85.08,71.86,61.13
71.06,71.06,86.11,71.41,64.49
73.14,73.14,80.90,73.26,67.48
67.43,67.43,76.74,78.41,70.02
64.74,64.74,72.16,78.60,69.24
66.53,66.53,62.74,82.10,70.05
64.00,64.00,55.76,84.99,67.97
64.04,64.04,54.31,83.40,66.86
62.43,62.43,57.11,84.10,65.87
63.61,63.61,74.27,84.77,73.21
67.01,67.01,74.02,78.36,74.17
65.88,65.88,70.02,81.22,70.55
63.17,63.17,67.60,74.81,71.44
63.20,63.20,63.76,79.89,72.69
62.81,62.81,61.32,77.74,71.58
55.37,55.37,65.40,77.91,71.82
57.41,57.41,80.57,76.69,68.60
59.52,59.52,86.73,72.96,66.73
58.61,58.61,85.89,68.74,65.68
58.93,58.93,86.53,64.53,64.65
60.15,60.15,83.46,66.71,64.66
60.36,60.36,85.99,67.59,62.39
62.99,62.99,85.43,68.79,62.14
67.70,67.70,84.91,67.69,65.06
70.81,70.81,87.13,67.18,66.37
75.15,75.15,87.99,60.71,65.94
79.15,79.15,86.11,58.84,66.37
81.12,81.12,85.28,59.71,67.65
81.53,81.53,85.29,66.85,65.66
80.38,80.38,86.70,62.88,65.27
79.38,79.38,82.91,65.16,67.87
75.35,75.35,80.67,72.07,72.28
78.29,78.29,78.11,72.73,72.97
78.26,78.26,77.59,78.74,72.86
78.41,78.41,71.41,80.54,68.40
77.76,77.76,59.41,81.54,68.57
77.71,77.71,56.97,81.66,70.30
74.54,74.54,65.67,82.97,69.38
75.94,75.94,76.22,82.70,71.80
73.39,73.39,72.35,83.18,70.74
66.20,66.20,68.63,81.04,67.38
69.34,69.34,65.90,83.64,67.64
68.47,68.47,64.30,83.47,66.76
62.14,62.14,59.55,82.76,66.30
60.92,60.92,58.48,85.00,66.49
63.43,63.43,60.96,80.73,70.38
64.01,64.01,64.57,85.06,70.72
67.29,67.29,67.51,81.53,68.42
68.49,68.49,66.99,84.04,68.33
65.03,65.03,61.99,82.88,65.62
62.31,62.31,62.15,84.10,64.09
60.99,60.99,71.83,79.06,60.74
63.23,63.23,85.46,80.38,65.16
66.88,66.88,87.16,72.81,64.30
69.69,69.69,86.29,64.23,63.53
70.05,70.05,85.29,62.59,65.19
72.18,72.18,85.45,56.58,67.33
74.73,74.73,87.80,61.43,65.65
74.81,74.81,85.36,66.06,67.28
73.80,73.80,82.48,71.89,72.55
74.97,74.97,81.25,75.10,74.59
75.36,75.36,76.33,75.08,73.98
76.16,76.16,77.99,76.14,73.72
76.03,76.03,73.64,76.31,73.27
76.41,76.41,67.89,74.57,72.14
74.58,74.58,60.03,76.26,71.65
75.24,75.24,72.99,76.84,73.09
72.75,72.75,74.79,78.59,70.81
72.92,72.92,71.24,79.64,71.73
71.99,71.99,69.42,78.56,71.69
74.06,74.06,66.04,78.99,70.32
73.91,73.91,65.38,78.51,72.56
74.25,74.25,67.08,76.63,73.00
74.12,74.12,65.45,75.80,72.74
73.25,73.25,63.48,79.01,71.99
70.31,70.31,61.72,77.55,73.65
68.03,68.03,59.88,81.57,74.27
63.91,63.91,53.68,84.97,74.98
60.81,60.81,58.81,85.07,73.94
59.65,59.65,66.64,81.78,71.13
60.74,60.74,79.32,82.23,68.03
61.74,61.74,87.46,77.99,66.75
69.29,69.29,86.14,74.72,64.65
72.68,72.68,85.81,67.47,64.38
74.22,74.22,85.04,68.67,64.72
72.31,72.31,86.24,68.85,64.76
74.08,74.08,86.94,69.46,66.17
74.87,74.87,82.89,72.21,69.87
75.42,75.42,81.40,72.48,74.00
74.62,74.62,72.53,76.40,72.45
74.19,74.19,74.55,79.28,71.45
71.26,71.26,62.90,76.37,72.27
68.98,68.98,53.98,82.40,70.72
68.55,68.55,57.25,81.88,69.79
64.10,64.10,63.82,81.13,70.46
63.97,63.97,74.94,85.88,72.68
67.18,67.18,73.81,80.14,72.02
67.34,67.34,70.33,84.96,75.47
68.01,68.01,67.83,84.12,72.81
64.27,64.27,65.86,81.92,74.35
61.96,61.96,64.30,85.50,73.01
58.73,58.73,62.01,82.20,73.55
61.07,61.07,69.31,83.39,75.06
56.26,56.26,70.45,84.40,71.65
54.74,54.74,65.61,81.92,72.61
54.96,54.96,58.60,82.00,72.10
55.24,55.24,59.33,86.70,73.59
52.75,52.75,62.94,78.50,69.26
54.95,54.95,70.14,85.66,67.07
60.18,60.18,85.72,79.43,68.76
64.44,64.44,85.92,71.10,67.60
67.05,67.05,85.88,73.20,64.49
72.49,72.49,85.11,72.82,65.45
75.08,75.08,86.11,70.44,63.45
77.01,77.01,87.81,73.40,64.92
79.12,79.12,83.60,59.61,68.08
80.96,80.96,83.28,73.10,68.21
82.51,82.51,71.70,66.34,70.97
81.50,81.50,72.95,70.99,72.63
78.01,78.01,65.55,68.51,69.69
72.71,72.71,56.78,73.13,68.54
70.68,70.68,57.63,79.67,66.57
65.74,65.74,63.06,83.61,65.62
69.66,69.66,79.02,82.28,71.23
72.50,72.50,82.87,80.64,71.39
73.89,73.89,84.50,82.65,71.42
68.85,68.85,80.83,81.13,67.40
70.11,70.11,78.94,80.85,68.32
70.98,70.98,76.46,84.69,69.61
70.27,70.27,72.69,76.90,68.70
69.95,69.95,69.37,85.95,69.05
70.93,70.93,64.50,83.15,68.06
73.26,73.26,62.50,78.72,66.68
70.88,70.88,62.29,86.04,66.48
71.85,71.85,59.19,82.78,67.89
71.80,71.80,59.74,81.17,71.09
70.52,70.52,65.07,84.23,70.92
65.10,65.10,73.94,81.97,69.33
70.98,70.98,87.46,78.57,65.87
70.91,70.91,86.80,77.40,66.97
70.62,70.62,85.42,77.13,65.72
69.27,69.27,84.61,73.89,63.86
68.95,68.95,87.24,66.75,66.99
67.37,67.37,85.19,71.58,65.47
64.78,64.78,84.60,66.32,67.29
65.79,65.79,83.44,69.82,71.31
63.33,63.33,75.01,66.77,70.34
62.31,62.31,73.36,69.98,71.07
60.74,60.74,72.45,79.07,73.47
62.48,62.48,66.82,78.46,71.63
64.18,64.18,57.37,81.18,71.17
72.15,72.15,60.41,79.57,68.45
78.79,78.79,77.11,81.56,71.88
79.55,79.55,73.95,79.15,69.33
80.25,80.25,69.28,80.90,69.69
80.93,80.93,67.04,80.56,66.47
80.63,80.63,64.22,81.22,65.78
78.32,78.32,60.53,81.14,66.05
77.83,77.83,58.66,80.56,65.41
75.48,75.48,57.76,81.93,68.20
72.28,72.28,53.61,80.00,67.45
72.77,72.77,50.28,82.06,65.19
72.19,72.19,51.18,79.38,66.84
74.88,74.88,53.76,82.00,66.97
72.34,72.34,60.36,80.21,64.81
68.57,68.57,67.88,80.67,62.73
67.91,67.91,81.68,77.23,63.05
68.75,68.75,87.41,77.00,62.54
70.31,70.31,84.86,73.11,62.01
72.96,72.96,85.53,68.58,64.22
76.71,76.71,87.29,62.46,66.45
76.88,76.88,86.03,65.51,68.08
79.08,79.08,84.19,60.25,68.18
79.60,79.60,85.43,62.16,71.79
80.73,80.73,80.08,60.17,72.04
81.08,81.08,80.21,61.48,73.43
79.23,79.23,68.99,64.34,71.75
78.38,78.38,64.65,72.46,71.20
76.05,76.05,59.63,77.69,70.08
78.15,78.15,58.15,83.43,67.71
77.11,77.11,68.79,76.83,71.04
75.74,75.74,74.72,84.08,73.74
77.00,77.00,71.43,77.47,71.31
75.96,75.96,68.52,83.59,71.15
78.90,78.90,65.39,78.43,68.72
79.89,79.89,64.76,82.05,69.83
75.32,75.32,64.55,79.42,70.05
74.34,74.34,66.33,82.15,69.74
76.73,76.73,64.80,80.63,70.36
71.70,71.70,61.20,80.85,71.19
70.24,70.24,59.50,85.73,71.33
68.86,68.86,55.63,82.07,71.29
67.33,67.33,55.06,85.14,68.93
70.27,70.27,66.37,86.07,67.38
72.01,72.01,69.76,81.99,66.30
72.52,72.52,87.03,83.49,62.48
73.72,73.72,87.24,65.91,61.52
73.17,73.17,83.94,69.76,64.73
72.22,72.22,85.57,68.79,64.14
74.06,74.06,84.76,63.01,65.26
75.03,75.03,84.13,66.19,63.24
73.67,73.67,84.89,70.04,65.59
73.18,73.18,78.19,65.50,67.46
74.82,74.82,73.55,68.74,69.03
75.82,75.82,73.93,71.92,69.43
72.45,72.45,69.70,72.01,69.23
74.21,74.21,62.45,81.50,67.88
73.27,73.27,58.96,82.90,67.50
72.25,72.25,60.09,83.02,67.25
75.00,75.00,75.24,86.79,73.43
71.27,71.27,73.74,83.61,72.82
69.77,69.77,71.09,81.57,72.15
70.84,70.84,67.08,86.38,69.90
70.55,70.55,64.46,81.90,72.15
69.87,69.87,61.80,86.80,72.88
69.61,69.61,60.88,84.80,72.49
68.61,68.61,58.83,82.66,73.71
70.61,70.61,57.89,86.71,75.03
68.10,68.10,59.01,82.25,75.84
65.68,65.68,59.70,84.69,73.80
63.48,63.48,61.51,85.94,73.48
63.20,63.20,65.05,83.13,73.89
63.88,63.88,68.21,85.90,72.65
70.77,70.77,77.00,83.01,65.11
75.82,75.82,67.67,75.62,63.12
78.22,78.22,66.30,77.63,66.42
77.76,77.76,64.55,72.24,69.07
76.55,76.55,65.42,67.80,67.97
76.40,76.40,67.03,64.16,69.75
74.90,74.90,66.53,66.40,67.53
73.46,73.46,67.70,62.63,66.62
73.17,73.17,67.49,57.22,64.80
70.37,70.37,67.73,57.00,65.15
71.40,71.40,67.72,58.77,65.76
72.30,72.30,68.71,49.44,64.46
73.70,73.70,69.05,48.47,64.27
74.77,74.77,69.90,49.23,63.47
73.74,73.74,69.21,41.13,64.06
74.85,74.85,70.11,39.82,64.05
74.30,74.30,69.81,40.99,65.20
71.21,71.21,69.36,29.49,63.18
71.61,71.61,71.13,33.43,65.92
71.21,71.21,71.89,33.84,65.21
69.10,69.10,71.28,29.94,62.30
72.57,72.57,71.29,27.01,63.37
72.54,72.54,72.60,27.41,66.20
72.46,72.46,71.09,21.80,64.09
70.85,70.85,71.07,27.45,60.89
71.01,71.01,70.79,25.87,62.96
70.59,70.59,71.16,27.59,62.97
70.57,70.57,71.58,36.08,62.16
71.03,71.03,73.36,24.94,60.55
71.63,71.63,83.11,41.13,67.48
70.57,70.57,87.34,41.06,70.33
69.01,69.01,87.04,43.79,67.57
70.27,70.27,85.60,49.69,69.05
73.24,73.24,84.86,52.18,67.74
73.89,73.89,86.82,52.50,66.89
75.50,75.50,85.49,64.20,66.41
74.45,74.45,81.98,70.89,70.57
67.00,67.00,80.19,73.97,73.62
55.29,55.29,77.69,77.85,69.86
58.15,58.15,75.77,79.68,71.21
62.15,62.15,74.35,77.31,70.99
60.26,60.26,74.80,82.75,69.43
63.19,63.19,74.12,79.85,70.27
68.99,68.99,76.07,85.12,71.40
69.28,69.28,75.95,80.17,70.70
63.90,63.90,74.30,83.99,69.44
64.36,64.36,73.75,82.97,66.97
66.09,66.09,73.63,82.74,66.42
63.06,63.06,73.35,81.24,66.63
59.68,59.68,73.97,83.83,65.63
60.24,60.24,73.95,81.73,65.18
60.29,60.29,72.35,82.88,66.90
57.38,57.38,74.62,83.77,65.01
56.61,56.61,75.20,80.57,67.40
57.32,57.32,72.52,85.19,65.50
62.84,62.84,72.85,80.23,65.74
64.70,64.70,72.92,84.08,62.23
71.39,71.39,80.13,78.70,59.51
74.41,74.41,86.43,74.03,62.30
76.36,76.36,86.02,69.05,63.41
80.13,80.13,85.24,61.11,64.66
78.24,78.24,84.30,54.81,64.32
76.22,76.22,86.39,60.81,61.68
75.97,75.97,86.65,53.83,64.19
77.51,77.51,83.54,61.03,66.40
79.46,79.46,82.96,67.77,70.41
79.51,79.51,75.99,67.84,71.77
78.28,78.28,78.74,69.67,72.96
79.13,79.13,74.61,70.24,70.00
82.92,82.92,71.36,72.45,73.01
79.40,79.40,67.19,72.60,69.89
76.08,76.08,70.58,75.49,73.67
75.42,75.42,75.00,79.50,76.23
76.92,76.92,73.33,78.37,72.81
79.68,79.68,71.55,78.37,74.18
77.22,77.22,68.95,76.93,72.27
75.81,75.81,68.40,75.03,71.43
79.63,79.63,69.44,73.94,69.75
80.82,80.82,69.18,74.57,69.98
79.23,79.23,68.60,72.89,69.69
77.90,77.90,67.63,81.20,71.77
77.59,77.59,66.12,85.45,74.82
76.83,76.83,65.43,84.23,71.82
75.59,75.59,65.44,84.01,71.00
78.86,78.86,68.56,81.46,71.97
75.55,75.55,72.73,84.76,72.16
79.58,79.58,86.30,77.63,66.02
77.82,77.82,86.88,78.26,66.14
78.05,78.05,85.93,74.57,67.03
77.40,77.40,84.78,71.57,67.76
75.58,75.58,84.98,73.67,66.59
74.75,74.75,87.13,71.34,66.74
73.28,73.28,83.84,62.80,66.72
79.69,79.69,83.52,70.74,70.37
80.54,80.54,77.98,67.78,70.47
80.29,80.29,74.46,71.72,71.79
81.61,81.61,71.19,83.51,69.25
77.73,77.73,63.44,80.79,67.29
81.27,81.27,64.21,83.78,65.56
74.09,74.09,64.79,81.96,63.79
78.75,78.75,72.28,82.21,68.00
77.28,77.28,74.35,84.52,73.01
75.93,75.93,71.37,80.93,74.34
75.19,75.19,69.13,82.87,72.92
75.84,75.84,66.29,83.56,73.85
74.65,74.65,64.50,82.34,71.82
70.45,70.45,64.12,80.57,72.34
73.53,73.53,67.99,86.21,72.92
71.02,71.02,71.94,77.28,74.56
68.05,68.05,68.96,85.30,73.59
68.53,68.53,65.56,85.33,73.16
67.41,67.41,64.03,80.51,72.59
67.09,67.09,65.42,85.22,71.66
63.56,63.56,72.49,81.68,69.31
65.63,65.63,78.65,82.20,66.23
70.00,70.00,86.98,79.28,61.10
79.01,79.01,86.33,75.05,63.04
80.18,80.18,85.06,69.52,62.41
81.68,81.68,84.50,67.44,64.77
79.49,79.49,87.69,66.41,63.23
74.81,74.81,84.52,66.79,64.26
75.17,75.17,84.00,71.37,65.00
79.34,79.34,81.53,70.44,67.56
81.38,81.38,74.56,78.29,67.84
82.09,82.09,72.16,79.72,70.40
78.44,78.44,62.46,80.22,68.44
80.09,80.09,58.43,81.92,67.49
74.39,74.39,61.48,82.21,62.86
74.92,74.92,68.22,79.69,61.84
73.75,73.75,84.37,84.90,62.18
71.36,71.36,81.77,78.95,63.90
73.62,73.62,81.21,84.95,65.94
71.41,71.41,80.58,84.45,66.15
69.41,69.41,80.03,80.48,68.48
69.64,69.64,77.37,85.68,68.66
68.72,68.72,73.43,81.36,70.11
70.52,70.52,67.91,83.00,68.67
71.68,71.68,65.81,84.61,69.39
69.45,69.45,64.30,80.78,69.64
66.29,66.29,62.08,82.29,67.80
66.88,66.88,63.94,87.01,66.42
62.36,62.36,64.56,77.82,65.94
62.22,62.22,68.16,85.73,65.05
69.19,69.19,83.25,81.44,63.51
70.97,70.97,88.45,75.86,65.03
75.15,75.15,85.26,72.90,63.39
77.46,77.46,85.29,74.32,63.16
80.34,80.34,87.31,67.79,61.71
80.53,80.53,86.01,74.85,62.70
82.51,82.51,84.15,63.70,62.31
78.87,78.87,84.49,71.66,66.27
74.13,74.13,75.63,60.08,70.13
77.05,77.05,77.35,68.85,71.32
77.57,77.57,72.95,77.54,70.55
80.10,80.10,69.44,78.94,69.38
82.21,82.21,60.89,79.15,66.90
84.68,84.68,60.73,79.16,69.14
84.79,84.79,70.07,80.86,67.00
83.27,83.27,75.31,79.37,65.20
84.87,84.87,73.10,81.02,65.05
83.36,83.36,69.04,79.31,63.12
84.28,84.28,65.44,81.62,63.63
78.95,78.95,64.37,79.79,61.08
78.92,78.92,60.91,81.31,61.02
74.36,74.36,59.03,79.54,63.02
72.27,72.27,57.79,81.43,64.78
72.12,72.12,54.07,78.62,64.53
68.54,68.54,54.38,81.35,64.94
68.33,68.33,53.21,78.31,62.58
69.27,69.27,57.96,81.68,63.83
68.97,68.97,62.78,78.95,59.22
71.85,71.85,72.67,81.12,60.67
67.95,67.95,87.22,67.17,59.35
68.13,68.13,86.85,72.54,62.01
71.70,71.70,83.61,70.62,61.23
73.73,73.73,85.77,62.13,63.74
75.07,75.07,85.83,68.41,64.22
77.23,77.23,85.19,63.05,65.43
78.84,78.84,86.77,66.65,66.55
78.85,78.85,81.57,68.36,71.02
77.60,77.60,77.39,67.99,69.04
77.15,77.15,68.80,71.90,69.64
80.15,80.15,71.64,74.26,69.74
80.85,80.85,66.13,82.17,67.29
83.17,83.17,61.02,80.88,69.46
80.24,80.24,61.76,80.33,66.51
84.68,84.68,74.59,80.20,70.65
86.15,86.15,73.91,80.12,70.06
81.31,81.31,70.55,80.68,72.56
74.23,74.23,67.52,81.10,68.61
73.18,73.18,64.67,81.61,68.06
71.10,71.10,65.08,81.00,70.57
67.37,67.37,65.95,82.00,71.59
67.05,67.05,65.23,79.87,74.22
66.81,66.81,63.83,83.25,73.96
67.24,67.24,61.92,80.84,74.55
65.68,65.68,57.96,87.38,73.90
68.67,68.67,56.15,84.34,72.98
69.67,69.67,62.49,82.90,72.81
69.60,69.60,69.05,86.43,70.46
68.62,68.62,81.06,81.67,66.12
69.28,69.28,87.35,78.31,59.46
74.06,74.06,86.43,73.14,61.30
74.46,74.46,85.24,67.84,59.94
76.24,76.24,84.31,70.54,61.80
78.65,78.65,85.40,67.56,62.24
77.42,77.42,85.61,71.65,62.49
74.50,74.50,81.17,71.49,66.50
74.29,74.29,78.29,77.76,68.91
74.25,74.25,72.84,78.45,68.61
73.97,73.97,68.37,83.38,67.74
76.31,76.31,59.25,85.56,63.75
75.98,75.98,56.11,83.06,63.83
75.40,75.40,58.35,86.06,64.97
73.80,73.80,66.65,83.53,65.70
74.17,74.17,75.11,82.81,71.04
73.55,73.55,72.20,87.17,72.80
69.15,69.15,70.36,81.92,72.59
68.16,68.16,66.67,86.92,72.85
67.56,67.56,62.79,84.92,73.38
67.47,67.47,63.17,83.11,73.13
65.18,65.18,69.01,86.85,72.65
63.77,63.77,70.65,83.02,72.80
67.72,67.72,70.69,84.66,72.47
69.54,69.54,68.89,85.86,73.02
66.34,66.34,63.40,83.91,72.21
60.74,60.74,62.28,85.38,72.25
60.69,60.69,66.29,83.98,70.62
62.99,62.99,73.34,84.45,67.21
65.35,65.35,86.51,78.75,59.87
66.78,66.78,87.64,70.73,55.94
68.75,68.75,86.26,74.14,53.64
71.15,71.15,83.94,66.43,55.53
78.79,78.79,84.93,70.64,54.26
80.76,80.76,85.71,72.86,56.63
84.29,84.29,84.23,71.05,58.01
83.25,83.25,80.57,73.59,59.38
81.95,81.95,76.36,76.31,66.03
77.68,77.68,67.63,76.26,66.25
76.38,76.38,60.05,81.08,68.60
79.04,79.04,54.43,82.89,67.36
79.67,79.67,54.83,82.27,65.05
72.53,72.53,58.28,82.42,64.46
72.36,72.36,72.93,86.08,67.47
69.89,69.89,73.56,78.66,65.52
67.88,67.88,70.49,78.50,66.83
70.01,70.01,67.81,79.70,66.12
69.66,69.66,65.82,79.69,65.12
67.43,67.43,64.35,79.74,67.61
68.70,68.70,65.85,78.23,68.09
69.50,69.50,76.49,76.12,68.12
67.16,67.16,87.16,72.47,62.58
67.01,67.01,85.66,67.06,63.29
65.23,65.23,86.26,70.96,62.22
64.22,64.22,85.20,69.31,63.79
61.96,61.96,87.74,66.86,62.29
58.28,58.28,84.17,72.98,60.05
62.69,62.69,84.98,74.77,61.56
67.38,67.38,86.57,67.48,62.11
71.83,71.83,86.47,68.75,61.83
77.14,77.14,85.86,65.49,61.99
79.20,79.20,85.08,62.30,63.56
77.86,77.86,86.38,57.29,62.65
74.40,74.40,87.23,60.39,65.36
75.69,75.69,83.44,69.68,66.26
79.38,79.38,83.02,75.45,70.59
83.08,83.08,74.60,77.54,70.07
84.21,84.21,75.12,78.45,70.30
82.48,82.48,70.24,81.88,68.88
79.22,79.22,65.82,77.73,67.38
78.55,78.55,60.14,82.32,68.16
80.85,80.85,66.57,81.80,67.38
83.95,83.95,75.55,82.53,66.83
83.58,83.58,74.06,81.75,64.61
80.36,80.36,69.26,82.75,66.33
81.31,81.31,66.90,80.95,63.61
82.40,82.40,64.93,83.02,64.83
76.97,76.97,61.81,83.44,63.09
67.04,67.04,60.56,81.81,64.97
66.16,66.16,60.37,84.39,66.89
65.50,65.50,64.36,80.52,67.71
66.84,66.84,67.56,84.01,67.65
69.64,69.64,68.35,82.33,66.94
67.62,67.62,62.65,83.95,65.63
64.37,64.37,66.73,82.12,63.02
59.69,59.69,66.25,82.93,58.22
59.60,59.60,86.13,73.39,59.20
65.43,65.43,86.74,74.56,59.97
68.25,68.25,86.11,70.72,61.68
71.77,71.77,85.24,62.44,59.87
74.03,74.03,86.16,62.91,61.02
81.56,81.56,87.97,58.31,62.71
83.13,83.13,84.05,59.62,66.79
81.94,81.94,84.55,67.62,68.90
80.88,80.88,78.24,70.24,72.48
79.50,79.50,78.82,70.76,70.80
75.75,75.75,75.96,71.90,72.80
75.61,75.61,73.25,73.95,72.52
78.31,78.31,64.73,73.40,72.69
83.70,83.70,60.62,75.48,71.46
86.00,86.00,70.50,76.18,71.52
79.23,79.23,74.93,75.14,71.47
72.85,72.85,72.14,75.86,70.04
69.07,69.07,69.00,76.08,67.59
73.65,73.65,66.41,75.84,68.81
71.59,71.59,66.40,74.55,69.58
64.93,64.93,69.34,74.55,71.75
68.97,68.97,68.96,75.91,71.83
62.96,62.96,66.07,74.46,74.91
63.10,63.10,64.33,83.41,74.63
61.18,61.18,61.42,83.92,72.02
64.33,64.33,58.00,86.89,73.66
65.78,65.78,57.57,80.43,73.69
66.49,66.49,65.92,83.97,71.73
64.77,64.77,77.85,83.87,68.63
66.33,66.33,88.03,78.50,65.28
66.03,66.03,86.29,77.04,64.26
67.52,67.52,85.92,63.72,64.40
71.51,71.51,84.46,70.99,66.44
71.42,71.42,87.69,75.41,65.71
72.39,72.39,84.72,71.04,66.52
72.04,72.04,83.74,64.84,70.07
73.33,73.33,82.11,77.59,74.62
75.54,75.54,75.91,74.26,71.31
72.06,72.06,72.38,81.20,71.43
73.54,73.54,65.84,82.12,71.57
74.06,74.06,57.31,81.69,72.30
74.25,74.25,60.16,84.04,74.13
72.61,72.61,62.81,81.83,74.10
74.84,74.84,74.60,82.72,72.77
77.75,77.75,73.00,83.06,73.90
79.05,79.05,70.07,83.43,73.34
79.33,79.33,66.13,81.07,75.27
79.74,79.74,64.52,85.83,72.55
77.24,77.24,62.14,79.38,72.37
73.20,73.20,61.52,84.24,73.63
71.90,71.90,70.40,84.64,74.02
74.03,74.03,74.32,79.20,74.18
70.37,70.37,69.68,86.17,72.15
71.38,71.38,60.90,82.14,73.73
70.49,70.49,55.44,82.33,73.63
69.88,69.88,63.30,83.00,70.99
67.66,67.66,68.55,83.97,69.56
67.05,67.05,82.47,79.37,66.37
67.76,67.76,87.67,78.94,60.80
72.03,72.03,85.06,76.38,59.65
71.71,71.71,85.34,65.54,60.62
71.86,71.86,87.15,73.46,64.57
73.85,73.85,85.67,62.79,60.02
77.56,77.56,83.78,72.71,64.05
81.29,81.29,84.00,71.44,67.80
78.87,78.87,73.84,73.89,68.73
77.95,77.95,72.39,76.12,68.62
78.74,78.74,67.96,76.32,66.18
74.47,74.47,57.96,78.76,67.04
74.64,74.64,60.62,81.59,64.28
75.30,75.30,64.44,78.76,65.67
77.32,77.32,78.38,83.60,70.23
73.15,73.15,82.64,82.03,76.01
73.43,73.43,83.07,79.57,72.00
73.96,73.96,83.53,84.35,68.98
74.56,74.56,82.08,81.14,70.37
77.02,77.02,76.40,82.50,69.61
74.06,74.06,72.35,82.64,68.51
73.77,73.77,69.65,84.04,68.10
75.21,75.21,66.66,80.40,67.72
77.55,77.55,61.22,85.92,68.24
77.07,77.07,62.61,79.64,70.51
73.56,73.56,59.39,84.30,71.10
70.65,70.65,63.07,85.72,71.38
71.34,71.34,65.63,78.83,71.00
70.26,70.26,72.21,85.99,70.07
68.94,68.94,86.94,75.80,68.17
69.59,69.59,87.12,69.24,66.22
71.70,71.70,84.47,73.64,65.94
74.15,74.15,85.59,70.72,67.02
71.93,71.93,85.13,76.24,65.67
70.19,70.19,85.27,66.08,66.28
68.87,68.87,86.38,66.36,67.21
71.61,71.61,80.93,68.41,70.13
70.84,70.84,74.90,60.26,69.84
69.80,69.80,71.56,74.22,69.17
67.59,67.59,73.46,77.69,70.66
67.73,67.73,65.69,82.57,69.17
69.15,69.15,61.11,78.30,69.96
68.53,68.53,62.42,80.57,67.70
66.14,66.14,76.14,79.11,70.88
69.28,69.28,75.57,80.88,67.87
72.10,72.10,70.48,79.10,69.40
72.43,72.43,68.92,80.10,74.02
71.94,71.94,65.59,80.85,70.66
74.37,74.37,62.44,80.12,71.31
74.58,74.58,60.36,81.02,70.79
71.58,71.58,59.82,79.06,71.00
70.46,70.46,56.87,81.52,72.01
69.03,69.03,52.89,78.96,70.33
65.52,65.52,52.18,81.45,68.95
64.01,64.01,55.55,79.77,68.36
63.78,63.78,62.68,81.88,66.35
60.68,60.68,67.56,80.73,67.34
62.34,62.34,81.81,75.59,62.21
63.25,63.25,87.65,72.33,60.51
61.19,61.19,86.71,71.95,59.35
65.20,65.20,85.16,66.34,59.91
67.59,67.59,85.04,64.48,63.26
65.73,65.73,85.70,67.64,63.84
65.27,65.27,87.20,63.04,65.40
64.36,64.36,84.31,61.21,68.57
61.42,61.42,81.27,68.44,71.25
61.32,61.32,76.12,62.49,70.77
60.93,60.93,65.78,64.95,72.50
58.54,58.54,65.68,74.78,70.23
59.23,59.23,65.52,83.17,69.60
58.96,58.96,58.23,77.30,71.33
58.36,58.36,65.83,84.31,69.67
54.71,54.71,75.87,75.06,76.00
57.53,57.53,72.90,83.29,72.80
61.74,61.74,70.17,80.49,74.15
56.96,56.96,67.08,82.12,72.20
60.27,60.27,66.37,79.84,74.42
59.48,59.48,66.92,82.17,71.49
56.49,56.49,67.66,80.68,72.71
53.23,53.23,65.86,81.26,72.54
56.61,56.61,62.83,80.54,73.68
57.98,57.98,62.65,83.20,74.68
57.79,57.79,59.21,84.45,74.24
54.38,54.38,55.96,83.48,72.49
54.22,54.22,62.68,86.30,72.01
52.29,52.29,70.38,83.59,70.93
55.24,55.24,85.93,80.98,73.06
58.45,58.45,87.96,80.65,65.14
58.84,58.84,85.83,73.35,61.49
60.46,60.46,84.07,71.51,61.51
58.34,58.34,84.56,65.42,60.95
53.51,53.51,86.02,75.24,62.42
52.98,52.98,83.57,66.09,65.04
52.30,52.30,79.56,71.03,68.41
48.14,48.14,74.82,67.65,70.18
49.96,49.96,72.80,78.87,68.20
54.27,54.27,66.77,80.98,65.94
59.58,59.58,56.08,84.18,64.34
67.69,67.69,58.52,83.99,64.10
73.94,73.94,63.17,83.86,62.61
74.50,74.50,63.85,85.86,73.88
72.02,72.02,62.47,83.57,74.72
75.16,75.16,64.09,84.43,73.85
75.74,75.74,58.34,84.38,72.03
74.58,74.58,52.23,84.11,74.51
73.38,73.38,50.65,83.95,72.61
74.25,74.25,50.66,86.00,71.70
73.50,73.50,50.59,84.32,73.39
73.94,73.94,51.42,84.10,72.79
74.34,74.34,51.23,85.68,73.38
74.66,74.66,51.26,83.54,73.56
73.49,73.49,53.22,86.63,71.92
73.08,73.08,54.15,84.46,73.41
72.82,72.82,56.25,83.28,72.60
71.79,71.79,54.10,87.41,74.69
69.90,69.90,51.64,70.91,74.03
68.62,68.62,50.10,71.45,73.54
69.92,69.92,47.47,70.69,73.81
70.95,70.95,48.21,66.96,73.66
70.74,70.74,48.11,66.43,72.31
71.50,71.50,51.25,66.68,71.53
71.76,71.76,49.88,66.90,69.46
71.92,71.92,49.50,65.10,69.39
68.47,68.47,49.38,69.05,68.17
65.68,65.68,48.05,72.25,68.22
64.01,64.01,49.35,72.89,68.41
64.84,64.84,50.96,74.73,68.73
68.25,68.25,54.46,75.45,70.29
69.40,69.40,56.50,73.96,71.04
75.88,75.88,54.58,74.34,74.10
75.86,75.86,49.53,77.21,73.12
76.12,76.12,45.13,75.45,73.72
74.78,74.78,43.49,80.00,74.29
71.75,71.75,41.65,81.64,73.29
70.42,70.42,41.93,80.81,73.26
69.79,69.79,41.11,78.68,73.47
69.86,69.86,43.73,77.92,73.19
64.83,64.83,48.51,79.27,72.67
60.77,60.77,58.10,81.23,75.14
64.63,64.63,60.51,81.06,73.33
65.17,65.17,62.97,78.34,72.45
58.97,58.97,68.51,78.45,71.40
55.01,55.01,71.43,70.83,71.50
53.23,53.23,85.46,73.64,71.92
62.68,62.68,85.85,59.49,70.35
65.68,65.68,86.40,59.91,66.32
67.28,67.28,85.55,57.25,65.22
66.13,66.13,85.40,58.00,65.56
64.71,64.71,88.49,60.14,63.26
62.06,62.06,84.80,64.96,66.06
55.98,55.98,84.80,71.72,69.57
54.27,54.27,78.00,73.31,72.00
55.39,55.39,78.65,75.43,71.22
58.17,58.17,75.74,78.30,70.90
60.02,60.02,71.69,77.75,69.92
58.82,58.82,63.49,81.09,71.25
57.24,57.24,64.24,84.47,71.55
57.71,57.71,74.11,79.00,71.59
62.68,62.68,77.13,84.16,71.24
63.23,63.23,73.23,81.21,69.77
62.29,62.29,69.55,84.03,67.95
56.87,56.87,67.48,82.66,66.43
55.68,55.68,64.28,83.23,66.56
51.73,51.73,61.29,80.80,65.01
53.24,53.24,60.27,83.55,67.61
56.81,56.81,61.94,83.43,65.57
64.97,64.97,62.61,82.41,64.51
71.42,71.42,62.39,85.02,64.08
69.92,69.92,58.70,79.28,64.39
60.48,60.48,59.12,85.33,65.32
52.93,52.93,65.01,81.66,62.98
54.07,54.07,75.97,82.76,59.37
64.12,64.12,87.35,68.43,63.94
72.63,72.63,86.34,67.47,63.51
76.74,76.74,86.16,51.88,61.19
83.49,83.49,85.49,54.10,62.10
82.41,82.41,87.92,56.49,60.96
81.50,81.50,85.59,56.35,62.23
78.98,78.98,84.43,50.10,67.33
75.64,75.64,83.12,57.51,70.66
77.71,77.71,78.30,56.40,73.02
82.29,82.29,76.70,63.51,71.35
78.48,78.48,75.16,71.61,70.54
77.63,77.63,73.23,71.83,68.72
74.94,74.94,63.34,74.19,68.00
73.97,73.97,65.97,74.91,67.08
69.21,69.21,76.03,73.68,73.47
74.28,74.28,74.26,74.02,71.78
81.40,81.40,70.69,74.29,70.31
79.21,79.21,68.68,73.70,69.21
76.14,76.14,66.00,75.15,66.94
75.16,75.16,66.01,74.90,71.06
69.98,69.98,67.00,75.97,69.23
71.93,71.93,66.15,77.34,70.20
73.57,73.57,63.66,76.05,71.36
76.56,76.56,61.06,82.01,70.41
75.37,75.37,58.68,83.63,70.80
72.98,72.98,55.56,86.52,68.76
79.59,79.59,62.78,81.93,70.49
81.06,81.06,71.68,83.91,68.55
82.14,82.14,83.15,79.28,65.33
80.14,80.14,88.43,70.28,62.39
77.76,77.76,84.99,61.45,61.55
81.33,81.33,85.38,65.97,61.85
78.56,78.56,86.24,68.84,64.60
80.73,80.73,84.75,67.82,65.07
79.26,79.26,83.64,60.68,64.99
78.80,78.80,85.18,68.63,69.51
72.51,72.51,78.28,61.99,70.90
71.33,71.33,75.72,66.94,70.63
77.31,77.31,71.31,75.88,69.85
76.38,76.38,66.54,81.28,68.79
81.43,81.43,57.05,81.61,68.36
81.89,81.89,60.39,80.61,68.01
77.01,77.01,69.45,85.08,69.93
78.05,78.05,74.22,80.10,74.45
79.31,79.31,72.06,83.04,75.57
77.69,77.69,68.69,85.03,75.16
75.58,75.58,65.50,78.26,75.12
70.90,70.90,62.47,84.91,75.39
72.79,72.79,60.35,82.44,75.28
73.97,73.97,63.73,82.38,72.48
73.82,73.82,75.02,82.27,72.80
70.45,70.45,71.49,81.99,70.94
67.53,67.53,69.28,81.06,71.41
66.63,66.63,62.33,86.10,68.79
66.39,66.39,61.77,80.12,66.88
63.89,63.89,67.66,84.32,62.71
66.73,66.73,74.29,84.99,58.53
68.93,68.93,86.75,77.42,56.98
66.95,66.95,86.91,79.59,54.56
67.60,67.60,83.98,70.69,56.82
71.08,71.08,85.76,73.19,62.19
65.56,65.56,85.34,76.12,60.63
68.08,68.08,84.50,73.67,61.98
68.08,68.08,85.82,59.61,64.23
64.68,64.68,81.04,75.61,68.19
70.20,70.20,77.30,74.21,72.24
68.13,68.13,72.29,79.25,69.02
69.31,69.31,72.08,83.84,67.12
66.27,66.27,60.93,81.29,66.49
66.28,66.28,61.16,85.12,64.50
71.87,71.87,64.42,81.66,62.02
75.96,75.96,82.56,82.04,65.70
72.27,72.27,83.67,81.31,65.95
73.31,73.31,81.71,83.01,69.38
69.33,69.33,79.66,81.22,70.59
67.89,67.89,77.48,84.52,70.52
69.89,69.89,76.43,80.25,69.80
69.00,69.00,75.16,83.69,70.11
69.82,69.82,71.59,85.60,70.23
69.90,69.90,67.04,78.20,70.50
73.60,73.60,64.85,86.48,69.29
76.28,76.28,63.71,82.94,68.94
78.21,78.21,60.56,80.42,69.74
75.54,75.54,62.21,83.54,67.53
73.51,73.51,62.95,83.95,66.48
72.62,72.62,81.52,79.59,65.52
74.13,74.13,87.38,79.78,64.25
78.34,78.34,86.15,77.21,65.60
77.99,77.99,86.01,73.44,64.93
75.28,75.28,85.24,70.65,64.42
77.64,77.64,85.61,68.98,64.89
75.90,75.90,86.77,68.46,64.28
77.64,77.64,82.56,66.28,66.84
76.69,76.69,80.67,65.83,69.44
76.93,76.93,77.34,72.49,70.47
76.43,76.43,75.79,76.45,71.53
71.48,71.48,71.84,77.87,70.71
73.94,73.94,57.36,74.87,68.36
80.01,80.01,57.85,80.80,68.47
76.44,76.44,66.15,79.94,66.79
77.21,77.21,76.65,81.91,64.41
80.53,80.53,72.45,78.89,63.99
79.49,79.49,70.07,81.64,63.88
79.14,79.14,65.88,80.36,64.86
78.33,78.33,63.82,81.40,62.20
75.47,75.47,61.66,80.06,61.62
77.50,77.50,58.97,81.24,61.44
77.65,77.65,56.70,80.58,63.77
76.34,76.34,51.19,82.28,63.58
76.56,76.56,49.81,80.08,63.56
76.02,76.02,49.81,82.93,63.67
74.91,74.91,52.57,79.61,60.51
74.27,74.27,64.19,82.68,58.09
73.54,73.54,70.62,78.97,58.05
74.86,74.86,85.86,80.01,55.94
78.17,78.17,87.88,67.60,59.55
76.20,76.20,85.96,69.83,62.41
73.09,73.09,84.78,68.59,62.90
74.37,74.37,85.05,62.73,61.82
79.75,79.75,87.07,65.77,61.32
80.12,80.12,85.18,66.94,64.63
82.01,82.01,80.70,69.92,68.43
81.12,81.12,76.78,66.88,66.84
80.50,80.50,73.49,71.55,68.32
80.41,80.41,74.58,80.48,68.62
78.88,78.88,66.59,79.57,66.51
78.79,78.79,59.66,79.61,66.40
77.18,77.18,63.25,79.17,68.34
73.47,73.47,73.95,79.24,69.38
74.99,74.99,75.29,81.29,72.76
70.69,70.69,70.75,78.17,72.40
70.48,70.48,69.23,80.85,70.98
71.47,71.47,66.30,78.95,72.41
70.05,70.05,64.84,81.21,71.74
67.28,67.28,67.07,80.02,72.79
66.08,66.08,64.81,82.15,72.81
64.68,64.68,63.89,77.56,72.25
66.49,66.49,62.31,83.24,72.76
62.19,62.19,58.48,81.75,72.38
64.89,64.89,55.20,86.49,71.92
63.70,63.70,60.98,83.49,71.87
65.45,65.45,69.12,83.26,70.27
67.83,67.83,77.88,85.82,70.35
68.29,68.29,87.84,74.94,64.83
74.30,74.30,86.40,68.05,61.64
76.56,76.56,85.62,71.00,61.09
73.97,73.97,84.07,68.84,59.94
77.11,77.11,85.87,74.57,60.50
75.78,75.78,86.27,72.92,61.05
76.14,76.14,82.25,74.90,63.56
78.48,78.48,81.81,77.42,65.86
74.42,74.42,72.91,78.22,62.89
75.81,75.81,71.95,84.11,65.57
77.26,77.26,62.84,83.62,64.06
76.89,76.89,54.57,83.56,62.43
76.48,76.48,58.01,85.03,63.18
76.97,76.97,64.80,83.77,66.31
73.33,73.33,74.92,84.21,71.41
73.20,73.20,72.81,84.88,76.26
72.89,72.89,69.38,83.48,75.39
75.48,75.48,66.33,83.66,74.44
70.53,70.53,63.45,86.18,72.85
73.72,73.72,59.78,83.68,73.17
73.65,73.65,57.43,83.04,73.33
70.02,70.02,53.84,85.28,76.65
68.62,68.62,49.69,83.43,74.64
68.99,68.99,48.74,86.96,75.55
66.62,66.62,51.42,83.91,74.95
65.43,65.43,54.86,82.63,74.78
62.20,62.20,64.02,86.75,74.66
59.38,59.38,71.24,82.35,72.65
60.52,60.52,85.42,82.30,66.63
65.73,65.73,86.85,74.65,61.07
70.93,70.93,84.86,69.32,58.33
65.92,65.92,84.89,67.93,58.66
68.76,68.76,84.67,68.67,57.46
66.85,66.85,87.99,68.61,60.51
64.14,64.14,83.97,68.30,62.57
63.01,63.01,82.48,70.31,65.67
60.02,60.02,77.39,75.19,69.67
60.12,60.12,64.91,64.92,69.35
60.29,60.29,56.24,76.90,68.85
61.39,61.39,53.10,77.45,68.85
60.69,60.69,55.06,82.38,69.11
63.87,63.87,58.49,83.24,65.99
70.09,70.09,70.60,84.06,69.93
75.61,75.61,74.45,82.40,68.62
73.43,73.43,71.81,82.56,69.59
70.45,70.45,68.52,79.64,73.03
75.29,75.29,65.96,79.70,72.83
76.84,76.84,62.79,80.49,73.97
74.15,74.15,65.52,79.75,72.11
72.28,72.28,70.65,78.28,72.98
69.07,69.07,87.01,75.41,69.06
67.32,67.32,86.92,73.12,64.95
70.00,70.00,85.21,69.07,63.69
70.49,70.49,85.55,67.66,62.86
71.97,71.97,85.06,69.34,61.98
69.70,69.70,84.89,64.29,59.39
76.14,76.14,85.45,66.52,57.46
76.54,76.54,86.71,55.53,62.18
76.80,76.80,86.03,60.13,62.37
77.97,77.97,85.90,64.35,62.72
78.17,78.17,84.72,61.03,63.79
79.18,79.18,87.31,61.31,63.14
83.39,83.39,85.23,62.67,63.21
80.16,80.16,84.42,67.11,65.61
80.03,80.03,82.12,73.26,70.63
82.21,82.21,76.30,74.73,69.89
82.19,82.19,78.06,78.57,70.50
79.23,79.23,72.52,79.39,69.93
77.67,77.67,65.45,78.00,67.18
76.94,76.94,59.59,80.41,68.95
76.78,76.78,62.23,83.40,65.39
76.15,76.15,75.87,82.39,66.22
76.39,76.39,74.19,82.72,65.03
75.37,75.37,70.47,80.98,60.65
76.27,76.27,67.85,83.96,62.49
73.68,73.68,63.00,82.08,62.73
69.32,69.32,61.78,82.30,62.16
66.99,66.99,57.43,84.19,60.45
65.98,65.98,56.05,80.38,65.03
65.89,65.89,58.49,84.60,68.14
70.71,70.71,61.64,80.97,65.49
73.68,73.68,60.78,83.68,65.09
70.59,70.59,58.45,82.89,62.56
66.70,66.70,61.81,84.06,59.81
65.18,65.18,68.64,80.43,57.31
68.96,68.96,83.05,80.99,57.73
73.07,73.07,88.25,67.06,61.41
77.15,77.15,84.87,65.55,62.56
79.32,79.32,85.46,58.23,62.36
77.75,77.75,87.54,52.61,64.85
75.71,75.71,86.17,52.45,64.76
74.04,74.04,84.62,61.77,66.19
76.87,76.87,85.59,68.59,70.68
77.46,77.46,79.28,73.41,72.85
77.03,77.03,78.88,75.54,71.21
77.41,77.41,74.43,76.38,71.38
76.33,76.33,77.68,76.48,71.42
76.03,76.03,66.37,77.24,72.07
75.99,75.99,60.86,75.54,71.71
75.15,75.15,70.04,76.79,69.62
75.85,75.85,76.41,77.43,73.66
71.55,71.55,72.96,80.21,75.32
72.25,72.25,70.17,81.91,75.25
69.69,69.69,67.46,79.97,72.95
67.76,67.76,66.38,77.66,71.36
66.01,66.01,66.96,76.54,71.57
65.42,65.42,66.42,77.03,72.19
65.00,65.00,63.95,76.61,73.68
63.07,63.07,62.70,81.84,75.18
65.03,65.03,62.04,83.42,75.36
64.32,64.32,56.46,85.94,73.59
65.83,65.83,59.02,84.09,71.12
68.06,68.06,65.80,83.49,71.03
70.56,70.56,71.22,80.90,69.16
70.11,70.11,87.41,80.24,63.32
70.48,70.48,87.52,68.90,59.81
73.74,73.74,84.34,67.70,60.71
75.67,75.67,86.06,54.96,61.00
75.50,75.50,85.21,67.38,62.18
75.59,75.59,84.90,62.71,64.73
74.28,74.28,86.63,69.86,65.40
76.57,76.57,81.59,67.40,69.94
77.83,77.83,78.85,74.32,68.72
75.41,75.41,74.21,77.00,71.22
76.53,76.53,70.62,80.82,69.03
76.64,76.64,60.94,84.17,68.99
75.18,75.18,58.46,82.12,68.91
73.72,73.72,61.61,81.94,68.93
75.63,75.63,74.03,85.60,69.46
73.99,73.99,74.39,78.07,68.31
74.38,74.38,71.05,84.66,68.00
73.67,73.67,66.81,83.05,67.84
75.03,75.03,64.82,82.14,69.66
70.65,70.65,60.84,84.05,70.37
67.60,67.60,61.05,82.99,68.33
71.67,71.67,65.75,81.01,74.57
69.94,69.94,69.36,85.38,74.10
67.82,67.82,64.07,80.60,72.50
65.37,65.37,58.00,82.83,70.22
64.29,64.29,56.81,86.67,71.82
64.95,64.95,62.75,77.17,68.72
65.27,65.27,70.16,85.88,66.52
72.14,72.14,82.72,80.57,66.44
74.09,74.09,87.04,77.96,65.43
75.36,75.36,86.05,76.74,62.94
79.00,79.00,84.59,73.83,59.82
81.14,81.14,84.58,61.81,61.16
80.00,80.00,85.16,75.23,58.60
80.16,80.16,86.53,62.47,60.77
79.61,79.61,82.25,72.87,63.66
80.07,80.07,79.31,76.85,65.87
81.58,81.58,72.32,72.32,66.36
79.80,79.80,72.52,80.69,66.67
77.76,77.76,62.20,78.82,65.38
77.42,77.42,56.41,77.66,63.54
74.63,74.63,62.46,82.49,59.25
75.03,75.03,72.44,82.88,57.60
74.70,74.70,81.52,82.10,65.64
71.02,71.02,81.45,83.52,60.73
73.56,73.56,80.78,81.53,62.48
75.43,75.43,80.72,82.73,63.22
74.11,74.11,79.82,86.20,63.35
72.99,72.99,76.40,80.33,63.19
68.36,68.36,70.08,85.00,62.36
68.87,68.87,61.96,82.03,64.44
67.88,67.88,58.73,83.34,62.09
67.21,67.21,55.43,84.40,64.81
62.41,62.41,54.74,82.36,66.94
63.21,63.21,55.17,82.31,68.17
63.08,63.08,66.59,86.29,67.79
64.09,64.09,70.14,80.75,66.40
73.48,73.48,86.69,82.17,66.86
80.17,80.17,87.69,73.53,63.22
77.49,77.49,86.08,74.47,61.22
78.96,78.96,84.41,75.54,62.24
77.49,77.49,84.83,70.55,61.04
76.26,76.26,86.55,60.15,63.02
76.34,76.34,85.26,71.47,65.19
78.03,78.03,80.17,61.01,69.12
77.97,77.97,77.43,65.37,70.04
79.48,79.48,75.58,73.84,73.19
77.21,77.21,75.88,81.67,69.84
77.28,77.28,65.54,77.88,68.43
75.51,75.51,57.59,80.21,68.76
74.56,74.56,59.28,80.44,67.96
73.22,73.22,74.94,81.04,68.02
71.01,71.01,75.08,80.78,66.53
72.56,72.56,71.36,80.81,64.60
73.67,73.67,67.54,81.12,66.97
71.62,71.62,65.46,81.24,66.15
68.93,68.93,67.13,81.33,63.12
70.87,70.87,64.32,80.11,67.19
72.39,72.39,64.10,80.63,68.09
73.78,73.78,61.76,81.52,65.79
74.26,74.26,58.78,81.80,65.42
75.19,75.19,54.67,81.23,65.22
76.19,76.19,54.49,82.41,62.83
75.75,75.75,59.06,81.61,62.39
73.93,73.93,67.92,81.26,62.73
70.49,70.49,80.22,79.34,62.74
67.14,67.14,88.57,73.40,61.27
70.38,70.38,86.02,70.97,62.05
69.66,69.66,85.28,66.56,64.09
78.40,78.40,84.35,66.41,64.98
79.55,79.55,85.71,60.42,65.27
78.84,78.84,86.73,62.44,62.93
78.82,78.82,83.15,67.79,65.77
80.16,80.16,82.72,70.44,71.49
80.05,80.05,72.60,64.77,68.07
79.77,79.77,74.11,68.21,68.31
77.50,77.50,70.52,77.54,67.25
76.76,76.76,67.31,79.92,65.77
74.32,74.32,59.15,83.45,67.05
71.81,71.81,65.46,77.74,68.34
74.75,74.75,74.49,83.79,73.33
76.01,76.01,72.86,77.62,69.76
77.00,77.00,69.76,83.00,69.64
76.95,76.95,68.72,78.28,69.59
73.31,73.31,65.90,82.77,70.47
65.66,65.66,65.71,79.87,71.11
64.32,64.32,67.02,81.66,70.18
62.42,62.42,65.62,80.00,72.41
58.89,58.89,64.09,79.90,74.20
60.09,60.09,62.68,86.60,73.50
59.08,59.08,59.95,81.48,72.10
62.62,62.62,58.01,84.32,73.10
64.52,64.52,64.17,85.80,71.53
68.56,68.56,69.99,82.95,70.17
70.79,70.79,84.92,84.33,70.03
72.19,72.19,87.22,69.71,64.07
74.34,74.34,85.66,68.60,61.04
74.27,74.27,84.54,65.64,63.68
75.09,75.09,85.37,69.78,63.71
73.61,73.61,87.31,66.11,64.75
76.51,76.51,83.33,67.79,64.62
77.18,77.18,83.66,72.09,67.14
76.70,76.70,76.81,72.02,68.46
74.65,74.65,77.20,81.78,66.10
75.19,75.19,69.31,81.60,67.88
74.47,74.47,62.43,84.36,64.79
75.77,75.77,57.21,84.44,63.64
75.20,75.20,59.83,82.77,64.70
74.68,74.68,70.79,86.95,69.48
74.36,74.36,73.94,83.77,72.94
75.79,75.79,71.36,82.71,72.10
70.63,70.63,67.51,86.89,72.80
63.43,63.43,64.33,83.24,73.18
61.37,61.37,61.57,85.78,73.33
57.53,57.53,59.20,85.69,72.50
59.85,59.85,56.32,83.22,73.48
62.13,62.13,53.52,86.01,73.50
62.99,62.99,50.52,83.56,73.75
60.28,60.28,48.94,83.43,71.43
60.52,60.52,51.86,86.33,74.43
59.48,59.48,56.45,83.31,70.58
63.06,63.06,66.76,85.22,69.41
69.45,69.45,75.28,83.90,67.11
76.89,76.89,86.49,77.45,63.28
76.77,76.77,85.89,74.40,61.67
78.80,78.80,85.50,71.53,67.41
74.95,74.95,84.68,65.13,68.36
76.80,76.80,87.67,60.42,65.27
76.82,76.82,85.48,59.55,63.60
72.74,72.74,84.06,63.24,66.15
75.91,75.91,83.21,68.94,69.47
75.37,75.37,78.61,67.94,70.33
77.13,77.13,77.45,71.66,70.68
77.16,77.16,73.40,73.42,69.57
75.67,75.67,71.32,73.11,69.68
77.24,77.24,60.73,73.54,70.88
72.36,72.36,61.56,73.42,71.62
73.63,73.63,75.17,77.18,73.69
72.53,72.53,73.58,77.27,71.07
77.07,77.07,69.78,77.77,72.97
71.96,71.96,66.95,76.35,72.66
70.17,70.17,64.62,77.51,71.67
72.76,72.76,64.74,79.62,71.13
73.64,73.64,69.54,80.05,70.49
74.63,74.63,79.58,77.44,68.78
72.32,72.32,87.16,70.30,65.70
73.13,73.13,87.32,64.77,61.97
72.30,72.30,85.51,60.02,63.27
71.90,71.90,84.91,64.99,63.71
71.22,71.22,86.23,69.49,63.44
73.87,73.87,87.63,67.29,66.52
73.81,73.81,84.00,60.42,71.75
72.90,72.90,81.12,44.74,75.41
70.67,70.67,76.88,41.93,76.00
66.10,66.10,77.49,38.00,73.79
62.52,62.52,77.89,47.99,73.35
64.20,64.20,69.68,43.88,73.63
64.04,64.04,57.51,40.04,73.90
64.70,64.70,58.94,45.42,73.33
63.48,63.48,59.56,46.34,72.89
61.04,61.04,57.19,45.31,73.94
59.14,59.14,53.90,44.85,72.79
60.96,60.96,52.63,46.70,75.57
62.97,62.97,50.62,45.47,71.78
61.35,61.35,48.39,40.23,70.95
64.25,64.25,47.20,34.90,71.18
64.20,64.20,48.09,39.45,73.38
63.83,63.83,49.51,47.37,71.32
64.73,64.73,48.98,44.06,72.13
65.94,65.94,48.35,36.67,70.45
65.50,65.50,48.28,29.74,68.26
65.57,65.57,45.83,32.74,66.76
65.25,65.25,47.65,34.91,65.78
66.95,66.95,50.20,27.76,68.97
65.13,65.13,52.46,27.50,68.78
63.77,63.77,48.87,24.68,67.92
63.92,63.92,49.35,26.16,66.64
64.35,64.35,46.17,25.13,64.63
65.80,65.80,45.36,28.55,65.00
65.07,65.07,43.15,22.11,67.80
72.79,72.79,42.74,35.93,76.31
75.83,75.83,41.46,34.26,75.60
75.01,75.01,41.44,26.35,75.77
69.83,69.83,39.20,29.55,73.40
67.36,67.36,39.76,32.20,76.13
65.74,65.74,39.00,28.06,75.94
62.91,62.91,42.48,32.45,77.95
63.03,63.03,44.82,34.02,77.31
66.22,66.22,42.37,29.30,75.97
67.34,67.34,42.73,33.45,74.79
68.77,68.77,43.07,27.80,72.55
70.66,70.66,47.02,28.47,73.01
71.12,71.12,48.92,30.32,72.59
71.03,71.03,52.34,34.74,71.83
77.21,77.21,55.36,40.62,74.88
79.32,79.32,54.31,36.87,72.69
76.46,76.46,53.58,25.17,71.00
73.86,73.86,52.41,15.30,70.34
73.69,73.69,47.38,18.52,66.99
67.06,67.06,44.66,15.46,68.79
61.85,61.85,44.06,13.28,71.39
59.25,59.25,50.07,12.88,74.07
60.40,60.40,48.49,5.63,74.41
56.13,56.13,50.07,10.40,76.19
57.27,57.27,46.49,12.17,74.13
61.49,61.49,40.27,10.23,73.81
65.95,65.95,40.03,11.11,72.60
70.46,70.46,40.37,19.30,74.84
73.65,73.65,38.96,19.26,72.77
76.50,76.50,38.41,24.92,72.65
74.15,74.15,37.18,27.03,73.11
76.62,76.62,39.91,27.62,74.25
76.54,76.54,39.55,26.26,73.55
72.19,72.19,35.00,20.94,73.34
72.97,72.97,35.45,16.99,71.76
73.45,73.45,35.14,26.01,71.84
73.73,73.73,38.35,25.37,72.05
73.52,73.52,38.40,29.97,70.03
75.52,75.52,42.90,32.27,70.48
74.68,74.68,45.57,26.73,69.82
76.48,76.48,51.33,31.11,72.37
77.51,77.51,51.39,19.64,73.27
73.05,73.05,46.80,14.84,72.25
72.57,72.57,44.59,13.65,75.09
78.93,78.93,39.24,14.98,78.42
77.24,77.24,38.30,19.71,76.52
81.22,81.22,33.86,25.19,75.54
81.28,81.28,35.42,27.92,75.37
80.83,80.83,36.90,19.77,77.18
79.44,79.44,39.39,30.71,75.83
79.29,79.29,39.18,30.10,77.70
76.64,76.64,39.44,29.86,75.64
74.22,74.22,38.64,29.75,77.22
71.52,71.52,39.44,31.27,73.38
69.97,69.97,39.67,28.93,76.65
69.37,69.37,40.97,31.68,75.06
72.95,72.95,42.60,31.86,76.09
75.28,75.28,42.32,27.76,76.27
77.37,77.37,42.89,22.12,76.01
76.87,76.87,38.09,23.43,75.76
74.27,74.27,35.27,25.34,76.81
71.44,71.44,33.99,22.94,77.72
67.39,67.39,29.80,23.41,75.36
62.14,62.14,27.29,30.12,72.67
66.08,66.08,26.19,33.88,72.36
62.55,62.55,25.74,28.96,72.90
61.37,61.37,28.33,33.87,72.85
63.54,63.54,34.58,33.71,71.77
63.59,63.59,36.86,26.82,68.60
64.47,64.47,43.38,25.03,67.73
69.36,69.36,42.28,24.44,68.43
75.11,75.11,39.49,40.86,71.49
76.44,76.44,40.17,44.02,72.64
74.26,74.26,37.58,35.68,72.54
70.55,70.55,33.76,39.16,74.45
70.07,70.07,35.50,33.44,72.61
69.44,69.44,37.87,35.96,73.20
73.21,73.21,39.06,29.33,71.83
71.09,71.09,37.58,23.24,71.60
70.86,70.86,37.02,30.94,71.12
72.49,72.49,40.33,24.95,68.98
73.37,73.37,45.51,26.63,69.93
69.67,69.67,48.80,19.84,69.25
74.30,74.30,51.36,17.19,69.22
73.03,73.03,49.56,20.32,67.27
69.06,69.06,44.60,18.76,68.95
75.72,75.72,42.20,23.18,73.92
76.22,76.22,38.69,37.47,77.38
76.24,76.24,34.47,35.74,75.82
77.15,77.15,31.20,30.71,76.43
74.06,74.06,30.28,32.24,73.91
79.75,79.75,26.32,20.04,72.11
81.24,81.24,26.27,23.11,72.59
83.99,83.99,27.87,26.71,72.72
82.50,82.50,29.14,28.69,73.52
76.64,76.64,35.34,29.57,73.66
75.08,75.08,37.00,32.18,70.50
73.65,73.65,38.86,31.75,70.64
69.82,69.82,38.86,29.79,69.95
70.28,70.28,36.28,31.45,70.86
71.01,71.01,37.70,36.32,71.76
70.95,70.95,34.42,40.49,71.64
72.95,72.95,32.78,38.22,70.69
73.05,73.05,34.72,38.01,69.76
70.74,70.74,35.49,34.21,66.22
67.80,67.80,38.51,36.33,68.21
65.38,65.38,41.61,38.39,66.50
65.12,65.12,44.59,29.77,67.14
63.57,63.57,46.97,36.45,67.55
62.73,62.73,47.33,26.76,65.64
64.42,64.42,46.82,32.14,67.77
62.01,62.01,46.29,22.63,66.06
68.41,68.41,45.95,28.93,66.72
74.33,74.33,44.41,38.15,66.55
78.86,78.86,46.30,34.75,71.29
79.82,79.82,45.54,36.86,73.84
78.98,78.98,38.16,38.18,73.49
79.59,79.59,35.18,42.07,73.34
79.35,79.35,32.87,39.09,73.59
77.75,77.75,35.78,34.49,75.71
78.50,78.50,35.45,31.95,74.32
80.16,80.16,35.65,42.51,76.19
81.85,81.85,36.18,31.54,74.49
84.10,84.10,33.42,29.82,74.57
83.74,83.74,37.21,26.21,72.97
81.48,81.48,36.48,25.07,70.26
80.56,80.56,35.24,21.17,71.62
79.35,79.35,32.16,22.83,71.94
73.35,73.35,30.15,19.75,73.70
75.08,75.08,32.96,19.51,73.90
72.91,72.91,32.65,22.89,78.34
70.69,70.69,30.85,27.87,75.02
69.71,69.71,28.81,21.88,75.28
67.37,67.37,29.61,25.78,73.79
61.48,61.48,31.63,13.83,74.06
61.40,61.40,32.00,19.00,72.71
57.49,57.49,36.15,22.70,73.94
60.88,60.88,34.29,25.41,75.90
60.33,60.33,33.02,28.91,75.12
59.03,59.03,32.50,30.73,75.59
62.19,62.19,35.47,20.19,73.81
62.07,62.07,36.31,20.81,73.67
65.12,65.12,33.89,21.72,71.71
69.53,69.53,30.81,28.75,73.02
70.97,70.97,30.21,35.38,73.17
71.54,71.54,32.21,40.61,72.23
70.49,70.49,33.15,44.65,73.52
70.75,70.75,29.94,36.32,72.88
72.58,72.58,30.97,38.45,73.71
72.23,72.23,32.83,37.82,71.87
74.76,74.76,37.52,41.49,73.05
73.29,73.29,42.57,46.59,71.78
69.36,69.36,43.62,46.38,71.69
72.82,72.82,42.39,37.67,70.73
72.24,72.24,40.59,41.82,70.00
73.46,73.46,39.14,33.02,70.00
71.36,71.36,36.40,35.35,69.94
69.85,69.85,37.17,32.01,71.49
67.72,67.72,36.97,34.92,74.42
66.41,66.41,35.40,33.39,76.35
69.22,69.22,36.49,28.36,75.03
66.17,66.17,38.43,25.66,74.11
61.66,61.66,35.42,30.22,74.05
58.97,58.97,34.30,31.95,74.58
60.39,60.39,33.92,37.28,76.85
55.83,55.83,33.60,20.87,75.55
55.41,55.41,34.40,31.05,73.53
52.01,52.01,35.55,29.50,72.47
58.51,58.51,34.85,26.00,73.54
65.32,65.32,34.70,24.83,74.42
68.71,68.71,32.27,24.99,73.51
72.30,72.30,31.62,37.29,75.03
76.30,76.30,30.14,40.48,74.83
84.05,84.05,27.20,45.45,76.64
81.97,81.97,24.79,38.94,73.69
75.38,75.38,27.01,37.29,74.48
78.62,78.62,31.10,26.52,72.72
76.18,76.18,33.05,26.36,71.69
84.74,84.74,30.37,25.38,72.35
81.05,81.05,32.49,20.63,72.76
75.10,75.10,34.97,25.24,70.47
76.68,76.68,33.55,30.31,71.61
82.80,82.80,34.16,20.13,70.80
83.60,83.60,33.59,21.20,67.25
71.85,71.85,30.60,20.26,68.04
66.85,66.85,32.52,24.09,71.10
68.33,68.33,32.06,27.30,75.29
69.12,69.12,32.17,25.07,76.14
64.69,64.69,33.03,31.00,76.14
67.88,67.88,34.26,35.06,76.07
65.34,65.34,35.69,32.56,73.09
64.17,64.17,38.24,34.01,73.87
61.76,61.76,39.54,41.44,72.98
62.71,62.71,40.07,31.00,72.52
60.48,60.48,40.95,34.74,71.45
61.50,61.50,42.30,37.86,71.15
58.52,58.52,43.39,46.93,74.60
59.80,59.80,41.78,45.96,72.71
63.22,63.22,38.31,43.06,72.95
68.26,68.26,38.38,25.23,73.74
76.18,76.18,34.60,25.40,72.46
77.02,77.02,32.22,37.05,74.84
76.07,76.07,29.64,28.40,72.87
82.45,82.45,30.18,27.94,75.51
79.50,79.50,33.58,18.62,74.30
78.49,78.49,37.27,23.88,71.65
79.72,79.72,35.23,27.33,71.93
80.58,80.58,34.11,36.64,73.35
82.07,82.07,33.86,33.92,72.48
79.12,79.12,33.90,33.37,71.61
80.72,80.72,35.80,34.30,71.44
77.48,77.48,37.49,34.61,72.27
76.67,76.67,37.67,36.04,71.46
73.61,73.61,37.32,39.61,71.24
71.49,71.49,36.11,39.72,70.78
72.08,72.08,36.94,32.61,70.62
72.71,72.71,40.67,30.22,70.17
74.82,74.82,41.11,36.77,69.75
72.21,72.21,41.10,41.91,69.08
65.96,65.96,44.07,39.79,68.70
63.65,63.65,48.81,38.15,66.03
64.30,64.30,45.27,38.14,68.17
59.54,59.54,48.96,33.47,70.47
58.97,58.97,49.28,32.89,68.33
61.01,61.01,48.28,31.98,68.06
58.80,58.80,47.15,30.81,67.44
58.56,58.56,43.18,17.50,66.36
63.48,63.48,45.55,22.95,66.40
71.27,71.27,37.76,30.32,71.35
75.67,75.67,33.71,35.20,74.54
76.56,76.56,33.99,36.91,75.82
76.62,76.62,38.31,35.90,73.89
76.64,76.64,39.43,31.54,74.70
75.58,75.58,33.10,30.69,75.56
75.28,75.28,36.06,25.57,74.89
74.77,74.77,47.34,28.46,78.54
74.85,74.85,47.87,31.32,76.95
73.54,73.54,40.92,29.72,74.72
76.39,76.39,42.36,25.23,73.61
77.12,77.12,40.88,31.82,74.23
75.55,75.55,42.06,25.16,74.56
74.95,74.95,37.20,30.48,73.44
75.75,75.75,40.38,34.44,72.24
74.26,74.26,50.82,37.13,72.61
78.45,78.45,36.09,31.31,71.89
74.80,74.80,40.66,24.94,71.88
75.73,75.73,44.99,22.33,71.12
77.66,77.66,39.60,21.99,70.94
76.86,76.86,42.33,22.94,69.21
75.18,75.18,42.64,12.45,71.51
74.71,74.71,38.86,12.36,72.01
75.41,75.41,38.32,17.57,72.74
71.23,71.23,37.38,18.37,76.62
63.52,63.52,38.40,16.79,75.66
60.49,60.49,40.72,20.71,76.96
58.95,58.95,40.71,18.30,76.02
59.70,59.70,37.97,13.89,74.93
66.82,66.82,36.73,24.88,78.10
71.28,71.28,37.07,26.90,76.93
74.56,74.56,37.47,31.19,75.82
73.53,73.53,39.31,28.18,73.97
75.50,75.50,41.74,32.29,74.84
76.19,76.19,40.42,37.49,74.09
76.21,76.21,40.27,38.24,75.03
77.89,77.89,39.47,39.02,73.80
77.43,77.43,38.98,42.78,72.15
80.62,80.62,39.01,40.55,74.25
75.97,75.97,38.48,41.98,70.75
73.57,73.57,40.94,40.13,71.86
65.82,65.82,42.70,36.25,69.29
63.42,63.42,40.25,35.10,70.35
62.60,62.60,39.51,41.10,73.93
60.77,60.77,36.62,36.53,74.76
60.65,60.65,36.56,38.70,78.22
63.91,63.91,35.08,39.21,78.41
66.13,66.13,34.98,40.11,76.40
68.02,68.02,35.42,45.53,74.88
68.04,68.04,36.51,41.10,74.42
68.73,68.73,38.01,40.41,75.94
67.11,67.11,39.07,40.44,73.42
64.60,64.60,38.49,33.94,73.35
62.25,62.25,39.77,35.59,73.92
58.94,58.94,43.46,36.81,73.94
58.76,58.76,41.41,39.19,72.65
67.07,67.07,40.73,33.89,71.52
70.95,70.95,38.11,36.45,72.93
76.69,76.69,33.62,37.87,77.48
76.70,76.70,30.17,37.45,77.91
73.60,73.60,29.97,38.79,74.23
75.97,75.97,31.56,32.88,74.75
78.46,78.46,34.18,32.65,72.61
76.78,76.78,37.21,25.02,71.34
78.37,78.37,37.58,26.27,71.10
75.68,75.68,39.00,24.59,72.46
76.68,76.68,40.92,25.92,73.89
73.31,73.31,40.55,22.07,73.89
72.91,72.91,41.64,23.08,74.22
69.06,69.06,42.15,20.37,72.86
69.74,69.74,44.29,23.42,71.56
65.42,65.42,41.46,20.75,70.02
70.98,70.98,39.83,34.25,80.57
74.58,74.58,39.07,36.24,79.89
74.65,74.65,38.18,35.34,76.19
74.50,74.50,38.33,33.13,76.21
77.01,77.01,38.58,25.95,71.97
72.51,72.51,35.71,23.91,72.10
72.31,72.31,38.38,33.58,72.29
71.73,71.73,41.90,35.63,70.60
73.94,73.94,43.78,40.21,70.34
74.24,74.24,42.54,37.24,68.57
73.83,73.83,43.06,24.04,69.23
75.62,75.62,42.58,23.13,67.95
74.77,74.77,42.63,19.53,69.47
70.56,70.56,42.12,11.37,69.33
70.63,70.63,39.52,19.69,76.05
71.77,71.77,37.40,22.51,79.62
66.85,66.85,38.67,22.88,79.53
66.20,66.20,40.26,22.53,80.00
64.28,64.28,40.27,22.21,78.80
60.35,60.35,41.51,18.91,75.43
59.03,59.03,40.51,18.58,75.44
58.13,58.13,42.82,19.74,73.66
56.51,56.51,42.58,17.88,73.30
56.00,56.00,46.42,20.65,73.17
54.56,54.56,45.96,22.29,72.08
57.98,57.98,46.70,20.17,70.72
60.93,60.93,46.10,18.62,71.11
65.79,65.79,42.19,15.82,69.74
74.71,74.71,44.69,22.85,70.32
78.01,78.01,45.50,25.33,70.53
83.14,83.14,46.94,29.33,70.79
78.91,78.91,48.11,27.26,66.63
76.07,76.07,46.76,31.05,65.67
77.88,77.88,46.29,19.24,68.18
79.58,79.58,47.09,12.49,67.32
77.28,77.28,47.21,18.93,68.78
76.51,76.51,47.59,15.37,73.09
77.04,77.04,48.56,16.83,70.75
76.11,76.11,52.23,15.33,69.27
76.86,76.86,51.74,14.81,69.50
78.17,78.17,51.79,14.22,66.43
78.73,78.73,48.72,15.58,68.52
77.06,77.06,46.52,14.88,70.92
76.52,76.52,43.27,13.72,73.46
77.41,77.41,41.83,18.25,71.87
75.43,75.43,38.16,20.47,74.14
75.96,75.96,39.47,15.45,73.99
79.38,79.38,38.65,18.75,77.62
78.84,78.84,40.69,19.22,78.46
80.42,80.42,44.20,28.58,77.39
80.50,80.50,44.32,18.38,76.15
77.71,77.71,43.46,28.19,75.21
79.74,79.74,44.11,27.37,74.43
81.94,81.94,42.80,17.99,73.34
80.95,80.95,43.67,17.61,72.92
78.40,78.40,42.01,23.91,71.97
77.56,77.56,41.10,25.10,69.97
78.48,78.48,41.12,32.67,72.92
75.87,75.87,41.58,36.39,73.39
79.78,79.78,44.69,33.04,75.46
80.27,80.27,43.74,35.58,75.54
81.73,81.73,45.67,27.59,74.17
79.75,79.75,44.61,21.29,71.97
77.59,77.59,43.13,15.72,69.24
74.15,74.15,42.21,17.40,72.59
70.46,70.46,41.04,20.67,75.35
67.86,67.86,41.00,23.26,73.98
66.42,66.42,43.69,25.14,72.87
65.04,65.04,46.08,21.67,73.90
65.09,65.09,44.99,21.53,74.25
68.44,68.44,44.24,26.49,72.27
76.82,76.82,44.93,24.61,71.79
76.20,76.20,46.65,28.20,67.63
75.18,75.18,46.04,27.38,70.26
78.15,78.15,47.18,26.24,68.59
75.15,75.15,50.19,23.63,67.02
74.93,74.93,51.58,20.28,67.10
79.02,79.02,53.30,23.53,66.92
78.51,78.51,53.73,29.76,66.89
75.52,75.52,55.50,30.73,67.16
75.56,75.56,54.47,33.23,68.70
73.08,73.08,55.57,31.55,67.85
71.82,71.82,55.68,34.95,67.63
74.30,74.30,55.54,31.18,67.88
75.99,75.99,55.55,29.83,68.55
74.63,74.63,55.46,33.84,68.52
76.23,76.23,56.23,35.58,68.07
76.46,76.46,61.27,37.00,70.23
77.88,77.88,64.61,36.49,71.39
80.98,80.98,65.83,38.45,70.88
76.61,76.61,59.50,40.63,68.32
77.19,77.19,57.15,42.17,67.19
77.50,77.50,54.47,41.57,68.73
74.17,74.17,55.45,39.38,69.21
70.06,70.06,55.20,36.04,69.61
70.98,70.98,56.37,32.65,69.23
66.10,66.10,57.91,28.11,66.36
62.23,62.23,55.58,22.53,65.13
63.74,63.74,54.91,14.37,63.45
67.49,67.49,53.26,11.79,64.93
74.95,74.95,53.86,10.45,64.18
82.09,82.09,60.26,13.39,67.18
78.70,78.70,58.79,20.96,70.10
83.09,83.09,60.33,20.26,70.19
81.11,81.11,57.58,24.58,69.17
81.51,81.51,57.23,22.98,71.64
81.68,81.68,56.99,24.29,70.77
82.48,82.48,55.41,24.50,69.61
83.37,83.37,51.92,22.76,69.17
80.51,80.51,48.35,22.79,69.80
80.75,80.75,46.70,19.44,69.57
81.40,81.40,50.52,24.29,66.94
77.96,77.96,55.25,23.79,65.58
81.02,81.02,58.69,27.71,65.81
79.01,79.01,57.57,23.96,71.04
79.07,79.07,57.27,29.22,71.11
77.19,77.19,55.71,30.56,72.93
75.08,75.08,55.13,31.55,70.96
71.04,71.04,55.06,25.65,73.61
70.87,70.87,54.18,28.46,70.78
69.48,69.48,51.45,25.73,71.31
71.94,71.94,51.70,35.69,70.64
72.49,72.49,51.15,48.72,68.39
77.35,77.35,52.20,53.31,69.82
76.57,76.57,48.43,50.95,69.59
80.35,80.35,53.63,44.42,69.59
77.87,77.87,59.55,39.10,71.09
78.26,78.26,63.79,48.88,68.01
79.16,79.16,80.74,48.20,69.47
79.21,79.21,87.17,45.16,69.08
80.01,80.01,87.35,47.49,69.75
73.54,73.54,86.92,49.58,72.20
77.52,77.52,85.63,54.52,76.09
74.76,74.76,85.86,59.46,72.26
74.00,74.00,87.38,54.05,76.86
78.14,78.14,83.76,69.63,76.98
72.57,72.57,81.32,75.48,74.78
73.16,73.16,77.74,75.81,71.54
71.90,71.90,77.06,79.79,70.68
66.11,66.11,74.71,80.31,71.33
66.28,66.28,68.12,82.07,73.89
61.83,61.83,65.59,82.73,71.13
62.29,62.29,69.22,83.67,71.17
65.70,65.70,75.72,81.40,73.01
72.41,72.41,72.15,83.32,73.49
67.82,67.82,70.67,83.32,72.83
71.31,71.31,67.69,83.34,71.43
74.10,74.10,64.97,84.47,66.08
71.30,71.30,64.41,80.80,66.98
71.92,71.92,65.21,85.84,68.41
72.53,72.53,67.95,81.05,69.34
73.31,73.31,68.51,84.47,68.08
72.50,72.50,70.29,83.10,70.61
70.62,70.62,69.48,83.84,69.69
72.43,72.43,64.94,81.25,67.88
68.18,68.18,66.40,83.71,70.09
74.90,74.90,70.95,81.91,66.91
75.02,75.02,85.01,80.04,65.82
74.73,74.73,87.24,66.66,65.91
74.12,74.12,86.04,55.71,64.44
82.71,82.71,85.38,54.14,66.38
85.23,85.23,85.36,52.00,67.03
79.72,79.72,87.18,57.66,66.01
79.80,79.80,85.84,64.50,68.94
75.73,75.73,82.26,68.63,73.67
74.22,74.22,81.23,69.23,75.94
78.66,78.66,76.16,71.70,76.38
82.06,82.06,78.04,73.83,75.94
76.62,76.62,73.29,74.19,73.46
72.32,72.32,68.01,76.07,71.73
79.19,79.19,65.06,75.80,72.29
80.05,80.05,74.16,76.10,75.21
75.11,75.11,75.55,74.55,73.35
75.37,75.37,71.83,74.15,74.04
74.98,74.98,70.09,75.70,73.20
71.68,71.68,67.31,77.05,70.10
71.25,71.25,67.56,76.64,70.51
68.49,68.49,67.47,77.15,73.13
70.17,70.17,69.79,75.83,73.11
65.09,65.09,69.52,78.46,75.64
65.76,65.76,68.35,80.80,76.50
67.82,67.82,64.24,82.18,76.00
68.90,68.90,58.49,86.71,77.21
71.06,71.06,61.28,82.90,76.37
70.44,70.44,66.02,83.59,75.44
69.53,69.53,78.39,79.99,77.28
65.81,65.81,87.69,80.88,73.24
64.77,64.77,86.09,63.79,69.23
66.14,66.14,86.44,63.39,70.15
68.32,68.32,84.26,63.88,70.06
72.21,72.21,86.37,69.05,69.33
73.72,73.72,87.21,65.01,69.35
74.91,74.91,83.29,68.31,72.96
73.73,73.73,82.96,71.86,75.38
72.97,72.97,75.74,74.48,75.52
73.28,73.28,74.76,82.01,73.30
73.42,73.42,66.05,81.21,72.75
73.63,73.63,61.17,85.78,71.99
75.31,75.31,61.83,78.40,72.55
77.13,77.13,66.91,84.48,72.02
76.00,76.00,74.19,83.34,74.39
76.63,76.63,71.97,81.32,74.54
77.97,77.97,68.10,85.14,75.23
79.18,79.18,66.91,82.16,76.68
76.73,76.73,65.22,82.43,73.80
78.24,78.24,64.33,83.54,75.08
79.83,79.83,64.74,83.48,75.58
79.61,79.61,70.53,80.87,76.64
76.26,76.26,69.48,86.22,74.43
72.90,72.90,68.41,78.63,75.42
71.83,71.83,66.77,85.58,75.25
73.30,73.30,63.53,84.48,75.39
73.33,73.33,66.50,80.53,72.63
71.43,71.43,69.94,85.44,72.34
69.35,69.35,86.62,79.71,69.10
72.03,72.03,86.73,73.56,68.00
70.45,70.45,86.29,77.98,65.61
70.27,70.27,85.15,73.91,64.80
69.99,69.99,85.97,66.35,68.69
72.58,72.58,87.94,76.94,67.23
76.51,76.51,83.76,60.68,67.96
76.79,76.79,83.20,77.07,70.38
75.98,75.98,74.29,73.36,72.25
77.73,77.73,74.12,78.39,73.51
78.35,78.35,66.80,77.06,72.88
75.19,75.19,62.59,80.78,71.11
74.75,74.75,61.77,79.69,69.73
75.21,75.21,68.70,81.51,69.33
76.72,76.72,79.86,83.09,71.93
76.21,76.21,83.95,80.00,70.24
71.38,71.38,84.96,85.11,67.61
70.14,70.14,81.51,80.38,68.22
73.08,73.08,79.09,85.09,68.37
72.81,72.81,77.27,84.25,68.03
70.69,70.69,73.67,82.95,69.26
67.88,67.88,69.65,85.14,69.06
69.40,69.40,68.36,82.26,69.05
72.14,72.14,67.92,83.51,70.62
68.78,68.78,67.01,83.18,71.09
65.93,65.93,66.07,82.87,70.43
65.20,65.20,64.38,81.89,70.28
67.42,67.42,69.12,86.49,68.66
70.15,70.15,76.15,79.78,68.34
68.21,68.21,87.92,82.22,70.10
75.79,75.79,86.41,72.31,71.51
82.04,82.04,85.02,69.28,70.48
76.81,76.81,84.57,75.96,70.92
70.73,70.73,87.79,69.80,72.47
70.85,70.85,85.67,68.86,73.67
69.32,69.32,84.08,70.31,71.63
76.51,76.51,82.32,70.45,72.79
77.47,77.47,74.84,63.69,73.76
78.11,78.11,73.24,76.14,76.26
75.30,75.30,71.38,81.17,74.89
72.37,72.37,64.93,78.94,71.00
71.35,71.35,59.73,82.53,69.97
74.35,74.35,65.37,76.88,71.68
76.07,76.07,75.90,82.91,74.57
72.71,72.71,73.15,75.54,73.93
75.03,75.03,69.83,83.82,72.58
75.29,75.29,67.07,78.53,74.48
73.39,73.39,62.48,83.33,75.84
72.29,72.29,59.91,79.49,74.35
74.25,74.25,59.27,83.01,72.25
77.89,77.89,61.26,81.22,74.03
80.81,80.81,60.80,82.28,72.17
77.94,77.94,57.53,81.20,74.22
75.40,75.40,56.18,82.08,75.71
75.69,75.69,57.89,81.54,71.28
78.71,78.71,61.86,80.99,71.08
75.65,75.65,68.81,79.96,71.27
76.58,76.58,83.12,77.86,71.06
80.75,80.75,87.85,72.17,70.30
80.59,80.59,84.18,68.63,72.54
82.86,82.86,85.15,68.96,76.37
79.06,79.06,86.48,65.24,78.12
76.44,76.44,85.56,63.60,77.08
77.06,77.06,84.36,64.76,75.18
74.95,74.95,85.90,68.17,73.37
78.30,78.30,79.19,67.29,75.59
75.89,75.89,76.54,63.14,78.70
77.80,77.80,69.29,65.77,78.36
77.80,77.80,69.86,76.27,75.39
77.00,77.00,61.67,80.45,71.61
78.65,78.65,60.63,80.54,71.93
77.34,77.34,70.48,78.43,72.91
76.01,76.01,74.71,82.91,73.21
75.79,75.79,72.05,77.19,74.19
71.04,71.04,69.53,84.82,75.43
66.78,66.78,66.08,76.69,74.01
65.57,65.57,64.41,85.07,71.03
68.49,68.49,65.13,77.17,74.11
68.63,68.63,65.45,85.09,74.45
68.34,68.34,64.44,77.64,76.13
65.67,65.67,61.86,82.34,75.16
65.64,65.64,59.62,85.47,74.72
67.61,67.61,56.17,84.08,73.33
69.37,69.37,55.58,84.41,74.00
67.33,67.33,68.68,84.38,73.71
68.55,68.55,72.08,85.53,74.91
72.94,72.94,87.15,81.31,70.04
77.81,77.81,87.18,68.15,68.31
75.54,75.54,84.43,70.08,68.11
76.80,76.80,85.94,59.95,68.05
74.79,74.79,85.38,64.14,70.27
75.38,75.38,84.89,66.17,69.76
78.03,78.03,85.81,68.66,71.08
80.27,80.27,78.40,62.53,73.82
80.02,80.02,77.28,73.29,74.29
78.31,78.31,71.88,78.86,73.02
76.23,76.23,67.29,83.94,73.09
74.92,74.92,55.91,83.03,71.39
77.97,77.97,54.95,85.81,68.41
78.52,78.52,60.97,82.98,68.96
78.16,78.16,74.11,84.50,74.10
76.40,76.40,71.84,85.14,74.42
78.62,78.62,68.33,83.00,75.68
78.69,78.69,65.62,86.67,75.30
77.78,77.78,62.73,83.23,73.18
79.53,79.53,58.91,85.18,73.77
73.89,73.89,55.80,84.99,72.99
71.53,71.53,54.65,85.29,74.86
68.37,68.37,52.01,84.21,73.93
66.39,66.39,50.54,85.60,72.19
64.62,64.62,48.24,85.69,72.26
64.46,64.46,51.59,83.38,72.06
64.46,64.46,61.44,87.05,71.44
64.84,64.84,69.00,84.33,68.05
66.95,66.95,80.65,81.71,66.29
69.15,69.15,87.50,79.61,62.83
70.86,70.86,87.40,73.23,64.32
73.26,73.26,85.08,67.51,64.27
70.94,70.94,84.47,71.56,64.80
68.23,68.23,85.79,70.97,63.52
69.79,69.79,86.74,77.41,66.99
72.27,72.27,83.07,74.43,69.98
72.24,72.24,77.86,79.05,69.90
76.94,76.94,74.10,79.10,71.94
77.53,77.53,64.79,81.85,73.16
79.24,79.24,58.24,85.99,70.73
79.32,79.32,54.72,82.84,71.15
73.70,73.70,57.70,83.67,68.57
75.38,75.38,65.00,86.57,69.71
78.43,78.43,74.24,80.48,70.92
78.81,78.81,71.74,82.23,69.34
81.16,81.16,68.50,79.72,67.90
80.65,80.65,65.62,80.99,68.36
79.20,79.20,63.44,81.69,67.39
79.05,79.05,63.87,78.84,66.20
77.10,77.10,69.92,77.32,66.41
75.53,75.53,85.54,73.68,64.52
78.89,78.89,86.53,75.38,65.38
77.64,77.64,86.09,67.94,63.93
76.73,76.73,85.28,63.92,64.77
80.12,80.12,85.39,70.08,65.17
80.62,80.62,86.88,68.44,63.90
77.84,77.84,82.21,64.61,64.33
73.52,73.52,86.97,65.53,65.44
73.44,73.44,88.18,61.06,68.00
74.02,74.02,86.89,63.58,68.66
74.35,74.35,85.56,59.83,69.87
75.14,75.14,85.99,55.90,68.47
76.48,76.48,87.30,64.09,69.37
76.91,76.91,84.96,62.30,71.22
77.23,77.23,82.27,70.01,71.85
76.18,76.18,81.32,73.04,73.29
77.76,77.76,75.84,74.88,73.89
75.90,75.90,76.21,79.92,76.15
72.53,72.53,65.65,80.86,75.53
68.33,68.33,57.29,81.93,75.11
64.61,64.61,57.50,81.39,72.47
66.25,66.25,73.32,83.58,72.75
67.55,67.55,75.78,83.99,72.68
71.92,71.92,70.87,81.58,70.74
75.34,75.34,67.75,85.65,71.27
73.99,73.99,63.89,80.98,69.85
68.92,68.92,60.41,84.23,68.95
67.41,67.41,58.30,82.98,68.25
68.35,68.35,59.84,84.06,70.84
66.26,66.26,64.16,82.56,71.41
67.84,67.84,68.64,83.93,71.96
63.65,63.65,71.61,81.77,71.18
63.81,63.81,66.87,83.42,69.42
61.43,61.43,62.91,84.29,71.10
62.29,62.29,67.83,81.13,70.17
62.86,62.86,79.16,84.20,65.73
67.81,67.81,88.18,77.33,65.86
74.53,74.53,85.99,68.16,66.84
77.36,77.36,86.21,59.37,65.15
70.95,70.95,85.24,57.44,67.53
71.05,71.05,86.98,56.13,68.42
70.36,70.36,88.04,58.86,70.10
66.93,66.93,83.53,61.50,72.08
75.17,75.17,83.68,64.78,75.71
77.12,77.12,77.36,68.15,74.29
75.43,75.43,78.92,69.35,74.23
80.51,80.51,74.49,73.09,73.06
79.63,79.63,73.31,74.96,74.86
79.06,79.06,61.97,74.59,72.53
77.21,77.21,66.32,74.96,72.14
75.07,75.07,75.91,75.09,72.85
75.97,75.97,73.37,74.72,72.97
77.59,77.59,69.83,76.58,71.76
74.24,74.24,67.48,75.43,71.39
71.27,71.27,63.95,74.54,72.27
79.13,79.13,64.61,75.28,72.68
82.01,82.01,66.20,75.08,73.16
79.83,79.83,63.89,79.58,73.96
79.31,79.31,62.05,81.14,75.79
76.72,76.72,59.27,80.00,74.04
77.99,77.99,54.41,84.97,72.76
77.26,77.26,52.88,83.34,72.17
75.97,75.97,65.58,85.52,70.68
73.61,73.61,69.09,80.38,69.41
76.69,76.69,85.89,82.67,71.21
69.10,69.10,87.12,77.77,67.72
67.91,67.91,86.06,69.33,66.86
68.57,68.57,85.43,72.50,68.49
64.35,64.35,85.87,71.67,69.51
59.00,59.00,88.17,70.64,70.81
61.31,61.31,83.87,72.64,69.64
65.73,65.73,83.87,75.32,73.49
69.32,69.32,73.92,74.06,74.23
73.36,73.36,75.85,81.23,74.30
73.31,73.31,68.78,75.91,72.62
72.86,72.86,57.62,83.58,71.23
77.57,77.57,56.10,81.60,70.42
73.07,73.07,60.01,81.51,71.21
72.21,72.21,71.12,85.26,73.60
74.37,74.37,72.96,82.53,75.85
69.68,69.68,71.20,83.46,77.07
70.19,70.19,66.71,83.96,76.72
76.13,76.13,65.34,83.63,73.71
74.25,74.25,61.91,81.79,73.65
70.74,70.74,60.72,86.60,74.40
69.99,69.99,63.72,79.98,76.05
75.54,75.54,65.51,85.47,76.99
73.75,73.75,61.83,85.74,75.66
72.38,72.38,56.03,79.06,75.47
73.86,73.86,54.10,86.12,77.06
73.38,73.38,58.27,82.58,72.23
74.97,74.97,66.58,82.06,72.46
76.28,76.28,73.63,82.73,70.17
73.45,73.45,86.24,72.91,68.89
73.92,73.92,86.08,69.90,66.42
73.85,73.85,85.68,74.15,62.43
75.42,75.42,84.95,74.29,63.49
78.10,78.10,87.68,74.48,63.85
79.24,79.24,84.24,66.14,65.04
81.23,81.23,83.20,71.25,67.85
79.19,79.19,80.29,73.15,70.08
76.58,76.58,69.81,72.22,68.70
77.16,77.16,69.21,75.07,69.53
75.58,75.58,60.94,73.55,68.77
77.50,77.50,54.23,75.00,67.24
78.11,78.11,59.90,79.31,66.67
76.75,76.75,71.36,84.62,68.87
76.52,76.52,83.69,79.64,76.67
73.31,73.31,84.75,83.18,72.73
72.31,72.31,83.70,84.41,69.05
70.65,70.65,81.31,79.63,69.42
72.49,72.49,78.61,85.40,69.66
75.86,75.86,74.20,81.93,70.56
77.07,77.07,72.58,81.40,68.48
74.91,74.91,70.73,83.80,69.32
74.62,74.62,66.49,83.86,71.76
72.73,72.73,65.21,79.75,71.32
73.55,73.55,62.20,86.18,73.20
72.30,72.30,59.03,79.50,73.74
76.76,76.76,61.42,85.25,71.90
79.00,79.00,68.30,85.30,72.67
74.84,74.84,82.98,80.03,71.63
70.30,70.30,88.75,79.43,65.58
70.27,70.27,85.63,74.27,64.13
66.37,66.37,84.82,73.35,66.06
65.24,65.24,86.58,73.82,68.68
62.41,62.41,86.41,71.63,67.38
64.73,64.73,85.18,71.14,67.72
65.04,65.04,86.40,65.16,71.18
64.71,64.71,78.42,68.66,73.26
63.28,63.28,74.50,66.74,72.30
61.48,61.48,71.02,73.10,74.23
64.28,64.28,71.72,79.50,73.85
66.75,66.75,62.49,80.70,75.16
67.04,67.04,61.93,80.73,72.91
68.24,68.24,71.28,79.08,74.19
68.88,68.88,74.83,81.44,76.12
67.78,67.78,71.92,78.29,75.07
63.81,63.81,68.81,82.01,75.08
65.20,65.20,65.98,78.21,75.43
65.50,65.50,62.96,82.58,76.20
64.49,64.49,59.72,78.42,74.78
63.66,63.66,57.38,83.31,75.85
62.08,62.08,53.12,77.63,73.04
62.91,62.91,46.86,84.29,73.80
63.10,63.10,44.12,77.67,73.81
65.89,65.89,47.21,84.33,70.46
69.71,69.71,56.54,78.59,67.66
69.57,69.57,62.66,84.17,68.36
71.30,71.30,75.80,76.29,69.45
72.53,72.53,86.63,78.62,71.30
72.55,72.55,87.52,74.80,71.63
72.65,72.65,84.62,66.22,67.93
76.46,76.46,87.03,68.34,68.30
75.18,75.18,85.63,67.86,68.40
74.82,74.82,85.44,65.14,71.34
75.59,75.59,86.66,60.69,71.21
70.08,70.08,82.53,64.42,72.64
79.64,79.64,82.24,62.94,73.54
77.61,77.61,75.77,67.64,75.14
76.71,76.71,68.00,69.13,74.25
78.73,78.73,63.26,74.56,73.98
79.88,79.88,62.95,80.12,72.65
78.15,78.15,62.96,82.41,73.71
77.23,77.23,73.34,79.76,79.17
78.81,78.81,73.46,82.93,75.71
74.11,74.11,69.57,79.14,70.64
73.64,73.64,66.88,81.95,69.53
78.55,78.55,65.49,79.54,74.12
77.53,77.53,65.25,82.03,74.48
74.51,74.51,66.87,78.70,74.32
73.54,73.54,65.77,82.29,74.03
76.77,76.77,64.81,78.90,74.89
77.43,77.43,61.40,86.53,77.01
76.14,76.14,58.15,82.53,76.41
75.30,75.30,54.55,81.27,75.52
76.20,76.20,58.79,86.44,75.60
78.79,78.79,65.51,82.57,73.95
73.13,73.13,79.93,83.75,74.12
71.96,71.96,87.29,78.75,70.43
68.18,68.18,87.37,68.51,64.23
62.96,62.96,85.74,64.56,66.31
65.04,65.04,84.34,68.72,68.02
58.74,58.74,85.64,56.59,67.35
59.06,59.06,86.39,71.12,66.92
62.14,62.14,82.27,63.07,69.72
66.70,66.70,77.86,65.31,72.52
72.65,72.65,70.54,72.44,73.30
72.33,72.33,72.76,73.52,72.30
70.29,70.29,64.64,77.91,70.49
69.98,69.98,61.58,84.97,70.27
71.53,71.53,61.88,82.99,71.21
69.09,69.09,68.04,84.62,72.48
65.72,65.72,73.41,82.75,77.97
66.03,66.03,71.85,83.43,76.94
64.60,64.60,68.57,87.10,75.60
67.17,67.17,66.69,83.97,76.56
66.48,66.48,63.98,83.19,76.37
61.42,61.42,61.60,86.02,76.67
63.57,63.57,59.14,83.35,77.51
63.78,63.78,55.67,87.18,79.24
69.13,69.13,53.39,85.03,78.80
71.47,71.47,50.36,82.53,77.94
71.88,71.88,51.65,86.39,77.65
74.27,74.27,55.57,82.81,75.46
73.83,73.83,62.83,85.19,73.28
70.87,70.87,72.50,85.82,70.91
72.19,72.19,86.47,78.54,68.87
73.65,73.65,86.96,78.83,67.31
77.56,77.56,86.37,67.70,67.31
74.33,74.33,85.27,68.77,68.77
78.98,78.98,85.43,68.02,68.21
77.13,77.13,87.85,64.54,65.48
75.09,75.09,86.11,62.69,65.90
78.55,78.55,82.36,67.28,70.73
74.70,74.70,81.19,65.59,71.93
76.91,76.91,76.83,71.00,72.07
78.97,78.97,77.13,72.67,73.94
81.48,81.48,70.05,75.57,74.54
77.64,77.64,65.25,74.24,72.12
77.42,77.42,61.80,74.50,71.25
75.60,75.60,73.02,77.65,72.59
80.37,80.37,74.07,78.64,73.12
82.57,82.57,70.37,78.76,74.43
83.03,83.03,67.71,79.90,73.70
80.30,80.30,64.29,79.36,72.93
77.75,77.75,64.06,78.35,70.85
76.55,76.55,66.49,77.33,69.82
74.19,74.19,73.60,78.67,69.58
72.41,72.41,87.83,74.81,66.62
74.45,74.45,86.36,71.79,68.94
75.24,75.24,86.23,70.00,65.52
79.86,79.86,85.33,69.93,65.13
77.35,77.35,87.85,69.00,64.41
78.29,78.29,84.74,71.76,63.80
76.01,76.01,86.17,73.48,66.21
70.66,70.66,86.52,67.15,65.90
73.75,73.75,86.47,63.88,64.76
74.38,74.38,86.82,61.93,66.81
78.79,78.79,84.80,60.12,68.10
83.06,83.06,86.12,57.06,67.50
81.81,81.81,86.62,62.12,67.73
77.44,77.44,83.22,71.90,70.25
75.09,75.09,83.37,75.05,71.32
74.81,74.81,76.59,77.31,71.67
72.70,72.70,76.47,78.26,71.92
69.70,69.70,69.21,80.41,72.51
69.66,69.66,64.37,79.22,73.71
71.30,71.30,59.04,82.87,70.83
70.71,70.71,64.09,82.58,70.38
69.23,69.23,75.85,84.04,72.33
71.96,71.96,74.09,80.70,72.68
65.21,65.21,69.83,83.84,70.62
68.56,68.56,67.62,84.25,68.91
67.33,67.33,65.29,82.87,68.15
65.33,65.33,61.42,85.19,67.28
64.52,64.52,59.30,80.69,68.27
62.26,62.26,61.18,84.79,66.74
63.54,63.54,66.76,83.23,69.11
65.57,65.57,70.12,84.31,70.41
67.63,67.63,69.67,83.17,69.20
66.54,66.54,63.60,83.96,67.37
66.04,66.04,61.87,81.44,66.92
71.09,71.09,69.87,83.19,65.89
71.61,71.61,85.36,77.36,67.70
70.26,70.26,86.08,74.38,66.81
73.67,73.67,85.92,62.36,65.16
77.97,77.97,85.53,61.51,66.58
76.25,76.25,85.72,59.16,68.51
76.84,76.84,88.34,59.95,68.52
80.05,80.05,84.37,52.28,69.88
74.21,74.21,85.56,64.00,73.13
78.34,78.34,78.77,66.18,74.78
80.68,80.68,79.26,68.41,74.05
81.92,81.92,76.17,71.30,74.33
79.21,79.21,74.40,71.99,75.22
75.73,75.73,65.70,74.05,71.88
75.47,75.47,59.84,75.89,73.06
75.44,75.44,70.34,76.31,75.91
79.42,79.42,75.32,75.54,74.85
78.71,78.71,72.48,76.28,75.73
73.08,73.08,69.35,76.14,73.83
70.45,70.45,67.07,74.39,70.97
65.36,65.36,66.46,75.01,67.41
62.53,62.53,67.60,76.27,68.76
64.63,64.63,67.66,77.75,73.05
65.70,65.70,67.43,80.77,74.47
58.71,58.71,66.61,81.04,72.70
56.19,56.19,65.46,84.09,74.60
57.26,57.26,64.54,86.41,74.47
58.38,58.38,65.01,81.39,76.38
57.96,57.96,69.98,85.52,75.59
62.85,62.85,77.07,80.93,75.63
61.24,61.24,87.71,80.26,72.70
59.11,59.11,86.78,77.03,70.71
64.74,64.74,86.46,71.99,71.32
66.89,66.89,84.94,72.33,71.41
67.43,67.43,87.32,70.70,70.49
68.94,68.94,84.60,70.64,70.80
69.49,69.49,84.02,65.61,70.22
71.03,71.03,83.59,76.94,75.95
69.78,69.78,74.65,66.96,74.51
69.37,69.37,74.80,80.13,74.19
70.93,70.93,67.03,81.35,73.05
75.13,75.13,56.89,84.86,72.93
76.49,76.49,57.86,81.84,72.16
75.91,75.91,63.45,83.77,72.55
78.06,78.06,74.59,80.76,74.82
79.35,79.35,72.90,85.81,75.75
77.71,77.71,68.96,80.42,75.15
78.39,78.39,66.64,83.72,77.27
79.84,79.84,64.04,85.61,74.92
80.65,80.65,59.96,80.21,75.54
79.33,79.33,59.48,85.52,74.96
78.48,78.48,63.23,81.92,76.45
78.03,78.03,62.64,83.27,75.21
76.69,76.69,59.10,83.37,75.11
78.56,78.56,54.18,83.30,72.70
78.33,78.33,55.62,80.74,74.40
76.22,76.22,64.09,86.59,72.75
75.74,75.74,69.37,79.63,69.91
73.66,73.66,84.29,82.68,69.33
70.58,70.58,87.78,79.74,64.64
67.78,67.78,85.50,67.62,65.37
70.06,70.06,85.25,72.08,67.35
74.47,74.47,87.11,70.12,68.75
78.73,78.73,85.59,60.73,68.04
77.86,77.86,84.63,72.18,68.19
79.15,79.15,84.96,71.57,73.03
76.51,76.51,77.72,74.64,72.26
76.62,76.62,76.92,81.13,72.10
76.44,76.44,69.23,79.09,73.59
80.67,80.67,61.29,84.70,72.38
80.77,80.77,58.52,82.28,71.56
80.47,80.47,62.19,80.91,70.90
81.49,81.49,76.84,82.71,71.09
76.21,76.21,84.46,79.35,69.13
76.61,76.61,82.70,82.36,71.85
79.42,79.42,83.04,81.01,71.93
77.59,77.59,81.74,82.60,71.31
72.68,72.68,79.48,80.55,69.95
73.38,73.38,77.19,86.40,71.18
74.76,74.76,72.30,78.50,70.02
74.90,74.90,68.12,84.38,70.26
71.51,71.51,68.55,86.26,69.88
76.43,76.43,62.82,78.88,71.71
78.92,78.92,63.51,85.88,70.19
70.33,70.33,65.72,82.63,68.48
70.82,70.82,64.91,82.30,67.41
70.07,70.07,73.68,83.04,68.22
70.92,70.92,87.48,79.82,70.59
73.90,73.90,87.89,74.32,72.57
72.57,72.57,84.92,73.54,74.92
71.13,71.13,86.26,73.77,73.37
72.27,72.27,86.07,67.62,74.36
73.49,73.49,85.25,71.34,74.29
72.12,72.12,86.09,66.70,72.70
67.99,67.99,80.02,66.98,73.15
67.43,67.43,78.74,68.71,73.49
70.36,70.36,75.55,76.97,73.55
69.33,69.33,74.41,77.91,74.43
71.43,71.43,66.45,82.36,74.73
69.90,69.90,56.74,76.20,75.21
71.03,71.03,59.81,83.75,74.08
74.01,74.01,75.54,77.86,73.41
73.11,73.11,75.09,84.74,71.59
72.37,72.37,70.39,77.65,69.70
76.96,76.96,67.84,84.69,71.04
76.73,76.73,63.85,79.34,70.82
80.51,80.51,60.35,82.68,69.93
81.89,81.89,57.05,80.18,72.73
80.30,80.30,55.58,81.69,72.54
79.58,79.58,49.05,80.34,74.15
80.39,80.39,44.82,80.37,71.74
80.42,80.42,45.74,80.62,72.64
75.02,75.02,51.09,80.94,72.45
77.99,77.99,61.39,81.21,69.13
73.52,73.52,65.73,81.56,69.03
73.07,73.07,81.40,74.08,67.66
74.21,74.21,87.25,70.49,64.72
79.53,79.53,86.81,72.63,65.77
80.98,80.98,85.24,67.69,68.21
76.39,76.39,84.83,62.47,67.94
79.01,79.01,85.89,68.93,68.85
75.95,75.95,87.25,63.86,70.20
77.98,77.98,83.75,68.42,71.14
79.00,79.00,80.00,68.32,76.84
77.07,77.07,72.65,67.89,76.45
79.80,79.80,72.67,70.51,75.49
77.39,77.39,70.26,80.22,73.94
75.95,75.95,65.31,81.26,72.82
80.47,80.47,59.20,78.62,71.47
79.89,79.89,66.10,82.26,70.92
77.36,77.36,75.16,77.06,73.33
80.98,80.98,73.34,83.04,75.17
80.99,80.99,69.74,73.06,73.33
76.74,76.74,65.25,85.23,72.51
83.92,83.92,64.21,75.27,71.02
86.36,86.36,64.05,84.33,69.45
77.60,77.60,64.85,76.14,70.50
74.39,74.39,63.46,84.28,71.13
71.39,71.39,61.58,80.11,71.37
65.54,65.54,58.00,81.94,73.97
65.83,65.83,54.61,87.04,74.01
63.04,63.04,55.33,82.43,74.40
60.35,60.35,62.01,85.89,73.06
61.61,61.61,73.40,85.27,73.05
63.81,63.81,86.62,79.80,70.92
68.38,68.38,88.39,81.12,65.74
72.77,72.77,86.38,62.95,66.30
76.30,76.30,84.54,74.07,67.09
76.23,76.23,84.72,66.82,66.87
74.87,74.87,86.53,76.46,68.53
75.71,75.71,83.51,69.36,67.99
76.06,76.06,80.13,75.33,70.85
74.81,74.81,77.26,76.85,73.60
74.00,74.00,72.95,80.99,71.27
75.85,75.85,68.78,85.43,71.77
80.92,80.92,58.44,84.22,70.70
78.14,78.14,56.63,84.45,71.20
81.24,81.24,60.29,83.31,70.75
81.34,81.34,70.31,83.08,74.04
77.51,77.51,71.80,86.35,75.10
78.08,78.08,69.17,83.21,75.51
77.85,77.85,66.80,82.73,74.51
77.13,77.13,64.34,87.00,71.90
77.34,77.34,61.30,82.67,76.41
78.62,78.62,58.28,85.99,75.24
78.01,78.01,55.61,84.41,75.08
78.73,78.73,53.59,83.18,73.82
79.59,79.59,51.91,87.55,73.37
76.70,76.70,51.64,82.69,74.28
73.87,73.87,52.71,84.67,72.88
70.82,70.82,60.47,86.08,71.65
70.41,70.41,66.08,83.04,69.61
71.68,71.68,79.41,84.99,64.66
71.29,71.29,87.44,71.67,64.46
73.55,73.55,85.85,70.82,64.53
69.72,69.72,86.12,70.92,64.82
67.12,67.12,83.93,67.92,65.70
67.49,67.49,86.09,75.31,65.93
67.86,67.86,86.75,71.29,66.80
68.28,68.28,82.54,74.38,65.95
68.36,68.36,80.92,77.90,71.64
68.86,68.86,71.09,75.55,72.79
67.96,67.96,68.85,79.11,74.14
67.14,67.14,63.13,82.06,72.08
66.75,66.75,59.20,81.61,70.67
69.57,69.57,57.68,83.06,70.25
68.74,68.74,64.55,87.24,71.04
72.62,72.62,74.74,81.61,70.00
74.28,74.28,72.14,80.63,69.31
76.80,76.80,69.27,76.38,71.90
80.42,80.42,65.87,76.64,70.83
76.66,76.66,62.92,77.66,69.51
79.73,79.73,62.43,80.67,69.14
79.38,79.38,67.66,79.86,66.11
78.93,78.93,83.27,75.93,68.27
77.47,77.47,86.52,68.31,64.86
76.99,76.99,84.67,63.93,64.64
76.43,76.43,85.81,68.94,64.79
74.87,74.87,87.69,71.82,65.42
74.40,74.40,86.39,72.20,65.56
76.63,76.63,84.59,69.36,65.56
76.52,76.52,87.21,70.83,66.40
80.67,80.67,86.26,67.52,65.90
77.34,77.34,86.42,65.44,64.52
76.51,76.51,85.94,61.70,64.57
74.56,74.56,85.80,55.22,66.23
73.70,73.70,87.80,58.22,67.56
75.88,75.88,84.69,66.14,69.37
75.81,75.81,85.45,74.08,72.98
78.13,78.13,77.63,75.68,74.74
74.13,74.13,76.64,78.25,72.86
65.87,65.87,73.27,80.86,75.43
65.68,65.68,69.29,80.53,77.82
65.41,65.41,62.23,80.19,76.77
66.91,66.91,60.53,82.56,71.02
64.91,64.91,72.05,83.72,73.43
62.14,62.14,75.88,82.65,72.04
63.48,63.48,72.45,84.57,70.75
65.28,65.28,68.84,80.42,70.29
64.63,64.63,66.20,84.98,71.11
66.85,66.85,61.94,82.05,73.36
65.67,65.67,59.01,84.21,71.58
62.60,62.60,58.71,83.17,70.41
64.24,64.24,60.94,83.99,71.75
67.08,67.08,63.48,82.10,72.47
70.69,70.69,65.73,83.45,71.67
70.00,70.00,62.08,83.62,71.27
64.69,64.69,59.98,83.06,68.77
65.39,65.39,66.12,84.95,69.61
68.43,68.43,75.36,75.61,66.83
69.20,69.20,87.03,78.19,71.40
69.23,69.23,86.85,70.18,72.30
67.58,67.58,86.06,67.97,71.42
71.99,71.99,85.50,57.64,69.07
64.72,64.72,88.53,62.79,69.14
63.44,63.44,85.62,54.30,70.48
65.47,65.47,85.51,62.70,73.03
71.01,71.01,83.16,67.39,74.82
71.96,71.96,78.14,70.34,75.59
77.47,77.47,78.15,72.45,73.31
77.26,77.26,75.24,74.07,71.60
71.58,71.58,72.03,74.45,72.73
74.27,74.27,61.93,76.35,71.30
74.40,74.40,62.68,75.82,70.92
74.30,74.30,75.89,76.27,72.61
71.86,71.86,74.74,74.51,74.40
70.32,70.32,69.72,75.57,74.27
73.62,73.62,69.12,75.72,72.29
74.48,74.48,65.72,75.17,70.08
73.21,73.21,67.60,75.41,69.87
70.93,70.93,67.64,76.82,71.77
73.95,73.95,66.68,71.97,73.99
79.06,79.06,64.17,81.21,75.06
76.59,76.59,61.69,83.04,76.56
78.10,78.10,57.09,86.03,74.12
75.76,75.76,56.44,83.57,74.17
75.12,75.12,62.51,84.06,73.34
73.28,73.28,67.33,82.62,71.51
72.39,72.39,84.28,82.06,74.77
74.65,74.65,88.38,76.27,68.76
74.18,74.18,85.10,73.28,65.50
73.86,73.86,84.63,75.36,66.71
75.84,75.84,86.77,67.21,69.27
74.48,74.48,85.54,75.17,67.46
70.86,70.86,84.17,68.96,68.89
74.16,74.16,84.88,74.83,71.21
72.21,72.21,76.45,75.57,74.52
75.75,75.75,75.94,78.11,73.76
76.59,76.59,71.31,80.33,72.76
71.96,71.96,66.50,84.18,72.40
71.55,71.55,55.11,80.55,70.81
71.98,71.98,59.59,84.85,70.68
73.20,73.20,69.93,80.85,71.11
67.94,67.94,75.30,82.06,75.37
69.07,69.07,72.93,85.98,77.65
70.42,70.42,68.74,79.61,77.49
72.33,72.33,66.40,85.38,75.83
62.70,62.70,63.84,82.75,72.52
63.30,63.30,66.82,83.76,73.63
67.01,67.01,68.31,84.38,73.42
65.74,65.74,72.29,83.10,75.72
68.20,68.20,72.29,79.92,73.38
70.27,70.27,68.40,86.51,72.12
75.78,75.78,64.20,79.98,72.91
77.10,77.10,61.88,82.55,70.87
76.41,76.41,66.57,86.09,72.74
78.22,78.22,73.29,79.51,69.98
71.95,71.95,86.79,82.74,70.89
74.32,74.32,87.14,76.37,71.05
70.76,70.76,84.42,65.45,68.62
74.15,74.15,86.65,74.03,70.93
76.51,76.51,85.93,68.85,68.11
78.90,78.90,84.82,67.56,65.45
76.91,76.91,86.10,75.81,65.76
74.70,74.70,79.32,70.17,66.48
76.28,76.28,73.87,77.75,69.07
75.83,75.83,71.90,76.31,68.33
75.58,75.58,66.48,78.48,67.65
73.69,73.69,58.42,80.95,67.80
76.73,76.73,61.82,79.34,69.27
70.34,70.34,65.88,83.19,68.13
71.95,71.95,81.64,81.40,76.99
72.22,72.22,83.02,83.02,76.97
72.90,72.90,84.25,80.73,75.38
73.33,73.33,81.44,84.87,72.06
75.85,75.85,78.08,81.85,71.12
74.16,74.16,75.41,81.57,66.99
74.61,74.61,71.74,86.31,69.25
76.83,76.83,68.18,80.33,69.83
74.08,74.08,64.21,85.16,72.17
75.38,75.38,61.46,82.83,70.68
74.23,74.23,61.78,82.84,71.88
75.24,75.24,62.40,83.27,71.58
73.19,73.19,65.43,83.38,71.87
72.97,72.97,67.19,81.63,71.37
71.60,71.60,80.76,84.24,72.18
68.44,68.44,87.34,71.90,70.38
68.94,68.94,87.48,71.24,66.97
74.99,74.99,85.97,72.63,66.76
74.29,74.29,84.61,74.47,67.47
65.71,65.71,86.13,71.69,68.10
63.03,63.03,87.20,58.89,66.16
64.81,64.81,84.10,71.56,70.12
65.11,65.11,79.80,68.77,71.64
64.31,64.31,74.16,69.75,72.02
64.28,64.28,75.42,77.21,71.64
63.65,63.65,71.91,82.15,72.38
65.36,65.36,65.28,80.84,71.06
65.38,65.38,64.27,80.02,72.40
62.85,62.85,69.45,81.10,71.21
62.51,62.51,76.73,79.20,73.17
62.08,62.08,73.47,82.48,73.50
64.07,64.07,70.48,78.63,72.30
65.03,65.03,68.83,83.87,71.38
65.26,65.26,65.67,79.76,71.65
65.75,65.75,63.34,84.59,73.36
65.87,65.87,61.02,78.34,73.18
64.81,64.81,59.09,85.70,73.96
63.25,63.25,55.40,77.22,74.50
63.13,63.13,55.81,84.86,74.02
64.41,64.41,53.07,77.75,73.31
66.48,66.48,53.82,84.63,70.79
62.86,62.86,66.30,79.80,67.41
67.84,67.84,71.90,82.34,66.66
74.62,74.62,85.57,71.13,65.84
72.25,72.25,87.70,68.96,64.97
73.28,73.28,86.37,67.71,64.64
71.21,71.21,85.33,63.95,64.26
73.76,73.76,85.29,61.79,63.42
70.72,70.72,87.65,63.71,63.58
75.88,75.88,85.80,64.75,67.36
78.82,78.82,83.07,66.53,71.55
77.43,77.43,81.19,64.00,72.39
75.66,75.66,69.65,67.12,73.42
78.52,78.52,66.75,69.23,71.25
78.91,78.91,66.40,80.62,71.76
70.90,70.90,62.24,80.91,73.93
69.67,69.67,58.64,81.06,72.68
66.40,66.40,69.89,81.34,73.63
67.13,67.13,71.30,80.37,74.56
67.83,67.83,68.38,82.10,75.53
69.87,69.87,65.74,79.90,77.84
73.02,73.02,63.74,82.87,78.37
71.69,71.69,63.36,79.62,77.26
71.89,71.89,63.02,82.15,77.56
75.91,75.91,64.63,79.80,79.45
79.76,79.76,64.74,82.60,77.23
78.84,78.84,62.84,80.66,75.35
78.88,78.88,60.47,83.78,76.58
74.63,74.63,56.47,85.11,72.93
72.68,72.68,58.71,84.95,70.45
72.80,72.80,67.38,84.79,72.20
78.34,78.34,78.35,82.96,73.05
76.67,76.67,87.59,81.28,68.53
77.37,77.37,86.27,76.64,69.04
75.26,75.26,85.85,71.07,67.97
72.95,72.95,83.64,64.91,68.08
71.96,71.96,85.95,67.23,68.63
70.06,70.06,86.35,66.58,69.25
65.74,65.74,81.75,63.53,69.92
62.00,62.00,80.41,67.05,73.61
64.43,64.43,73.60,77.00,74.09
68.02,68.02,72.56,79.32,72.16
73.01,73.01,62.80,82.11,72.36
77.74,77.74,58.54,85.71,72.60
78.12,78.12,61.98,82.71,71.57
70.02,70.02,65.76,86.79,72.42
67.31,67.31,74.63,83.30,74.76
63.13,63.13,71.82,84.79,75.07
61.34,61.34,70.11,86.42,74.38
62.71,62.71,67.93,83.59,76.05
61.66,61.66,64.19,86.20,76.63
61.44,61.44,62.56,85.09,74.49
64.41,64.41,60.20,84.93,77.98
64.30,64.30,57.84,84.69,75.32
72.40,72.40,52.84,84.97,73.95
75.54,75.54,52.54,83.74,73.42
77.28,77.28,51.92,85.21,74.19
75.11,75.11,56.14,85.42,72.13
73.05,73.05,63.08,83.38,71.38
66.17,66.17,67.91,86.72,70.61
71.74,71.74,86.44,78.72,71.24
79.15,79.15,87.50,68.10,66.65
78.78,78.78,86.19,64.12,66.11
80.09,80.09,85.42,58.13,64.35
77.89,77.89,86.16,59.01,65.40
75.27,75.27,88.43,61.21,66.29
73.89,73.89,84.74,63.55,67.40
72.50,72.50,85.23,67.51,70.50
72.75,72.75,79.58,70.74,74.08
74.17,74.17,79.02,70.35,73.86
78.77,78.77,76.14,72.58,72.45
75.96,75.96,73.48,74.40,72.40
75.82,75.82,63.90,74.97,71.35
78.01,78.01,61.97,74.63,73.20
80.85,80.85,72.24,75.86,71.84
77.10,77.10,74.72,78.79,75.35
75.28,75.28,72.38,79.21,74.79
78.36,78.36,67.20,76.25,75.49
77.47,77.47,64.76,78.45,73.05
77.16,77.16,63.12,78.31,74.02
75.11,75.11,64.49,80.07,72.00
75.97,75.97,73.11,80.55,71.53
75.03,75.03,87.57,78.79,68.32
69.11,69.11,86.49,74.30,65.80
69.11,69.11,85.35,69.85,68.55
72.51,72.51,86.47,69.89,72.40
75.45,75.45,85.38,71.10,67.66
71.19,71.19,85.25,64.78,63.42
74.96,74.96,84.41,63.11,65.45
76.58,76.58,86.64,60.01,68.61
74.02,74.02,85.71,62.22,68.73
75.00,75.00,86.65,62.44,67.28
76.60,76.60,84.83,58.90,69.42
76.74,76.74,87.97,56.59,68.31
77.60,77.60,86.04,67.63,67.96
81.54,81.54,84.60,68.03,70.41
79.79,79.79,82.05,71.99,73.30
81.76,81.76,77.74,76.19,72.31
78.84,78.84,79.28,78.45,70.44
70.77,70.77,72.75,75.32,71.25
68.47,68.47,67.33,81.06,73.21
70.32,70.32,60.65,82.43,72.33
66.90,66.90,63.49,83.90,70.58
68.27,68.27,77.03,81.89,72.98
69.25,69.25,74.08,83.07,74.95
68.04,68.04,70.21,82.70,73.84
64.71,64.71,67.72,83.12,69.67
63.14,63.14,64.31,84.66,70.37
61.00,61.00,61.33,81.29,69.54
62.20,62.20,61.96,86.27,69.81
61.59,61.59,61.32,80.81,66.36
61.87,61.87,66.05,84.95,67.60
61.16,61.16,70.49,83.25,69.77
64.83,64.83,73.21,84.41,69.19
63.19,63.19,67.90,82.46,68.44
60.31,60.31,65.98,83.96,66.21
62.34,62.34,69.58,81.99,65.83
66.10,66.10,83.10,81.63,69.28
64.98,64.98,88.19,68.85,70.68
62.50,62.50,84.83,66.31,67.70
62.35,62.35,85.89,53.61,68.86
66.41,66.41,88.22,54.87,71.49
66.47,66.47,86.81,57.14,72.25
64.12,64.12,85.34,49.56,72.57
66.14,66.14,85.97,63.06,75.95
67.83,67.83,80.35,71.37,77.77
65.92,65.92,78.99,73.01,75.56
65.73,65.73,75.63,72.16,75.01
65.94,65.94,78.09,73.74,74.37
62.78,62.78,66.51,74.43,75.25
61.22,61.22,60.52,73.69,73.12
61.99,61.99,70.90,75.33,74.68
60.35,60.35,76.14,75.07,75.26
61.77,61.77,73.42,76.77,74.60
64.44,64.44,71.47,76.66,73.17
64.04,64.04,69.82,75.45,70.77
65.00,65.00,69.74,76.27,71.79
66.20,66.20,69.12,75.90,69.42
66.00,66.00,69.38,75.82,72.28
63.54,63.54,69.51,77.10,73.02
62.68,62.68,70.59,79.18,73.40
60.87,60.87,67.48,84.67,74.09
59.97,59.97,63.38,85.56,74.32
58.99,58.99,61.20,84.59,71.78
61.16,61.16,64.93,83.35,72.30
69.85,69.85,74.09,82.18,72.41
71.43,71.43,88.07,79.64,68.49
71.06,71.06,88.03,65.50,66.56
74.43,74.43,85.94,70.99,68.38
75.91,75.91,86.78,66.38,69.72
75.25,75.25,85.71,67.02,68.97
72.65,72.65,84.87,64.53,68.42
74.17,74.17,86.42,63.03,68.59
74.28,74.28,81.67,66.61,72.78
74.32,74.32,77.12,66.65,73.99
75.43,75.43,73.77,69.98,72.47
76.30,76.30,71.24,78.41,73.43
76.37,76.37,65.79,85.01,72.83
75.06,75.06,57.81,78.64,73.03
76.66,76.66,63.22,85.28,70.13
75.24,75.24,73.97,82.68,72.52
71.18,71.18,73.52,81.84,75.34
72.53,72.53,70.71,84.26,73.83
72.12,72.12,67.24,82.73,75.55
74.25,74.25,64.68,80.57,74.88
75.13,75.13,61.38,85.98,74.19
76.86,76.86,60.49,82.36,73.81
74.80,74.80,60.48,82.60,77.45
73.15,73.15,61.59,85.83,75.49
75.43,75.43,58.86,78.72,77.21
76.15,76.15,55.56,85.92,75.33
73.20,73.20,55.44,83.33,73.64
71.81,71.81,60.41,81.73,71.88
72.31,72.31,69.67,84.42,71.95
71.08,71.08,81.03,81.88,68.69
73.37,73.37,86.76,76.31,65.47
76.86,76.86,86.87,75.62,66.62
80.41,80.41,85.13,75.57,68.99
79.73,79.73,84.70,69.73,67.61
77.13,77.13,85.08,72.68,66.29
74.52,74.52,86.72,71.11,70.13
75.41,75.41,83.58,68.55,72.46
77.91,77.91,79.79,76.11,74.37
80.15,80.15,75.28,74.33,74.00
79.62,79.62,73.08,81.42,72.72
78.52,78.52,66.59,83.23,71.48
73.42,73.42,57.53,82.11,67.52
70.33,70.33,65.79,83.33,68.41
73.79,73.79,73.48,82.13,71.73
75.86,75.86,83.84,80.56,74.19
72.11,72.11,85.82,85.28,72.19
72.36,72.36,80.92,79.21,73.53
71.41,71.41,79.97,85.67,71.52
70.62,70.62,76.98,82.83,71.55
73.47,73.47,74.78,81.66,69.74
68.75,68.75,71.50,86.34,70.68
69.62,69.62,65.89,83.63,70.37
71.71,71.71,63.39,80.14,69.56
71.12,71.12,62.82,85.70,70.31
64.04,64.04,58.97,81.91,70.60
64.19,64.19,59.77,83.11,69.86
67.00,67.00,63.60,86.12,68.93
71.78,71.78,68.04,79.92,70.81
73.78,73.78,86.25,84.35,74.18
75.38,75.38,87.99,76.42,74.26
74.93,74.93,86.63,73.50,71.07
75.86,75.86,85.09,74.04,71.57
77.91,77.91,85.62,70.75,73.38
73.65,73.65,86.73,47.70,70.83
72.49,72.49,85.23,69.67,68.71
74.20,74.20,80.36,59.83,69.15
75.91,75.91,79.64,67.75,71.60
76.84,76.84,77.38,74.24,72.40
78.95,78.95,76.60,80.25,73.44
78.93,78.93,65.02,72.87,69.69
81.99,81.99,57.78,81.88,68.74
85.58,85.58,57.62,76.81,71.22
84.37,84.37,73.52,83.42,69.66
82.36,82.36,75.46,77.78,71.26
81.34,81.34,71.02,83.95,71.76
75.17,75.17,68.07,78.49,73.36
80.93,80.93,63.27,83.10,75.15
83.66,83.66,60.01,79.74,73.47
85.38,85.38,55.75,81.36,73.27
85.87,85.87,53.53,79.42,70.89
83.55,83.55,49.09,80.38,68.99
81.14,81.14,42.81,80.84,68.56
81.83,81.83,44.22,80.92,69.32
82.60,82.60,50.30,81.76,69.68
82.44,82.44,57.71,81.00,69.23
78.55,78.55,65.95,79.65,66.68
74.42,74.42,78.08,79.22,65.08
76.42,76.42,87.87,71.90,64.91
76.65,76.65,85.64,70.39,67.19
81.15,81.15,85.39,68.49,70.00
79.56,79.56,84.06,64.45,69.04
76.65,76.65,86.47,62.54,68.99
80.14,80.14,87.14,64.74,67.51
80.51,80.51,82.79,67.83,68.61
85.73,85.73,81.24,69.30,73.45
86.90,86.90,72.32,68.33,72.75
84.41,84.41,75.83,76.28,73.20
79.80,79.80,71.16,79.72,72.42
79.75,79.75,66.28,79.13,72.49
77.49,77.49,55.94,80.73,71.35
72.88,72.88,61.61,79.19,72.45
74.11,74.11,74.62,81.99,73.48
74.22,74.22,73.17,79.68,69.80
73.83,73.83,69.56,82.26,70.67
75.19,75.19,66.20,79.47,73.10
75.76,75.76,64.42,84.09,71.00
74.45,74.45,65.37,78.16,69.09
76.46,76.46,66.14,84.93,69.50
76.25,76.25,65.25,77.86,71.64
73.08,73.08,63.06,83.68,71.77
66.02,66.02,59.83,83.80,70.94
66.69,66.69,58.15,84.34,71.82
66.16,66.16,58.82,84.48,73.07
67.91,67.91,64.27,83.79,71.59
68.45,68.45,66.94,86.43,68.77
69.10,69.10,86.36,78.59,66.31
71.08,71.08,87.51,63.81,63.85
73.26,73.26,86.08,68.94,66.75
75.06,75.06,85.66,61.53,65.79
78.29,78.29,86.26,67.68,65.80
75.96,75.96,88.10,68.44,66.98
74.64,74.64,83.89,67.35,67.66
74.96,74.96,84.76,72.80,71.31
78.31,78.31,79.20,72.74,74.12
76.06,76.06,75.29,81.78,74.31
77.20,77.20,73.32,82.46,73.67
80.43,80.43,62.68,82.46,73.56
78.19,78.19,55.77,84.41,71.22
74.89,74.89,57.75,82.54,69.88
76.95,76.95,70.72,83.60,74.76
72.38,72.38,73.98,86.20,77.71
73.79,73.79,70.96,83.01,73.81
77.55,77.55,67.44,84.01,76.28
80.02,80.02,64.73,83.93,74.91
78.79,78.79,60.69,84.00,72.79
74.92,74.92,56.13,83.67,75.29
74.81,74.81,54.74,86.21,76.21
74.77,74.77,50.37,84.47,74.84
73.49,73.49,47.86,83.69,73.94
71.78,71.78,44.00,85.07,75.26
68.71,68.71,47.34,83.05,74.65
64.21,64.21,60.02,87.49,74.08
60.17,60.17,67.07,83.96,73.83
63.66,63.66,77.32,82.09,71.32
63.50,63.50,86.59,81.54,65.13
65.50,65.50,87.06,70.52,63.55
66.98,66.98,85.71,68.52,65.64
69.28,69.28,85.09,70.33,65.63
68.79,68.79,87.83,64.92,65.20
67.05,67.05,85.06,68.67,67.88
65.48,65.48,83.43,70.03,67.66
68.54,68.54,82.66,74.65,69.14
66.90,66.90,71.02,71.75,69.34
68.61,68.61,67.86,73.64,70.94
68.13,68.13,66.57,79.92,69.94
66.41,66.41,63.55,77.17,68.00
66.83,66.83,62.60,83.20,67.91
67.70,67.70,61.81,86.03,66.48
69.19,69.19,74.28,83.14,71.91
71.06,71.06,73.28,78.84,71.67
73.73,73.73,69.60,80.76,67.41
75.46,75.46,67.35,80.00,67.16
75.49,75.49,63.89,80.80,67.82
78.64,78.64,63.28,78.45,67.71
81.45,81.45,66.77,77.07,67.98
81.90,81.90,81.80,77.58,68.66
78.20,78.20,86.60,73.90,66.88
79.23,79.23,86.84,71.23,65.91
79.27,79.27,85.91,68.06,67.66
82.64,82.64,84.02,70.61,67.13
80.08,80.08,85.55,69.02,65.14
81.33,81.33,86.36,63.64,64.97
81.95,81.95,83.37,57.19,67.15
78.72,78.72,87.98,53.49,67.93
77.76,77.76,85.44,62.41,65.75
80.50,80.50,86.59,64.68,68.02
79.16,79.16,87.18,59.30,68.27
79.47,79.47,85.94,63.37,69.29
75.42,75.42,85.03,65.17,70.48
73.91,73.91,85.60,71.53,71.30
72.55,72.55,78.36,75.46,74.91
70.28,70.28,80.21,77.98,74.36
66.41,66.41,75.78,81.66,75.58
65.11,65.11,71.31,78.60,75.96
62.83,62.83,60.16,80.75,75.15
60.31,60.31,58.35,81.17,71.46
63.12,63.12,68.90,83.15,71.75
69.68,69.68,75.96,83.72,71.52
65.41,65.41,71.94,82.22,70.84
61.61,61.61,69.06,85.00,68.65
64.42,64.42,65.84,80.25,68.91
64.85,64.85,63.21,84.42,68.89
65.16,65.16,60.15,82.61,67.89
65.37,65.37,58.78,84.54,69.79
66.71,66.71,61.41,83.07,73.73
67.57,67.57,63.79,83.69,73.84
70.86,70.86,66.19,81.54,72.21
70.36,70.36,62.91,82.96,71.75
66.24,66.24,59.80,84.31,69.58
63.19,63.19,64.27,82.30,70.58
63.32,63.32,73.46,84.34,67.24
68.49,68.49,87.33,76.24,69.10
72.84,72.84,87.55,68.65,70.44
72.60,72.60,84.44,58.20,67.89
74.06,74.06,86.86,56.05,67.53
77.10,77.10,86.59,51.62,67.98
72.96,72.96,86.27,53.21,67.72
68.41,68.41,87.30,60.25,70.25
73.30,73.30,81.91,67.12,73.65
74.15,74.15,81.15,68.02,74.48
74.78,74.78,75.58,69.62,73.12
72.61,72.61,77.80,72.32,74.08
74.19,74.19,73.10,73.64,74.71
76.49,76.49,62.92,75.32,72.11
74.87,74.87,58.77,74.68,72.48
75.95,75.95,74.91,74.97,74.90
76.28,76.28,75.12,75.34,75.50
77.86,77.86,70.83,75.24,74.09
77.35,77.35,68.72,74.92,73.28
77.44,77.44,65.18,75.69,70.93
80.23,80.23,65.56,75.38,69.39
79.84,79.84,66.27,74.21,68.46
82.68,82.68,65.06,76.14,72.19
77.72,77.72,62.67,81.58,73.02
77.94,77.94,59.54,80.85,72.95
76.64,76.64,56.14,85.11,73.02
79.14,79.14,55.50,84.59,72.33
81.67,81.67,63.80,85.88,71.44
77.10,77.10,68.50,79.76,69.42
78.58,78.58,82.57,83.19,70.02
77.91,77.91,87.01,78.94,67.65
77.31,77.31,87.23,59.04,65.86
74.12,74.12,85.80,65.25,65.89
73.05,73.05,84.79,69.03,68.21
69.87,69.87,85.39,66.46,67.96
64.56,64.56,87.32,63.33,69.10
63.32,63.32,84.15,70.45,72.78
66.91,66.91,80.23,69.91,75.11
72.95,72.95,77.83,75.49,75.71
76.87,76.87,73.07,76.92,74.07
78.56,78.56,67.39,84.77,74.76
79.91,79.91,56.54,83.38,70.99
79.85,79.85,60.02,82.76,70.56
78.65,78.65,66.58,84.54,71.92
79.49,79.49,74.45,80.03,75.94
75.21,75.21,72.45,81.67,74.65
73.63,73.63,69.15,84.70,73.28
67.00,67.00,65.82,82.57,73.39
70.56,70.56,63.24,81.82,72.37
69.87,69.87,60.89,86.93,71.93
72.34,72.34,58.79,78.29,73.34
72.45,72.45,63.77,85.66,75.39
69.64,69.64,62.97,84.25,74.68
70.36,70.36,57.26,81.93,72.77
74.46,74.46,54.70,85.73,70.92
75.47,75.47,59.92,82.20,70.08
76.19,76.19,64.26,81.91,69.91
71.22,71.22,71.93,84.08,68.62
69.75,69.75,86.25,79.96,64.87
72.60,72.60,86.71,76.33,62.96
73.71,73.71,85.68,74.59,58.65
76.79,76.79,85.00,74.25,61.10
74.77,74.77,84.86,70.17,63.42
77.92,77.92,86.96,76.30,62.71
77.37,77.37,84.91,67.49,62.76
78.84,78.84,80.49,75.91,67.44
78.20,78.20,77.07,74.03,71.88
75.70,75.70,71.30,78.38,69.57
75.66,75.66,67.75,80.79,70.27
73.39,73.39,61.62,81.91,69.16
75.00,75.00,60.04,81.14,67.65
74.64,74.64,65.31,85.01,66.38
76.17,76.17,82.12,79.33,73.90
78.32,78.32,83.14,84.32,73.11
77.93,77.93,81.88,81.95,70.08
76.64,76.64,81.53,82.08,69.78
76.24,76.24,80.97,85.24,69.60
74.81,74.81,78.25,81.26,68.03
74.09,74.09,75.05,82.43,68.96
75.64,75.64,70.46,85.89,68.83
76.48,76.48,66.20,79.30,70.54
78.19,78.19,64.09,82.51,70.14
75.47,75.47,65.28,87.57,70.25
76.64,76.64,64.50,77.60,72.59
73.57,73.57,62.71,85.68,71.84
71.90,71.90,68.94,83.71,71.55
69.37,69.37,78.75,82.15,72.69
63.96,63.96,88.31,82.13,68.20
64.55,64.55,86.75,76.08,65.96
68.85,68.85,85.84,70.67,64.70
68.52,68.52,84.94,72.92,65.15
66.53,66.53,86.66,66.32,66.06
62.44,62.44,87.23,69.14,66.81
62.94,62.94,83.29,66.88,67.39
62.87,62.87,81.61,67.49,72.01
62.70,62.70,74.32,73.28,72.75
62.00,62.00,77.99,76.99,70.57
64.78,64.78,72.08,82.31,72.24
61.40,61.40,64.61,79.00,73.00
60.50,60.50,60.98,81.74,73.33
61.70,61.70,66.72,79.98,72.16
62.71,62.71,76.34,82.79,74.41
63.31,63.31,73.50,79.11,74.76
62.37,62.37,70.32,83.03,73.56
63.03,63.03,67.76,78.17,73.52
62.62,62.62,65.23,83.92,72.19
61.05,61.05,62.39,77.79,70.27
62.20,62.20,61.05,85.97,71.09
63.21,63.21,57.22,77.39,72.06
65.87,65.87,54.02,85.39,69.91
70.73,70.73,51.73,77.74,67.29
77.66,77.66,45.17,84.61,66.78
77.36,77.36,51.48,79.06,65.95
77.43,77.43,61.72,83.33,64.67
74.95,74.95,70.31,76.86,66.56
71.46,71.46,86.14,79.72,66.92
73.20,73.20,86.94,72.69,65.44
71.73,71.73,85.16,69.37,67.24
73.48,73.48,84.36,66.44,67.46
71.81,71.81,85.71,65.56,67.71
73.59,73.59,88.09,65.57,70.03
71.19,71.19,84.28,62.08,72.03
75.76,75.76,85.09,70.67,73.31
79.23,79.23,78.25,72.71,72.13
79.80,79.80,75.46,68.62,73.16
80.94,80.94,71.83,72.84,71.41
80.83,80.83,72.27,79.36,72.85
79.37,79.37,60.60,80.98,70.19
76.30,76.30,61.45,81.60,70.54
76.95,76.95,70.70,79.89,74.48
72.88,72.88,73.64,81.84,78.91
74.07,74.07,70.86,79.73,79.94
75.84,75.84,67.82,80.36,79.27
74.65,74.65,65.97,78.32,79.22
77.04,77.04,64.66,81.19,75.25
76.60,76.60,66.81,79.08,76.64
74.90,74.90,65.99,82.40,76.78
77.78,77.78,63.64,76.54,74.55
76.10,76.10,60.22,86.09,75.24
77.73,77.73,58.15,83.54,76.01
80.24,80.24,57.80,82.60,72.80
82.48,82.48,62.23,86.74,71.61
80.83,80.83,65.27,81.60,70.32
78.28,78.28,73.40,84.13,71.57
77.79,77.79,86.78,79.48,67.03
76.20,76.20,86.40,66.93,66.90
71.10,71.10,86.15,70.52,64.48
67.64,67.64,85.12,63.85,64.63
66.58,66.58,88.06,67.82,65.41
66.01,66.01,85.05,68.33,66.51
64.95,64.95,84.35,72.03,68.68
69.04,69.04,80.99,71.09,73.69
78.42,78.42,77.84,76.61,73.50
72.85,72.85,73.86,80.70,71.66
71.86,71.86,68.45,83.82,72.59
71.64,71.64,60.98,87.18,73.35
73.12,73.12,60.52,83.23,73.76
69.83,69.83,65.35,84.24,72.41
67.40,67.40,73.16,84.43,74.82
66.10,66.10,71.81,83.47,76.29
63.96,63.96,70.35,87.36,77.70
66.49,66.49,66.75,83.95,77.83
64.12,64.12,63.95,83.09,74.50
68.40,68.40,61.21,86.69,75.65
66.64,66.64,58.31,82.94,75.65
65.88,65.88,56.22,85.62,75.07
69.37,69.37,53.92,85.92,74.63
73.27,73.27,52.55,81.99,73.58
74.67,74.67,53.72,86.90,74.00
77.13,77.13,55.62,82.87,72.38
73.16,73.16,64.26,84.79,70.19
73.93,73.93,69.86,86.17,68.44
77.07,77.07,83.82,81.02,66.70
75.38,75.38,87.59,77.27,62.99
78.54,78.54,84.42,72.04,62.64
72.99,72.99,85.43,65.93,64.38
71.90,71.90,87.29,69.09,66.56
75.34,75.34,86.71,62.92,65.78
72.08,72.08,85.21,64.50,66.61
70.60,70.60,85.96,65.85,69.72
73.28,73.28,79.00,68.08,72.43
73.14,73.14,80.17,69.57,72.63
75.45,75.45,75.46,72.35,72.35
77.98,77.98,76.14,74.84,73.94
78.12,78.12,65.25,74.03,74.57
75.78,75.78,61.74,73.72,75.12
76.20,76.20,69.70,76.08,75.08
80.44,80.44,72.94,77.55,75.46
77.22,77.22,70.85,77.99,75.24
75.64,75.64,67.40,80.25,74.97
74.01,74.01,63.91,81.73,75.48
71.38,71.38,62.30,81.55,73.30
72.92,72.92,64.30,78.62,73.23
74.71,74.71,71.15,74.57,70.81
70.77,70.77,87.29,77.08,67.84
71.76,71.76,87.51,72.66,67.20
70.50,70.50,85.63,66.32,64.85
75.65,75.65,85.31,68.32,69.18
77.61,77.61,85.11,70.30,68.47
77.28,77.28,87.33,63.62,65.29
74.60,74.60,84.31,68.71,65.10
76.08,76.08,87.95,67.32,65.64
74.06,74.06,86.46,61.68,63.63
76.33,76.33,84.93,57.04,65.79
76.39,76.39,86.70,54.89,62.59
73.58,73.58,86.74,60.90,64.42
73.88,73.88,86.25,67.08,65.22
78.73,78.73,86.40,60.61,68.60
80.58,80.58,81.30,68.84,73.71
78.79,78.79,82.50,72.05,72.33
77.28,77.28,75.64,73.98,70.87
74.96,74.96,70.27,75.77,72.65
74.16,74.16,64.59,79.95,74.56
72.58,72.58,62.07,83.34,72.37
75.39,75.39,60.13,83.15,69.68
78.38,78.38,75.91,83.93,71.30
77.16,77.16,74.79,81.40,70.14
76.92,76.92,71.22,83.92,70.76
76.94,76.94,67.26,83.76,70.66
74.97,74.97,63.83,83.19,66.11
76.40,76.40,60.50,85.37,64.78
75.31,75.31,57.24,80.56,68.17
69.39,69.39,56.45,85.66,70.33
67.13,67.13,57.47,81.77,66.56
70.28,70.28,55.59,85.09,67.11
73.59,73.59,55.93,83.34,65.39
70.95,70.95,55.02,84.43,65.01
65.80,65.80,63.27,81.38,66.35
61.96,61.96,68.44,83.45,62.29
63.22,63.22,83.11,80.15,63.65
73.91,73.91,86.66,78.82,65.65
75.76,75.76,86.30,71.61,66.86
72.97,72.97,85.56,68.15,68.29
70.51,70.51,85.33,59.65,67.64
68.37,68.37,86.09,61.95,68.83
71.63,71.63,87.90,59.63,70.18
70.84,70.84,83.90,64.38,71.80
70.94,70.94,82.17,64.94,74.95
74.22,74.22,77.83,67.02,75.80
75.21,75.21,77.01,69.72,75.35
75.41,75.41,76.85,73.98,74.12
76.75,76.75,70.53,75.93,70.83
75.07,75.07,62.23,75.30,71.17
77.18,77.18,67.04,77.68,73.38
73.95,73.95,76.72,79.28,74.44
70.29,70.29,73.74,78.23,71.97
71.74,71.74,69.24,77.20,71.73
76.67,76.67,65.86,76.97,71.93
75.12,75.12,65.35,75.22,66.85
74.09,74.09,66.70,75.62,68.65
74.24,74.24,67.08,73.33,68.21
75.43,75.43,65.09,80.25,69.94
75.92,75.92,62.79,78.46,72.65
78.79,78.79,60.61,84.87,71.60
76.87,76.87,55.85,85.01,70.59
75.80,75.80,54.78,82.93,70.63
76.17,76.17,63.47,85.35,69.55
75.21,75.21,71.62,82.77,69.80
74.81,74.81,86.49,79.14,69.55
75.02,75.02,88.07,75.62,67.37
72.73,72.73,86.83,73.08,65.91
72.57,72.57,85.57,69.09,66.07
68.76,68.76,85.54,70.55,65.51
68.36,68.36,86.89,70.24,68.02
65.21,65.21,84.63,71.21,70.11
67.43,67.43,81.50,58.73,75.10
64.23,64.23,77.16,66.67,73.71
64.86,64.86,70.33,70.16,74.93
60.32,60.32,70.97,73.03,75.22
56.35,56.35,65.13,78.27,74.28
55.91,55.91,58.60,81.63,73.33
54.86,54.86,60.95,83.39,72.12
56.23,56.23,73.88,81.47,72.89
59.12,59.12,75.08,86.24,73.66
58.96,58.96,71.80,80.72,72.67
60.80,60.80,69.24,85.87,75.25
61.99,61.99,67.25,83.73,73.63
61.07,61.07,63.90,80.82,73.52
60.61,60.61,61.16,86.55,74.65
55.34,55.34,66.15,82.96,74.66
57.55,57.55,71.88,82.55,75.66
55.59,55.59,66.79,85.33,74.91
56.27,56.27,60.75,82.73,73.10
53.87,53.87,56.44,81.85,72.80
56.27,56.27,63.41,87.30,72.47
61.38,61.38,67.58,78.30,71.14
70.95,70.95,80.15,85.21,68.11
70.17,70.17,88.36,78.57,63.72
73.10,73.10,86.09,64.47,64.92
78.11,78.11,86.41,72.00,68.14
78.15,78.15,84.10,58.79,69.38
76.20,76.20,86.04,69.53,67.82
71.86,71.86,87.00,61.37,66.04
74.29,74.29,82.89,64.68,68.51
76.37,76.37,82.56,65.67,70.88
79.07,79.07,74.35,70.56,71.77
74.90,74.90,74.37,76.38,70.41
79.03,79.03,67.52,82.63,70.49
79.45,79.45,62.26,82.51,71.92
76.04,76.04,60.57,82.07,71.84
71.90,71.90,70.51,83.81,69.73
74.88,74.88,84.05,80.92,69.77
72.94,72.94,83.91,81.19,70.16
72.19,72.19,85.08,81.80,70.62
74.03,74.03,81.55,82.19,68.25
73.33,73.33,77.15,80.34,69.69
72.91,72.91,72.12,85.69,71.14
72.74,72.74,68.92,80.64,68.29
74.27,74.27,68.43,85.48,68.16
74.93,74.93,62.81,83.73,71.33
74.36,74.36,60.59,81.01,69.92
74.25,74.25,57.90,85.74,71.22
73.72,73.72,58.32,81.92,68.02
74.56,74.56,60.85,82.60,65.06
75.46,75.46,68.40,83.73,66.72
73.37,73.37,85.68,80.54,69.90
71.85,71.85,87.10,77.67,69.82
71.08,71.08,86.61,74.00,67.28
68.60,68.60,86.00,76.56,68.07
68.00,68.00,85.57,74.12,68.91
61.37,61.37,88.05,74.26,66.65
57.61,57.61,83.09,67.58,67.96
57.26,57.26,84.18,70.83,71.59
55.84,55.84,79.32,70.57,75.49
56.90,56.90,80.47,73.49,75.13
58.78,58.78,75.57,74.11,74.24
59.42,59.42,62.39,75.69,73.01
57.55,57.55,58.33,75.75,73.12
59.01,59.01,62.38,82.59,71.44
61.26,61.26,73.66,77.01,72.81
63.56,63.56,75.83,83.38,72.37
62.97,62.97,71.71,77.48,71.65
64.32,64.32,69.25,83.81,71.64
62.00,62.00,64.56,79.65,70.63
58.69,58.69,62.66,81.90,70.97
56.49,56.49,59.13,80.71,70.04
55.46,55.46,57.18,81.22,71.19
61.60,61.60,61.21,81.49,70.81
66.96,66.96,60.53,80.79,70.62
69.39,69.39,56.07,80.70,68.70
74.16,74.16,55.28,80.26,69.13
75.06,75.06,60.48,81.31,70.24
74.61,74.61,67.79,81.05,70.12
76.61,76.61,78.06,76.43,69.83
74.73,74.73,86.99,73.47,69.22
72.58,72.58,86.59,68.13,69.15
76.65,76.65,85.88,65.93,68.03
67.74,67.74,85.33,67.55,68.22
71.10,71.10,88.32,69.07,71.11
75.77,75.77,85.52,65.40,71.34
74.91,74.91,83.91,67.78,69.20
74.18,74.18,81.85,72.39,72.14
75.90,75.90,79.34,69.50,74.16
75.60,75.60,76.32,76.82,73.18
78.13,78.13,71.58,78.98,71.62
76.91,76.91,67.27,80.38,69.88
78.55,78.55,58.55,78.37,72.23
78.67,78.67,63.37,82.21,70.10
78.92,78.92,74.86,77.55,75.83
78.08,78.08,72.51,83.15,74.50
76.09,76.09,69.82,75.88,74.36
74.05,74.05,67.54,84.91,74.36
73.99,73.99,64.89,77.51,71.65
76.49,76.49,65.22,85.12,70.94
78.36,78.36,66.46,77.01,69.93
83.75,83.75,64.74,83.88,67.85
81.70,81.70,62.64,80.59,70.48
78.86,78.86,59.96,81.43,74.08
76.69,76.69,56.29,87.05,69.40
73.91,73.91,58.17,82.37,70.45
81.40,81.40,63.17,84.45,69.43
76.82,76.82,70.44,85.54,67.39
75.49,75.49,82.96,81.15,67.66
76.15,76.15,88.00,80.10,66.12
73.77,73.77,84.69,69.37,66.69
67.66,67.66,85.57,69.32,64.29
64.62,64.62,87.58,72.69,65.14
64.30,64.30,86.23,70.67,65.84
64.32,64.32,84.28,74.77,63.77
65.57,65.57,85.55,73.78,69.05
67.74,67.74,77.35,75.32,72.33
72.55,72.55,75.15,79.11,72.50
78.86,78.86,69.64,80.19,73.45
73.67,73.67,63.63,81.60,71.31
70.90,70.90,59.16,83.41,66.66
69.09,69.09,62.44,84.64,66.75
68.36,68.36,69.03,83.62,72.48
66.41,66.41,71.82,86.81,76.61
66.76,66.76,69.41,84.25,75.87
66.15,66.15,66.84,83.41,74.85
62.32,62.32,63.86,87.13,75.01
60.03,60.03,61.46,83.84,74.08
62.26,62.26,57.54,85.22,74.42
67.59,67.59,56.16,86.16,75.83
68.10,68.10,53.14,84.32,74.45
67.03,67.03,48.12,87.02,75.01
72.52,72.52,47.23,83.55,73.99
79.85,79.85,50.86,84.45,74.68
75.78,75.78,59.01,86.12,75.16
70.55,70.55,65.28,84.10,76.08
68.87,68.87,73.00,84.46,73.24
68.11,68.11,87.96,80.83,64.24
66.52,66.52,87.56,73.29,64.35
69.16,69.16,84.40,73.68,62.59
71.65,71.65,85.56,68.93,63.98
74.23,74.23,84.82,73.05,65.29
67.72,67.72,84.55,68.35,65.61
70.21,70.21,85.92,67.10,66.23
71.15,71.15,80.06,65.73,71.44
75.18,75.18,70.03,70.07,71.55
76.31,76.31,68.69,67.85,71.50
75.50,75.50,68.43,67.48,71.63
74.82,74.82,61.78,78.96,68.21
73.86,73.86,57.04,82.03,67.21
73.74,73.74,59.23,85.85,69.39
74.09,74.09,72.89,84.17,73.86
74.61,74.61,72.84,77.88,77.31
75.57,75.57,69.70,77.45,75.44
75.17,75.17,66.27,75.21,74.41
77.51,77.51,64.38,80.01,74.75
79.44,79.44,62.58,81.77,73.69
78.64,78.64,64.54,80.09,73.65
74.94,74.94,77.53,75.26,74.72
72.90,72.90,87.41,74.37,70.17
70.75,70.75,85.72,72.32,65.04
70.15,70.15,85.54,66.90,63.81
69.28,69.28,84.94,71.46,61.11
70.89,70.89,86.64,72.35,61.50
74.33,74.33,87.95,71.56,62.01
73.67,73.67,84.60,62.04,64.06
70.94,70.94,86.19,63.59,67.39
74.44,74.44,87.87,59.75,65.84
76.36,76.36,86.62,60.10,65.57
77.37,77.37,85.29,52.91,66.34
75.96,75.96,85.99,56.78,65.07
71.53,71.53,87.52,66.51,65.76
73.52,73.52,84.01,71.18,69.51
75.94,75.94,82.47,71.72,73.09
77.03,77.03,77.64,76.58,73.62
74.01,74.01,74.12,79.12,72.09
69.58,69.58,71.56,77.84,73.19
68.07,68.07,66.34,81.10,74.07
64.11,64.11,62.99,83.20,70.93
68.17,68.17,66.62,82.67,71.65
71.04,71.04,75.19,84.05,71.86
68.90,68.90,72.72,84.36,69.91
68.57,68.57,68.70,81.81,68.37
67.92,67.92,66.17,85.67,69.85
64.88,64.88,64.16,81.64,69.20
65.19,65.19,58.67,84.98,67.59
66.86,66.86,55.17,83.43,69.84
63.56,63.56,57.19,83.90,73.85
66.85,66.85,57.97,82.94,72.93
71.76,71.76,57.29,84.67,69.47
72.99,72.99,55.85,82.62,68.67
66.56,66.56,57.86,84.23,70.07
63.31,63.31,63.98,84.42,69.65
64.83,64.83,72.14,79.17,66.88
70.57,70.57,86.34,80.93,64.46
73.45,73.45,87.50,73.71,64.82
73.94,73.94,86.13,63.93,66.05
73.20,73.20,85.54,61.21,66.60
73.35,73.35,85.70,55.26,65.61
75.16,75.16,88.18,59.99,65.86
74.45,74.45,86.00,52.27,68.92
70.88,70.88,82.42,65.23,73.37
74.12,74.12,81.00,70.37,74.41
74.78,74.78,77.04,70.32,74.28
71.54,71.54,78.38,71.73,74.13
68.07,68.07,72.37,74.72,72.46
72.05,72.05,67.55,74.64,71.38
75.30,75.30,59.41,75.58,70.96
75.52,75.52,73.76,75.57,71.02
77.83,77.83,75.58,74.38,75.15
76.88,76.88,71.58,71.98,74.59
77.45,77.45,69.26,73.74,74.11
75.61,75.61,65.78,74.26,71.66
74.00,74.00,66.43,75.31,69.77
76.64,76.64,67.61,75.32,71.18
77.24,77.24,66.26,74.73,69.62
77.72,77.72,64.43,81.99,72.83
75.70,75.70,62.22,81.66,72.22
74.35,74.35,57.74,86.40,71.88
76.34,76.34,56.43,83.50,71.21
79.13,79.13,59.55,84.41,72.97
77.41,77.41,68.75,82.79,71.87
74.60,74.60,76.34,83.90,70.95
71.91,71.91,88.24,75.63,69.45
72.87,72.87,86.30,76.50,69.34
73.84,73.84,86.26,73.81,67.63
76.11,76.11,84.19,73.47,67.61
73.03,73.03,85.93,54.64,65.89
72.06,72.06,87.05,73.30,66.70
71.44,71.44,83.39,66.49,70.03
65.60,65.60,83.14,71.50,73.70
70.01,70.01,74.61,69.44,72.99
68.76,68.76,76.44,76.52,73.07
62.27,62.27,70.08,81.50,73.75
66.10,66.10,59.59,82.47,73.69
67.82,67.82,59.01,85.27,72.51
69.58,69.58,65.87,81.15,73.56
70.83,70.83,75.63,84.78,74.98
68.98,68.98,73.50,85.48,77.10
68.23,68.23,70.47,82.43,76.51
69.93,69.93,67.74,86.02,75.62
70.68,70.68,65.02,83.05,71.70
70.99,70.99,64.34,83.17,73.53
70.23,70.23,64.11,83.86,71.55
69.63,69.63,73.05,82.60,75.44
68.30,68.30,73.23,80.18,74.34
67.50,67.50,68.76,86.92,70.29
67.81,67.81,59.87,78.88,71.70
65.45,65.45,57.05,85.49,70.57
63.49,63.49,64.92,85.80,67.32
55.93,55.93,69.99,79.89,67.99
57.80,57.80,85.06,84.49,71.98
62.50,62.50,86.11,78.64,68.28
69.20,69.20,85.61,66.57,63.25
75.83,75.83,85.18,71.10,65.44
78.83,78.83,84.71,70.50,63.72
76.57,76.57,88.12,60.10,66.62
70.34,70.34,84.52,72.26,69.09
73.65,73.65,84.31,67.82,70.80
71.57,71.57,77.32,74.96,73.21
71.58,71.58,78.03,78.95,74.02
71.95,71.95,71.29,80.39,72.75
69.53,69.53,65.75,84.63,71.36
70.11,70.11,60.68,81.20,70.91
68.36,68.36,62.17,83.18,68.68
67.92,67.92,78.25,81.41,74.03
67.08,67.08,84.56,83.03,71.90
70.09,70.09,84.40,81.21,69.89
72.18,72.18,81.22,85.33,69.94
70.42,70.42,80.32,78.89,70.78
71.36,71.36,79.14,85.33,71.70
71.32,71.32,76.26,85.03,70.61
70.55,70.55,73.79,79.49,68.49
68.42,68.42,73.25,85.35,72.09
68.20,68.20,72.05,82.95,71.47
68.81,68.81,68.50,81.60,72.69
69.29,69.29,67.70,83.62,73.07
68.37,68.37,65.22,83.89,72.57
67.12,67.12,66.21,80.51,70.66
68.35,68.35,75.80,86.40,71.91
68.93,68.93,88.24,76.51,69.18
64.27,64.27,86.85,78.19,68.50
61.58,61.58,87.04,72.59,67.90
62.07,62.07,85.59,73.94,69.66
61.91,61.91,88.30,73.64,70.39
63.14,63.14,85.74,70.68,71.10
62.98,62.98,83.45,62.61,72.27
63.21,63.21,81.56,68.68,75.95
61.23,61.23,79.47,67.59,74.31
55.50,55.50,78.07,76.74,74.18
54.14,54.14,71.01,76.39,73.19
53.10,53.10,67.41,79.04,73.17
53.91,53.91,63.02,79.45,72.01
51.20,51.20,66.78,81.86,70.92
53.94,53.94,77.14,79.10,72.30
53.98,53.98,74.90,82.14,72.90
56.71,56.71,71.48,77.33,72.44
59.42,59.42,69.45,83.31,72.00
60.73,60.73,66.67,77.27,71.31
57.11,57.11,63.80,84.69,69.90
54.75,54.75,62.01,77.35,69.53
50.52,50.52,60.28,85.26,71.86
52.72,52.72,63.26,77.23,74.91
56.98,56.98,60.65,85.33,73.12
66.65,66.65,59.27,77.49,72.21
71.25,71.25,58.85,83.95,71.36
74.69,74.69,64.03,79.22,69.81
75.80,75.80,68.70,82.77,67.35
72.43,72.43,83.30,67.46,67.22
69.89,69.89,88.35,75.08,69.44
76.35,76.35,84.26,69.02,69.66
71.08,71.08,85.16,66.51,68.47
64.75,64.75,87.29,67.50,70.34
73.50,73.50,86.72,67.60,72.68
71.30,71.30,85.20,59.78,73.55
69.95,69.95,85.74,71.74,74.62
71.66,71.66,77.39,73.10,74.39
73.45,73.45,76.66,75.52,72.42
73.74,73.74,72.75,73.54,72.76
75.36,75.36,73.47,82.40,72.52
76.56,76.56,63.18,80.61,71.24
75.17,75.17,61.11,80.57,72.00
74.69,74.69,67.39,81.74,74.32
74.43,74.43,73.17,79.60,78.71
76.20,76.20,72.24,82.96,77.48
78.71,78.71,69.13,78.70,72.98
78.22,78.22,66.25,83.21,70.38
79.24,79.24,65.03,79.30,70.34
77.71,77.71,60.52,82.46,72.91
78.82,78.82,60.51,79.73,73.90
77.01,77.01,58.54,83.07,73.13
77.90,77.90,54.19,79.52,75.97
74.20,74.20,52.52,85.07,77.57
77.08,77.08,52.09,84.58,76.87
79.61,79.61,53.39,84.43,76.03
74.18,74.18,56.11,84.63,75.19
78.72,78.72,56.78,83.95,76.01
77.57,77.57,60.11,83.12,75.49
77.14,77.14,60.43,78.64,75.17
74.39,74.39,60.14,55.97,74.23
74.77,74.77,59.94,74.32,75.88
67.95,67.95,59.30,68.24,74.20
71.22,71.22,57.70,67.31,73.26
69.28,69.28,58.26,63.10,73.66
67.42,67.42,61.30,61.36,74.27
70.40,70.40,61.75,63.33,73.15
70.19,70.19,60.89,56.09,72.98
72.99,72.99,62.67,53.60,74.16
72.40,72.40,63.45,55.10,72.14
72.11,72.11,65.78,52.06,72.32
72.05,72.05,66.36,45.51,73.44
68.83,68.83,66.21,48.88,74.28
66.80,66.80,67.05,46.81,78.55
66.74,66.74,66.33,40.89,78.05
67.59,67.59,66.42,36.64,77.48
68.27,68.27,63.63,27.03,79.49
67.67,67.67,62.60,39.13,79.79
68.71,68.71,59.89,38.03,78.53
65.95,65.95,56.81,29.24,77.74
65.26,65.26,55.11,27.98,79.45
64.42,64.42,53.76,33.60,79.16
66.66,66.66,53.64,36.11,77.14
71.35,71.35,55.23,16.17,77.91
67.96,67.96,56.94,21.30,77.59
70.87,70.87,59.25,16.05,75.63
74.45,74.45,59.24,13.87,75.20
77.39,77.39,57.56,29.09,76.52
75.98,75.98,57.16,28.27,75.55
75.04,75.04,55.91,17.68,75.06
74.82,74.82,57.84,21.13,75.18
76.73,76.73,57.93,16.77,73.79
74.91,74.91,58.60,14.39,74.06
73.49,73.49,53.60,15.56,72.30
70.01,70.01,53.04,13.02,72.84
71.72,71.72,55.04,6.50,75.08
71.27,71.27,57.07,9.94,74.49
67.67,67.67,57.57,11.61,73.97
68.87,68.87,57.01,8.21,72.03
70.14,70.14,59.82,13.98,73.59
75.34,75.34,59.78,25.90,73.15
73.60,73.60,56.65,29.72,76.09
77.76,77.76,55.73,31.23,76.86
79.37,79.37,55.17,29.69,76.52
78.89,78.89,54.79,32.33,76.52
77.37,77.37,54.55,31.02,75.69
76.78,76.78,55.95,26.75,76.37
76.28,76.28,55.95,33.26,74.77
77.07,77.07,53.67,33.97,75.19
75.78,75.78,54.23,44.02,73.60
77.36,77.36,55.18,43.16,72.89
78.75,78.75,56.23,48.61,72.66
78.01,78.01,58.67,51.88,70.86
75.93,75.93,67.05,52.00,70.79
74.67,74.67,75.24,51.60,70.69
74.44,74.44,86.30,53.99,73.32
67.42,67.42,88.49,49.10,69.65
70.03,70.03,86.16,49.72,67.17
75.82,75.82,85.38,57.09,67.90
76.36,76.36,86.23,59.71,67.32
74.59,74.59,87.81,59.36,67.48
67.33,67.33,86.34,60.95,71.66
64.47,64.47,82.67,65.62,72.52
67.10,67.10,82.45,67.47,72.93
66.54,66.54,76.05,70.42,74.25
65.63,65.63,78.49,71.73,75.18
63.52,63.52,74.87,72.11,74.79
62.13,62.13,67.15,74.53,70.46
59.88,59.88,60.82,74.30,70.23
62.89,62.89,74.93,74.63,74.41
63.16,63.16,75.86,75.07,72.69
65.26,65.26,72.09,76.24,73.93
63.31,63.31,69.23,75.88,73.15
64.83,64.83,65.64,74.50,72.51
64.87,64.87,63.54,73.85,68.93
60.05,60.05,61.44,75.31,67.86
64.58,64.58,60.28,76.43,72.45
60.45,60.45,63.70,74.63,77.09
62.57,62.57,67.98,74.64,75.13
66.96,66.96,70.42,76.43,72.84
65.08,65.08,66.65,74.80,71.61
60.24,60.24,61.62,74.04,68.51
55.01,55.01,67.89,73.40,66.82
58.37,58.37,79.33,71.99,69.28
66.12,66.12,87.71,64.08,66.84
67.87,67.87,86.64,63.90,66.17
75.54,75.54,86.80,62.90,67.21
76.10,76.10,85.46,60.24,67.62
78.33,78.33,86.75,56.70,67.43
81.71,81.71,87.43,60.10,68.69
77.89,77.89,84.11,70.64,70.92
77.20,77.20,83.59,76.10,74.00
77.35,77.35,76.23,76.58,75.26
81.40,81.40,78.97,76.05,74.80
82.40,82.40,74.85,75.45,73.32
77.72,77.72,71.44,72.82,72.07
74.93,74.93,61.09,72.37,73.89
79.08,79.08,66.06,75.92,75.32
80.93,80.93,75.42,74.11,76.42
79.74,79.74,73.98,75.87,75.71
75.75,75.75,69.94,72.56,74.99
73.88,73.88,67.57,75.92,72.34
71.76,71.76,65.60,73.15,67.52
69.54,69.54,64.83,76.34,66.84
68.38,68.38,64.98,75.09,72.94
67.19,67.19,63.35,74.94,75.52
68.50,68.50,62.51,73.75,77.23
69.38,69.38,60.07,72.70,75.65
70.35,70.35,56.27,73.71,73.15
70.15,70.15,56.98,76.79,73.94
71.13,71.13,60.98,73.70,72.90
70.34,70.34,69.77,73.39,72.77
71.36,71.36,86.22,72.56,69.52
68.62,68.62,87.03,65.85,66.49
66.79,66.79,86.51,65.76,67.46
68.11,68.11,85.36,63.50,69.71
70.01,70.01,85.53,65.66,70.44
71.18,71.18,88.21,66.11,71.36
70.52,70.52,83.70,62.66,72.01
73.49,73.49,85.34,54.38,74.46
74.42,74.42,77.52,38.94,76.39
75.97,75.97,79.21,41.33,76.64
77.44,77.44,77.74,50.32,75.48
76.76,76.76,76.50,46.66,74.11
75.90,75.90,68.75,56.55,73.76
77.05,77.05,62.71,58.12,72.73
75.71,75.71,72.32,63.56,76.59
75.11,75.11,73.94,75.33,79.49
75.64,75.64,71.04,77.00,78.11
75.51,75.51,68.23,77.07,76.07
74.22,74.22,66.90,76.86,77.09
75.95,75.95,62.19,78.03,73.28
75.19,75.19,61.25,76.18,76.45
74.73,74.73,63.13,72.72,76.01
76.55,76.55,67.68,71.77,78.61
82.34,82.34,61.51,74.06,77.68
81.23,81.23,58.42,73.44,75.03
79.71,79.71,58.40,74.67,74.33
79.48,79.48,59.53,73.40,71.03
81.00,81.00,70.11,74.13,70.36
76.92,76.92,77.78,72.53,70.89
72.08,72.08,86.96,63.87,66.02
68.03,68.03,85.69,57.96,64.10
70.92,70.92,86.55,55.23,63.36
73.74,73.74,85.62,61.19,67.90
72.67,72.67,89.23,62.94,67.39
73.33,73.33,85.97,68.12,69.04
70.23,70.23,85.14,70.30,70.35
69.39,69.39,84.62,74.27,76.06
73.72,73.72,74.27,71.44,76.46
74.46,74.46,72.87,74.23,75.91
74.52,74.52,71.68,74.03,75.23
71.34,71.34,70.41,75.56,73.68
73.16,73.16,65.97,73.91,71.68
76.98,76.98,69.59,75.58,72.17
78.95,78.95,82.13,69.69,74.95
76.16,76.16,83.73,73.43,73.61
74.88,74.88,81.86,74.53,73.42
72.34,72.34,80.75,76.65,72.58
70.37,70.37,79.16,78.04,72.31
67.40,67.40,77.18,77.19,71.48
70.69,70.69,74.64,71.21,72.64
72.93,72.93,73.59,70.15,73.89
72.96,72.96,74.54,74.44,74.53
73.35,73.35,73.26,72.60,74.36
72.11,72.11,71.16,74.50,73.69
70.42,70.42,69.64,74.23,74.50
67.30,67.30,67.12,76.31,74.73
63.24,63.24,67.30,73.58,72.40
65.47,65.47,83.24,71.45,74.08
65.42,65.42,87.78,67.39,70.14
75.64,75.64,86.30,54.37,68.46
72.72,72.72,86.12,53.30,69.28
72.31,72.31,87.58,61.84,71.15
71.28,71.28,86.21,63.80,71.52
69.07,69.07,84.87,66.09,71.77
76.32,76.32,86.73,70.32,71.66
74.52,74.52,80.92,72.03,74.65
73.21,73.21,78.52,70.82,73.39
70.15,70.15,71.60,70.62,73.60
71.67,71.67,76.18,73.91,74.71
69.08,69.08,69.75,75.37,74.82
73.80,73.80,60.37,73.98,74.49
77.46,77.46,70.93,72.72,72.41
79.11,79.11,76.46,72.60,71.06
76.03,76.03,72.49,63.83,70.54
76.40,76.40,68.71,61.89,73.24
78.28,78.28,63.99,60.89,72.11
76.65,76.65,61.96,61.21,72.61
79.89,79.89,58.39,56.22,73.24
82.59,82.59,56.54,59.92,73.77
83.62,83.62,54.23,71.93,76.03
83.34,83.34,50.02,73.84,75.08
82.19,82.19,49.50,74.77,74.14
80.04,80.04,50.98,74.13,76.37
79.35,79.35,58.69,74.46,74.66
76.03,76.03,64.45,73.93,72.07
70.19,70.19,73.52,72.17,70.37
67.25,67.25,87.27,68.97,67.69
68.79,68.79,87.34,66.49,64.96
71.01,71.01,85.21,64.20,67.57
75.16,75.16,87.36,67.20,69.43
80.48,80.48,86.88,68.73,71.55
79.08,79.08,85.89,67.00,68.72
79.08,79.08,86.29,64.91,68.17
79.15,79.15,80.65,64.05,71.84
78.36,78.36,80.89,65.88,73.22
80.32,80.32,77.39,64.82,73.67
82.06,82.06,77.95,62.81,74.08
82.75,82.75,72.02,62.38,70.35
79.67,79.67,64.11,60.30,71.96
77.85,77.85,66.98,62.21,71.08
76.75,76.75,75.69,70.78,78.13
73.88,73.88,74.09,73.60,76.46
76.40,76.40,71.07,77.08,77.82
77.24,77.24,69.68,75.62,75.71
79.76,79.76,65.88,74.65,74.51
79.26,79.26,66.11,74.84,74.15
78.88,78.88,66.27,75.74,72.52
79.70,79.70,64.87,77.19,71.94
79.96,79.96,65.37,77.24,74.30
78.65,78.65,64.73,74.30,75.48
78.00,78.00,64.16,67.27,74.49
76.85,76.85,61.53,74.89,73.95
76.51,76.51,61.97,76.55,72.82
75.95,75.95,64.92,74.35,73.67
76.15,76.15,81.52,68.39,74.50
78.23,78.23,87.48,70.51,68.34
79.03,79.03,87.38,60.76,67.37
79.99,79.99,86.20,46.33,64.96
80.90,80.90,85.30,55.62,65.98
80.28,80.28,86.43,54.23,66.75
78.62,78.62,87.57,53.67,67.43
78.03,78.03,84.24,51.22,68.35
76.66,76.66,81.81,57.77,72.22
78.24,78.24,77.16,57.20,73.07
80.70,80.70,78.13,56.65,71.74
79.97,79.97,78.25,57.62,70.76
79.06,79.06,69.64,56.82,69.17
77.41,77.41,60.47,54.20,70.60
80.06,80.06,67.89,61.93,74.90
84.33,84.33,73.77,69.47,76.84
80.91,80.91,70.02,69.59,77.38
79.56,79.56,67.72,72.72,75.04
79.16,79.16,65.46,71.36,74.26
77.82,77.82,61.44,69.95,71.98
74.52,74.52,57.27,72.79,72.27
74.68,74.68,56.42,65.21,74.23
76.76,76.76,57.26,73.17,78.35
72.04,72.04,51.43,72.98,77.70
70.94,70.94,48.57,74.42,74.72
67.00,67.00,47.68,73.68,73.93
66.64,66.64,57.50,68.46,72.40
67.01,67.01,63.95,71.32,70.75
70.42,70.42,73.57,71.60,71.61
69.28,69.28,86.73,68.60,69.80
71.31,71.31,88.25,64.19,68.72
74.31,74.31,85.94,49.37,69.39
74.72,74.72,86.29,53.91,71.59
78.01,78.01,85.73,61.21,70.84
79.52,79.52,88.20,62.62,69.04
75.33,75.33,86.24,64.29,70.20
74.80,74.80,81.50,67.48,75.65
76.86,76.86,81.47,71.36,75.43
77.41,77.41,78.15,72.59,74.16
73.74,73.74,76.93,71.60,70.81
74.03,74.03,72.35,73.96,72.96
73.13,73.13,61.77,74.42,73.19
76.35,76.35,62.50,74.66,72.82
78.55,78.55,74.60,72.45,73.02
77.83,77.83,74.72,70.74,72.55
79.94,79.94,70.53,72.30,73.21
80.43,80.43,67.41,71.25,72.22
81.19,81.19,65.00,71.34,68.62
84.11,84.11,62.72,73.43,67.35
82.84,82.84,66.60,74.22,65.69
82.58,82.58,76.01,70.33,67.16
78.77,78.77,86.97,58.46,69.09
73.37,73.37,86.42,55.32,64.90
79.67,79.67,86.35,54.11,65.74
76.52,76.52,86.72,59.12,65.91
77.68,77.68,89.09,63.08,63.92
74.91,74.91,86.58,60.96,61.70
71.99,71.99,86.78,56.02,64.35
73.09,73.09,87.08,55.08,65.71
71.94,71.94,87.01,59.98,65.65
74.47,74.47,87.46,61.88,64.08
75.51,75.51,85.64,64.19,67.95
73.20,73.20,86.81,67.70,66.37
74.30,74.30,87.51,67.66,67.60
75.65,75.65,83.96,69.38,69.48
73.46,73.46,83.47,72.89,72.53
75.83,75.83,77.27,76.39,73.02
73.29,73.29,79.34,76.35,73.23
69.96,69.96,74.06,76.03,72.04
69.22,69.22,72.45,74.94,73.12
67.75,67.75,61.61,76.59,71.15
65.36,65.36,66.10,77.02,70.04
69.59,69.59,76.03,76.10,71.65
69.24,69.24,74.56,76.81,71.31
65.64,65.64,70.58,76.85,70.13
63.50,63.50,68.47,75.90,71.54
67.40,67.40,65.54,74.49,71.17
66.80,66.80,63.97,73.16,70.44
72.36,72.36,62.59,72.74,69.18
74.43,74.43,66.31,72.31,75.47
71.23,71.23,67.92,72.72,75.16
70.45,70.45,72.30,73.08,72.49
69.07,69.07,72.47,74.13,71.41
65.69,65.69,67.88,72.87,69.41
64.79,64.79,66.15,72.42,70.21
68.66,68.66,70.41,71.63,68.59
61.89,61.89,86.80,66.80,69.04
61.16,61.16,87.36,59.56,68.32
58.06,58.06,86.83,60.36,76.23
60.48,60.48,85.98,59.81,77.61
63.72,63.72,85.82,60.43,75.96
65.77,65.77,88.29,56.08,72.89
65.69,65.69,84.86,66.03,70.89
64.52,64.52,85.44,71.35,74.88
69.70,69.70,78.47,74.12,75.06
67.52,67.52,78.96,74.81,73.57
75.13,75.13,76.43,75.36,74.63
77.74,77.74,74.46,74.90,74.42
77.63,77.63,66.12,73.27,72.98
77.77,77.77,64.99,74.48,72.34
77.61,77.61,72.94,73.40,74.46
74.34,74.34,75.61,75.21,75.38
75.25,75.25,71.44,72.10,76.25
76.04,76.04,69.42,74.18,75.36
76.51,76.51,66.41,72.63,72.23
75.58,75.58,64.89,74.65,73.46
71.73,71.73,66.71,73.63,74.03
72.22,72.22,67.44,75.65,74.83
75.26,75.26,63.43,73.81,76.18
73.64,73.64,60.70,77.36,76.63
76.44,76.44,58.50,77.49,76.42
76.72,76.72,54.57,72.94,76.16
79.02,79.02,58.67,73.18,75.89
79.02,79.02,66.55,73.60,73.21
76.58,76.58,75.74,71.27,70.76
76.45,76.45,87.41,66.85,66.82
76.61,76.61,86.74,65.55,68.22
81.36,81.36,85.82,60.96,68.85
76.87,76.87,84.45,63.26,66.54
74.08,74.08,87.82,63.03,67.90
73.40,73.40,85.44,65.68,66.19
73.79,73.79,85.25,58.95,69.35
64.99,64.99,82.57,52.23,76.12
59.73,59.73,77.09,50.92,74.93
62.58,62.58,77.98,47.43,74.96
70.13,70.13,77.31,47.29,74.48
72.24,72.24,76.58,51.43,73.02
76.33,76.33,63.80,46.86,69.40
78.48,78.48,64.33,52.75,71.94
81.43,81.43,74.81,65.70,71.76
82.45,82.45,74.01,72.43,76.25
82.17,82.17,73.74,71.39,76.45
80.10,80.10,71.78,72.45,73.91
75.09,75.09,65.46,71.08,72.17
72.54,72.54,64.41,72.04,72.90
73.98,73.98,61.78,69.33,75.11
68.87,68.87,65.92,70.88,77.53
66.64,66.64,69.59,72.18,77.81
71.53,71.53,65.69,76.34,77.39
67.45,67.45,57.89,74.58,74.96
66.71,66.71,57.27,71.86,74.80
65.82,65.82,64.55,72.95,73.94
66.70,66.70,70.67,71.43,73.81
71.66,71.66,84.18,67.49,74.00
72.29,72.29,88.73,58.89,69.09
76.01,76.01,84.08,55.73,66.05
74.68,74.68,85.76,53.60,65.12
73.48,73.48,88.33,59.93,66.31
70.35,70.35,87.12,63.95,64.75
77.43,77.43,85.53,65.51,63.90
79.76,79.76,86.56,70.87,66.56
81.07,81.07,79.85,73.73,69.61
78.49,78.49,75.01,75.59,71.33
81.17,81.17,72.17,73.59,71.82
83.69,83.69,73.35,74.44,70.04
84.37,84.37,66.48,73.46,69.16
83.69,83.69,65.42,72.39,69.92
79.24,79.24,76.06,73.30,76.68
79.06,79.06,84.17,66.67,79.63
80.36,80.36,82.81,67.59,78.24
80.08,80.08,82.70,72.66,74.90
77.97,77.97,82.00,74.74,71.63
73.60,73.60,78.87,73.23,72.87
72.87,72.87,75.75,73.24,71.35
76.18,76.18,73.61,75.39,73.09
77.34,77.34,73.95,73.70,73.21
79.10,79.10,73.76,76.43,74.57
77.47,77.47,70.40,72.80,74.15
74.30,74.30,67.84,74.60,72.66
74.29,74.29,68.73,74.33,73.85
77.27,77.27,66.59,73.29,74.20
76.21,76.21,74.68,74.61,75.24
78.50,78.50,86.72,69.46,73.68
71.39,71.39,87.73,59.36,70.48
70.85,70.85,85.00,52.64,68.86
72.46,72.46,87.01,59.20,67.81
67.99,67.99,86.11,62.53,68.08
65.84,65.84,85.79,65.31,69.58
62.11,62.11,86.95,69.74,71.54
58.24,58.24,82.87,74.47,74.83
56.70,56.70,80.98,76.86,75.05
58.76,58.76,74.71,75.96,74.42
58.52,58.52,75.08,77.03,73.68
59.76,59.76,73.02,77.86,73.58
61.35,61.35,68.27,78.03,74.13
60.74,60.74,64.93,78.47,73.78
64.18,64.18,76.27,77.56,75.16
60.36,60.36,74.46,76.70,74.46
61.01,61.01,70.80,76.73,75.99
59.76,59.76,68.07,78.10,74.69
58.41,58.41,65.22,77.83,72.17
57.67,57.67,63.85,77.81,71.10
53.94,53.94,60.51,77.61,70.80
55.26,55.26,59.17,73.92,75.00
56.49,56.49,53.74,71.05,76.75
58.02,58.02,49.94,66.49,75.43
59.78,59.78,49.63,55.62,74.78
63.90,63.90,53.78,57.90,71.64
63.72,63.72,61.50,51.81,70.27
64.13,64.13,65.95,56.08,69.93
72.27,72.27,81.26,52.34,68.97
70.28,70.28,86.88,36.40,68.44
72.86,72.86,86.63,30.07,67.90
76.14,76.14,86.47,45.46,68.24
71.94,71.94,85.87,54.61,69.45
71.92,71.92,86.76,58.69,69.68
74.96,74.96,88.05,54.02,70.35
77.66,77.66,84.59,58.46,73.64
74.76,74.76,80.84,67.00,76.34
72.95,72.95,76.82,71.56,75.89
76.70,76.70,75.98,66.55,74.45
76.10,76.10,76.70,73.58,73.17
72.07,72.07,64.01,71.37,74.04
73.98,73.98,60.62,75.44,73.61
76.03,76.03,67.92,72.08,75.45
76.28,76.28,74.82,71.37,78.61
77.36,77.36,71.84,69.13,78.85
75.58,75.58,68.41,73.48,76.70
76.21,76.21,66.91,71.71,72.69
79.84,79.84,65.22,75.16,71.95
81.51,81.51,66.95,74.49,71.17
80.29,80.29,67.29,66.32,70.20
80.41,80.41,66.26,68.19,78.58
79.10,79.10,63.23,76.04,77.07
76.79,76.79,61.33,77.01,76.81
77.43,77.43,59.34,77.25,74.47
75.52,75.52,56.94,76.74,74.60
75.69,75.69,62.08,78.36,74.31
77.88,77.88,71.43,73.81,73.19
74.70,74.70,86.34,71.02,70.62
67.34,67.34,87.69,65.64,68.14
64.66,64.66,86.36,61.24,67.20
63.11,63.11,85.76,65.56,66.54
57.97,57.97,85.93,68.86,65.68
59.59,59.59,87.75,71.55,66.64
60.23,60.23,85.20,74.14,69.60
62.66,62.66,82.63,69.16,71.95
68.94,68.94,81.41,57.20,72.86
76.39,76.39,79.28,60.39,71.87
77.56,77.56,80.52,54.58,72.80
71.58,71.58,75.67,55.92,73.41
69.91,69.91,68.20,57.76,70.18
69.86,69.86,63.38,63.50,70.55
65.48,65.48,73.10,74.90,78.13
59.88,59.88,74.38,74.97,77.67
58.36,58.36,71.25,73.99,77.63
56.63,56.63,67.68,72.16,75.97
61.46,61.46,64.38,73.43,74.07
65.51,65.51,62.85,72.27,75.65
67.27,67.27,60.82,75.46,75.24
65.68,65.68,60.89,77.08,75.45
67.23,67.23,60.21,76.06,76.73
69.42,69.42,63.44,70.35,76.64
70.65,70.65,63.02,70.29,77.79
73.95,73.95,60.90,73.28,76.75
75.65,75.65,59.24,76.07,76.45
75.64,75.64,65.57,76.08,77.12
74.88,74.88,79.84,72.36,73.58
75.97,75.97,87.35,70.60,70.03
75.73,75.73,85.79,62.28,66.53
77.37,77.37,86.40,62.31,67.95
76.83,76.83,85.16,66.48,67.81
72.50,72.50,87.25,64.75,68.25
74.78,74.78,87.74,67.19,69.41
71.97,71.97,83.83,71.67,70.48
75.40,75.40,83.69,72.37,72.80
75.60,75.60,76.55,74.99,72.20
73.50,73.50,79.21,76.08,73.70
76.56,76.56,74.91,75.91,75.02
72.11,72.11,69.55,75.48,72.70
72.20,72.20,59.70,72.99,71.04
76.26,76.26,65.99,72.08,72.14
77.87,77.87,74.86,73.59,73.63
78.83,78.83,72.72,75.64,75.26
82.48,82.48,68.84,76.16,73.52
83.17,83.17,66.11,74.69,76.42
82.89,82.89,63.11,75.72,74.11
79.39,79.39,64.37,77.06,71.43
73.35,73.35,69.91,72.35,71.12
73.78,73.78,84.93,74.23,72.26
73.76,73.76,89.19,61.68,70.42
74.59,74.59,86.23,51.91,68.31
77.80,77.80,86.19,53.16,68.89
76.47,76.47,88.42,58.82,68.12
76.95,76.95,86.77,63.12,67.65
78.93,78.93,85.95,55.86,68.38
78.71,78.71,86.29,51.26,71.41
74.50,74.50,87.14,51.03,70.54
71.98,71.98,85.57,52.23,69.16
76.38,76.38,85.76,54.95,69.05
77.01,77.01,85.91,60.86,66.72
75.73,75.73,89.24,61.11,65.62
78.58,78.58,84.31,55.50,66.33
74.35,74.35,84.58,60.86,72.01
78.90,78.90,79.35,67.98,73.09
79.06,79.06,78.28,69.20,74.08
76.32,76.32,75.76,69.11,73.87
70.75,70.75,76.02,69.41,73.44
67.25,67.25,67.10,71.23,72.21
63.61,63.61,59.87,73.90,72.61
62.52,62.52,72.62,74.47,72.53
60.29,60.29,76.87,74.86,73.52
59.84,59.84,72.75,73.87,72.07
61.72,61.72,69.21,73.95,72.50
63.04,63.04,66.07,74.60,72.90
62.67,62.67,62.59,74.89,72.19
62.20,62.20,60.40,74.18,72.09
63.86,63.86,60.41,75.43,73.63
61.09,61.09,63.20,71.46,75.35
62.52,62.52,67.88,74.83,75.67
66.82,66.82,71.68,74.78,73.78
67.98,67.98,68.71,72.92,70.24
62.05,62.05,61.35,74.61,68.74
62.92,62.92,68.27,73.93,66.37
67.09,67.09,76.83,70.93,67.00
73.34,73.34,87.16,63.44,68.33
79.13,79.13,86.19,60.42,66.18
71.18,71.18,86.27,57.46,65.92
73.77,73.77,85.37,58.29,67.86
73.29,73.29,88.21,59.93,68.02
72.49,72.49,85.69,61.82,68.07
80.55,80.55,85.12,69.24,71.33
83.66,83.66,83.23,74.17,73.00
84.35,84.35,78.08,76.17,73.12
78.32,78.32,77.43,74.83,73.35
79.73,79.73,74.91,75.51,74.12
80.68,80.68,73.17,73.21,73.81
73.23,73.23,61.49,72.41,75.21
71.73,71.73,62.47,77.18,75.07
71.17,71.17,75.48,74.46,79.71
76.19,76.19,73.95,69.53,76.12
78.85,78.85,70.62,75.00,74.05
75.58,75.58,68.62,74.64,73.60
68.28,68.28,65.03,75.25,68.78
67.54,67.54,66.93,76.08,68.59
67.75,67.75,66.59,75.20,69.82
64.36,64.36,65.87,74.34,72.54
65.27,65.27,63.69,74.52,75.81
65.61,65.61,60.43,73.27,74.22
67.10,67.10,57.09,74.20,73.79
67.93,67.93,55.07,75.59,73.09
67.72,67.72,59.48,76.26,69.71
69.36,69.36,69.12,72.41,69.93
69.86,69.86,83.95,70.20,68.56
68.19,68.19,88.88,66.94,64.12
69.02,69.02,85.88,61.28,65.09
71.19,71.19,85.37,62.28,66.38
73.34,73.34,86.87,65.36,67.70
73.76,73.76,86.37,66.58,66.62
72.93,72.93,84.85,62.69,67.32
72.44,72.44,85.74,55.68,72.11
72.47,72.47,78.60,50.77,75.13
72.50,72.50,78.59,50.31,74.71
75.20,75.20,77.62,48.75,74.69
74.75,74.75,79.66,47.27,74.93
76.32,76.32,69.37,42.67,73.21
74.86,74.86,62.96,59.65,72.16
74.81,74.81,69.78,58.75,77.27
77.27,77.27,74.33,72.98,80.24
74.71,74.71,71.55,76.23,78.57
74.99,74.99,67.84,76.56,76.61
75.55,75.55,66.03,76.28,76.28
72.87,72.87,61.72,76.75,75.10
73.02,73.02,58.52,76.70,76.56
75.24,75.24,56.17,73.09,78.17
79.56,79.56,58.16,71.03,81.08
74.12,74.12,56.54,74.76,77.50
75.28,75.28,53.37,73.96,76.98
77.86,77.86,54.42,74.76,75.67
72.11,72.11,57.71,74.44,74.76
69.60,69.60,67.54,73.16,73.16
69.91,69.91,76.76,71.15,72.31
63.90,63.90,87.09,63.56,69.44
67.06,67.06,87.39,52.21,67.44
71.76,71.76,85.07,49.51,67.03
76.92,76.92,87.55,58.70,67.97
78.42,78.42,86.71,62.99,67.90
77.86,77.86,86.35,64.38,66.65
78.29,78.29,86.80,68.08,69.11
75.58,75.58,82.73,71.25,74.01
71.34,71.34,77.57,74.11,76.11
74.31,74.31,72.52,73.41,75.26
77.27,77.27,74.00,75.37,76.29
78.61,78.61,67.58,74.58,73.38
76.31,76.31,66.06,74.86,71.90
73.04,73.04,67.52,73.91,71.28
77.53,77.53,82.18,71.31,74.28
77.61,77.61,83.06,69.49,74.33
75.32,75.32,83.42,68.07,73.53
76.20,76.20,82.71,72.83,71.73
78.40,78.40,80.50,76.03,72.56
80.65,80.65,78.35,74.85,72.39
80.16,80.16,74.19,70.29,71.53
79.05,79.05,73.42,71.71,74.19
75.19,75.19,75.23,72.57,71.30
72.88,72.88,73.71,74.48,72.61
74.58,74.58,70.56,72.88,71.55
71.80,71.80,69.61,76.85,71.80
65.61,65.61,69.02,75.92,71.45
64.63,64.63,64.58,71.49,70.94
64.37,64.37,82.81,73.83,75.32
64.92,64.92,87.15,64.12,72.44
72.05,72.05,87.67,47.12,76.60
72.40,72.40,86.41,44.92,74.86
76.31,76.31,85.47,50.33,73.04
68.08,68.08,85.87,54.11,68.49
69.54,69.54,87.57,61.45,68.49
65.46,65.46,84.58,69.73,70.08
69.44,69.44,82.56,74.00,75.44
68.55,68.55,77.52,75.49,76.03
66.29,66.29,73.52,75.12,77.66
63.68,63.68,75.93,75.08,77.56
62.10,62.10,71.42,75.11,75.93
60.32,60.32,60.36,75.25,74.10
61.98,61.98,66.22,73.94,74.38
64.15,64.15,75.53,70.69,75.54
68.45,68.45,73.43,57.08,76.09
74.00,74.00,69.56,55.13,75.74
76.80,76.80,65.70,52.71,73.38
77.55,77.55,63.05,53.23,73.54
77.34,77.34,59.11,56.65,74.00
75.16,75.16,55.34,54.21,72.46
77.22,77.22,53.06,71.60,80.46
78.10,78.10,50.18,73.43,79.16
77.39,77.39,47.83,74.06,76.36
78.22,78.22,49.13,75.50,74.34
78.93,78.93,55.29,75.47,72.31
80.58,80.58,64.93,75.03,72.06
71.13,71.13,70.76,72.12,72.86
75.38,75.38,87.50,70.09,73.46
77.17,77.17,87.84,66.98,70.75
77.05,77.05,86.69,63.16,69.55
75.51,75.51,86.17,65.27,65.78
77.99,77.99,86.34,66.87,68.91
81.16,81.16,87.60,66.58,68.64
81.32,81.32,84.93,65.39,69.69
81.39,81.39,81.76,56.55,73.61
80.47,80.47,80.13,54.48,73.89
80.77,80.77,77.64,54.35,74.30
80.57,80.57,79.01,55.43,74.21
78.35,78.35,71.80,57.16,73.33
74.86,74.86,66.11,59.59,72.03
77.43,77.43,64.67,61.66,74.38
78.41,78.41,73.48,70.28,75.95
77.45,77.45,74.05,72.64,76.50
81.33,81.33,71.02,76.29,74.49
84.16,84.16,68.03,75.88,76.26
86.49,86.49,64.12,74.92,70.45
84.03,84.03,64.92,74.69,70.42
80.00,80.00,65.37,77.27,67.94
81.67,81.67,63.94,77.11,69.89
81.19,81.19,61.44,75.24,72.05
74.66,74.66,61.47,75.52,74.18
70.40,70.40,60.19,76.49,75.85
69.42,69.42,56.89,74.04,75.69
65.14,65.14,59.67,77.72,73.68
61.43,61.43,62.81,77.28,72.11
65.92,65.92,78.85,69.10,73.61
65.21,65.21,88.79,70.79,69.40
70.96,70.96,87.14,59.50,68.99
75.84,75.84,86.40,51.12,67.31
78.07,78.07,85.32,53.33,67.10
76.05,76.05,87.54,55.93,66.06
72.55,72.55,87.72,50.80,66.78
74.65,74.65,83.79,53.38,67.49
73.87,73.87,84.05,56.99,70.15
73.92,73.92,76.08,57.14,71.39
74.63,74.63,80.02,57.01,73.01
76.05,76.05,76.45,55.09,75.34
75.83,75.83,73.66,55.44,72.97
77.37,77.37,57.74,53.69,70.80
76.48,76.48,64.24,60.57,74.64
75.33,75.33,74.65,71.68,80.04
78.02,78.02,72.54,68.60,77.83
76.83,76.83,68.39,70.97,78.07
78.87,78.87,65.42,68.34,76.54
78.34,78.34,61.40,67.82,75.51
78.90,78.90,57.80,67.91,75.70
79.23,79.23,56.16,63.25,74.21
81.81,81.81,55.93,69.21,78.42
78.20,78.20,51.92,74.19,78.97
75.06,75.06,48.38,75.11,76.03
78.89,78.89,49.47,73.22,74.90
73.50,73.50,54.72,73.17,72.10
73.94,73.94,63.49,70.55,70.90
66.95,66.95,71.19,73.56,71.07
66.15,66.15,87.20,69.33,68.92
71.58,71.58,87.72,65.51,68.51
74.34,74.34,86.08,52.45,71.10
74.21,74.21,86.03,54.92,68.25
67.76,67.76,86.25,60.06,69.94
63.31,63.31,89.16,62.53,70.14
64.07,64.07,85.29,63.05,69.45
63.24,63.24,86.42,65.95,73.86
64.55,64.55,80.80,70.95,76.61
65.70,65.70,77.90,74.87,74.80
67.22,67.22,77.39,72.24,73.28
68.02,68.02,72.85,72.23,71.18
64.09,64.09,62.91,76.47,68.38
61.02,61.02,61.85,75.88,69.02
66.01,66.01,70.61,68.86,76.65
70.07,70.07,73.49,73.15,76.55
72.73,72.73,70.99,72.89,75.90
76.08,76.08,67.35,69.28,75.08
77.76,77.76,65.03,68.63,73.51
80.92,80.92,61.64,72.93,70.76
79.66,79.66,65.24,72.12,67.41
78.80,78.80,73.85,63.96,69.58
78.16,78.16,87.25,65.13,68.63
78.97,78.97,87.56,53.31,67.99
82.90,82.90,84.29,52.44,68.22
85.02,85.02,86.83,54.12,66.84
78.73,78.73,86.31,62.12,64.99
76.12,76.12,86.39,61.01,64.04
76.55,76.55,86.61,56.82,67.48
74.19,74.19,86.53,58.23,68.30
72.38,72.38,86.33,63.81,69.25
73.81,73.81,86.94,65.74,69.07
72.53,72.53,85.89,69.84,67.86
70.77,70.77,88.47,70.04,66.74
75.16,75.16,85.69,69.01,68.56
76.68,76.68,85.49,69.97,69.18
74.19,74.19,84.07,73.95,71.75
77.46,77.46,77.90,75.13,73.54
77.19,77.19,78.54,73.57,72.55
72.69,72.69,74.71,73.29,73.78
68.55,68.55,73.99,75.20,74.09
64.98,64.98,61.89,75.16,73.62
63.93,63.93,63.01,76.80,74.54
64.95,64.95,76.29,77.07,74.57
64.25,64.25,75.05,76.49,72.78
65.35,65.35,70.56,75.69,72.43
65.81,65.81,67.92,76.69,71.47
67.19,67.19,65.37,76.60,70.72
66.41,66.41,62.95,76.03,68.40
64.56,64.56,59.76,70.58,67.87
67.12,67.12,63.42,72.22,75.16
64.52,64.52,64.71,73.04,76.43
65.32,65.32,68.21,74.18,76.95
70.02,70.02,69.35,73.23,75.18
68.24,68.24,63.01,74.12,74.43
62.25,62.25,63.82,72.35,71.80
59.28,59.28,68.04,71.40,66.90
63.10,63.10,84.40,68.22,67.01
73.03,73.03,88.50,65.32,67.38
77.44,77.44,85.23,63.29,66.58
79.63,79.63,86.26,62.90,68.55
79.78,79.78,87.76,63.64,66.62
72.02,72.02,86.34,58.71,68.03
66.88,66.88,85.42,62.20,70.34
67.07,67.07,86.60,69.55,73.47
71.25,71.25,78.84,71.38,76.67
75.31,75.31,79.03,74.28,76.96
78.17,78.17,75.65,75.19,76.60
80.23,80.23,77.77,75.94,74.87
81.45,81.45,66.99,74.34,73.33
79.82,79.82,60.63,73.32,72.69
75.85,75.85,69.71,74.90,76.05
73.06,73.06,75.05,76.31,75.21
72.60,72.60,72.97,76.73,76.25
74.85,74.85,69.54,74.28,75.65
75.07,75.07,67.07,74.77,74.13
70.97,70.97,65.46,73.41,71.38
69.64,69.64,65.91,75.90,72.76
73.25,73.25,67.18,75.06,74.71
75.63,75.63,66.39,76.44,75.19
74.98,74.98,62.67,75.55,75.38
73.44,73.44,60.63,73.72,72.87
75.18,75.18,56.64,75.55,76.12
72.19,72.19,55.80,72.89,73.16
76.03,76.03,66.74,71.49,71.72
78.96,78.96,71.94,73.88,70.95
80.84,80.84,87.54,71.56,69.51
77.26,77.26,87.49,64.94,66.28
84.44,84.44,84.08,60.83,66.01
80.08,80.08,85.95,64.81,68.24
76.11,76.11,85.78,65.42,68.83
75.00,75.00,85.72,66.22,68.37
70.12,70.12,87.04,61.84,70.25
72.04,72.04,81.98,49.48,76.78
73.10,73.10,78.94,46.08,76.91
76.53,76.53,77.41,38.50,74.51
75.80,75.80,79.99,34.62,75.53
75.94,75.94,75.69,46.65,74.24
71.35,71.35,65.83,52.63,72.42
71.44,71.44,64.30,58.59,73.26
75.91,75.91,74.93,69.23,73.61
75.72,75.72,74.16,75.62,75.67
75.87,75.87,69.47,69.71,76.67
72.63,72.63,67.53,74.60,76.22
65.43,65.43,64.50,74.00,74.54
63.78,63.78,63.68,76.42,74.57
62.91,62.91,67.35,70.78,75.45
70.39,70.39,72.66,71.61,76.74
66.68,66.68,73.09,72.23,77.24
72.45,72.45,69.93,76.55,76.20
72.90,72.90,65.96,74.31,75.18
72.70,72.70,61.39,74.82,74.38
76.35,76.35,64.67,71.79,71.52
78.73,78.73,70.69,73.24,72.77
82.39,82.39,81.52,65.40,69.20
77.76,77.76,87.04,62.69,66.31
73.83,73.83,86.36,56.78,65.28
74.23,74.23,86.40,57.08,66.10
73.79,73.79,86.25,60.94,66.25
74.54,74.54,86.50,63.74,63.82
76.16,76.16,87.92,67.65,62.98
78.13,78.13,84.72,67.92,66.11
82.87,82.87,79.90,73.58,69.37
77.52,77.52,74.12,74.29,67.90
76.75,76.75,69.70,73.88,68.34
77.60,77.60,71.10,72.91,68.94
74.79,74.79,68.11,75.09,67.52
73.69,73.69,65.85,71.90,66.58
73.76,73.76,74.09,75.74,72.97
72.58,72.58,85.25,70.69,79.08
69.83,69.83,85.77,65.28,79.33
73.72,73.72,83.65,69.50,76.38
74.38,74.38,82.92,70.67,73.73
72.52,72.52,80.44,74.65,71.46
74.99,74.99,76.58,74.33,68.21
77.35,77.35,73.81,71.45,68.81
81.84,81.84,74.04,75.78,71.31
80.27,80.27,75.09,73.07,71.72
80.23,80.23,72.66,73.57,71.84
81.52,81.52,70.96,73.83,73.31
78.30,78.30,69.95,73.88,73.32
76.69,76.69,68.77,75.16,72.39
75.40,75.40,71.67,74.38,73.28
76.79,76.79,86.57,68.84,73.07
76.66,76.66,87.95,57.66,69.15
73.28,73.28,87.06,48.35,68.36
69.57,69.57,85.69,58.04,67.50
68.26,68.26,85.72,61.85,66.22
67.97,67.97,87.78,63.71,67.14
65.24,65.24,85.74,66.34,69.44
63.74,63.74,84.11,72.65,71.51
62.50,62.50,82.13,74.89,75.07
60.61,60.61,73.51,75.54,73.88
59.61,59.61,76.34,76.37,73.68
60.65,60.65,73.57,77.77,74.08
61.21,61.21,68.84,78.19,73.46
62.78,62.78,64.49,78.03,73.06
64.30,64.30,75.51,78.08,72.23
62.88,62.88,76.30,77.39,73.72
64.61,64.61,71.45,76.61,74.86
63.93,63.93,68.67,76.67,74.78
63.64,63.64,65.98,76.98,74.84
63.79,63.79,63.13,76.50,73.75
65.26,65.26,62.54,76.41,74.76
65.98,65.98,63.69,74.79,75.09
67.31,67.31,63.58,71.12,76.31
67.22,67.22,63.16,70.43,76.36
69.91,69.91,58.32,56.96,75.74
68.93,68.93,57.62,59.04,72.37
64.63,64.63,60.76,54.13,70.84
61.18,61.18,63.61,54.89,69.48
66.10,66.10,81.02,55.91,70.17
69.92,69.92,87.35,39.67,70.42
75.33,75.33,85.28,32.85,69.05
70.44,70.44,86.65,46.84,70.53
70.50,70.50,85.29,54.49,71.74
73.22,73.22,86.94,54.74,70.16
69.30,69.30,88.14,58.63,70.41
70.03,70.03,83.98,57.44,71.92
76.00,76.00,84.20,68.58,75.99
74.16,74.16,74.90,69.04,74.26
76.25,76.25,77.39,70.28,73.96
80.07,80.07,74.49,72.04,73.01
76.82,76.82,67.02,75.28,73.58
78.41,78.41,60.77,73.16,73.96
70.38,70.38,68.38,73.45,74.52
67.09,67.09,74.85,65.99,76.73
63.06,63.06,72.25,64.93,75.87
63.30,63.30,69.73,71.21,77.07
68.87,68.87,69.13,75.90,72.76
72.48,72.48,64.90,73.47,71.31
72.18,72.18,60.64,74.53,69.68
72.44,72.44,61.41,68.91,71.46
75.04,75.04,61.63,69.57,76.59
78.77,78.77,58.48,73.08,77.54
77.44,77.44,56.58,72.46,76.41
74.39,74.39,53.19,73.79,74.24
73.79,73.79,50.06,74.50,73.61
73.57,73.57,49.89,72.49,74.44
75.55,75.55,49.88,75.07,74.21
75.84,75.84,52.14,75.39,75.00
79.29,79.29,51.21,74.63,73.67
81.95,81.95,50.16,70.25,73.31
78.74,78.74,50.27,72.65,72.70
75.25,75.25,51.40,73.15,74.37
78.54,78.54,54.53,76.08,73.52
73.97,73.97,58.54,76.30,73.72
71.02,71.02,61.54,72.40,75.86
63.59,63.59,61.68,75.66,74.67
66.83,66.83,62.43,68.64,74.65
67.02,67.02,62.07,52.31,77.25
66.75,66.75,60.70,54.59,72.33
69.24,69.24,56.60,53.94,74.64
72.49,72.49,54.76,54.56,73.89
76.04,76.04,53.79,68.93,77.95
72.71,72.71,52.75,73.45,76.31
65.61,65.61,50.31,78.93,75.29
61.76,61.76,50.70,75.78,74.60
61.29,61.29,53.63,77.95,74.63
60.40,60.40,55.73,79.28,75.28
58.11,58.11,53.67,79.13,73.52
63.63,63.63,51.28,78.75,73.06
69.70,69.70,51.37,79.01,74.60
72.12,72.12,48.00,77.93,72.91
71.44,71.44,46.90,77.32,74.48
78.33,78.33,46.36,79.39,73.61
75.66,75.66,45.34,80.03,73.53
72.15,72.15,46.67,79.63,73.39
68.90,68.90,50.70,78.05,74.52
67.92,67.92,53.84,79.35,75.28
65.55,65.55,53.59,79.25,75.00
64.07,64.07,57.41,79.75,74.83
62.69,62.69,58.18,79.29,75.04
69.34,69.34,57.04,78.48,74.83
73.21,73.21,56.65,77.99,74.57
76.33,76.33,54.76,76.63,73.98
82.23,82.23,54.10,75.24,73.99
80.63,80.63,48.72,75.61,71.63
78.20,78.20,49.44,74.79,72.15
75.60,75.60,47.50,75.08,71.77
74.05,74.05,48.45,73.46,72.53
77.80,77.80,52.11,74.47,71.62
78.81,78.81,53.79,72.05,72.90
75.28,75.28,55.45,72.92,73.97
79.71,79.71,53.37,71.50,74.91
80.98,80.98,51.15,71.58,74.22
82.02,82.02,51.42,74.24,76.40
76.17,76.17,53.04,72.38,74.85
77.94,77.94,54.74,73.51,74.17
77.21,77.21,56.01,69.19,74.62
77.36,77.36,57.58,76.74,78.47
76.87,76.87,51.69,71.59,79.41
75.04,75.04,50.58,73.62,77.18
73.78,73.78,47.83,77.53,74.40
74.53,74.53,49.61,79.55,72.69
69.42,69.42,65.34,76.45,73.34
74.90,74.90,69.69,72.01,70.94
76.04,76.04,83.97,71.66,73.55
76.02,76.02,88.32,59.31,70.65
74.66,74.66,84.43,51.97,69.83
77.48,77.48,85.90,57.42,68.55
77.18,77.18,87.26,57.04,69.75
78.25,78.25,86.85,55.46,67.23
75.04,75.04,85.35,55.12,68.42
73.44,73.44,85.48,52.54,71.74
71.20,71.20,79.28,60.03,73.91
76.38,76.38,79.89,67.51,71.62
72.98,72.98,75.28,70.69,73.91
72.21,72.21,78.45,72.24,73.66
70.36,70.36,67.75,69.94,72.89
68.51,68.51,58.94,73.53,71.56
64.97,64.97,69.78,72.78,72.22
68.11,68.11,76.10,75.03,72.64
69.09,69.09,72.36,76.67,72.80
69.58,69.58,69.22,76.51,72.94
70.23,70.23,66.52,73.31,73.52
65.41,65.41,64.03,74.00,72.33
61.88,61.88,61.01,74.64,71.32
64.83,64.83,60.54,75.43,71.93
62.37,62.37,62.18,72.82,77.76
63.85,63.85,65.17,71.27,76.43
67.22,67.22,69.64,75.17,75.61
68.89,68.89,67.31,73.79,71.87
63.27,63.27,62.42,74.13,69.55
60.58,60.58,66.14,73.79,66.58
60.80,60.80,74.68,72.28,66.34
64.93,64.93,87.84,66.34,68.59
67.53,67.53,87.60,64.18,67.57
67.14,67.14,84.77,62.02,67.16
68.67,68.67,86.96,61.35,67.85
68.27,68.27,85.76,60.94,68.43
68.01,68.01,85.88,61.80,68.68
69.17,69.17,87.31,66.61,70.39
70.03,70.03,81.52,69.95,72.43
70.34,70.34,80.47,71.55,75.43
69.19,69.19,76.11,73.21,75.67
70.06,70.06,77.25,74.46,73.86
67.53,67.53,72.87,76.01,73.43
63.43,63.43,65.63,74.55,71.46
65.27,65.27,65.02,75.72,72.84
65.43,65.43,75.80,74.26,77.56
65.00,65.00,74.78,73.66,76.11
60.19,60.19,71.78,74.15,75.26
62.25,62.25,71.72,75.88,74.23
56.49,56.49,69.38,75.47,72.55
58.79,58.79,69.53,76.23,71.94
59.66,59.66,70.34,73.62,72.51
59.09,59.09,69.02,75.01,75.06
59.87,59.87,70.19,71.94,76.00
56.63,56.63,69.21,76.70,75.46
56.57,56.57,66.79,75.43,73.92
56.14,56.14,61.16,74.38,75.42
56.09,56.09,59.81,75.33,73.56
58.02,58.02,68.35,73.73,72.88
62.16,62.16,80.76,71.21,72.16
67.64,67.64,87.11,66.45,69.12
69.21,69.21,87.63,64.05,66.87
71.99,71.99,85.75,61.63,66.09
71.09,71.09,85.04,65.43,69.49
71.63,71.63,85.84,64.61,68.93
71.04,71.04,87.44,65.01,70.02
71.79,71.79,83.50,58.61,73.28
72.43,72.43,82.36,49.96,76.74
70.37,70.37,75.62,38.74,75.51
71.54,71.54,78.27,35.40,74.40
73.61,73.61,79.63,46.22,75.81
71.93,71.93,71.19,56.11,74.45
73.11,73.11,62.86,41.84,73.54
75.20,75.20,68.43,60.79,76.14
73.12,73.12,74.45,67.17,79.67
74.56,74.56,72.22,77.44,79.34
74.82,74.82,67.79,76.08,78.04
74.86,74.86,66.73,76.51,75.71
73.59,73.59,64.15,76.97,75.84
71.91,71.91,62.31,76.40,76.39
74.53,74.53,59.30,73.51,75.83
76.06,76.06,59.58,72.36,80.03
73.28,73.28,58.71,73.51,77.10
71.32,71.32,55.17,74.38,77.94
72.04,72.04,51.14,76.13,74.41
74.73,74.73,54.82,75.37,75.96
73.03,73.03,66.75,72.83,74.54
67.86,67.86,73.29,69.23,72.31
71.46,71.46,86.97,65.49,70.61
67.18,67.18,88.20,53.25,65.70
75.85,75.85,86.46,52.53,65.23
77.84,77.84,86.08,58.35,67.65
78.78,78.78,86.50,61.77,67.61
77.70,77.70,88.26,65.60,67.80
75.28,75.28,86.14,66.80,67.13
74.35,74.35,83.06,71.66,73.81
71.75,71.75,78.68,71.02,73.58
71.23,71.23,70.17,74.21,73.88
69.73,69.73,75.21,74.74,72.21
70.15,70.15,69.30,75.32,71.06
68.94,68.94,67.73,73.20,70.93
70.52,70.52,66.60,72.48,70.86
73.19,73.19,82.21,72.33,76.61
71.41,71.41,86.21,69.91,74.92
69.19,69.19,83.36,70.54,73.81
66.71,66.71,84.24,74.43,73.44
70.63,70.63,82.08,76.24,71.60
67.69,67.69,79.46,73.11,73.67
66.18,66.18,75.58,72.35,74.91
66.42,66.42,73.15,69.48,74.29
62.42,62.42,74.40,74.30,72.75
61.52,61.52,74.12,72.99,74.74
61.15,61.15,69.55,74.46,74.96
59.46,59.46,67.52,76.44,74.21
58.32,58.32,68.43,73.89,71.47
60.90,60.90,65.30,73.61,68.86
68.89,68.89,78.28,73.17,69.58
73.86,73.86,88.21,64.27,71.52
75.30,75.30,86.69,48.51,69.43
73.13,73.13,86.82,50.13,68.32
77.21,77.21,85.17,54.32,68.89
74.10,74.10,86.66,58.06,69.38
72.84,72.84,87.48,62.81,68.94
78.58,78.58,83.69,68.47,71.52
77.16,77.16,85.19,71.31,74.39
77.86,77.86,76.49,73.85,74.08
74.78,74.78,77.20,73.82,74.21
73.99,73.99,73.17,75.90,71.64
75.73,75.73,73.20,75.03,72.00
81.23,81.23,62.05,75.20,72.20
86.62,86.62,64.40,72.85,70.07
83.76,83.76,75.71,71.11,70.88
81.77,81.77,73.51,63.83,71.82
78.12,78.12,69.23,54.13,71.41
81.39,81.39,66.81,51.57,71.78
80.72,80.72,62.76,56.00,71.42
74.98,74.98,61.28,56.44,70.02
74.19,74.19,57.80,55.10,69.72
79.16,79.16,53.99,69.89,78.82
76.15,76.15,50.79,73.74,76.80
78.40,78.40,48.84,74.32,74.07
81.29,81.29,50.17,75.36,73.01
80.83,80.83,55.36,75.19,69.17
81.68,81.68,62.95,73.76,67.36
82.44,82.44,67.42,71.44,66.01
74.02,74.02,87.17,70.46,65.20
69.27,69.27,86.82,66.65,64.24
76.46,76.46,86.50,62.70,64.47
82.40,82.40,85.68,65.51,66.60
85.11,85.11,86.52,67.71,67.31
85.29,85.29,88.44,65.45,67.00
84.07,84.07,83.10,60.83,66.59
82.75,82.75,83.65,55.49,69.17
82.59,82.59,76.92,56.26,72.08
85.20,85.20,79.95,49.63,71.09
85.81,85.81,77.28,39.13,72.46
85.76,85.76,74.44,49.35,72.41
84.26,84.26,66.33,55.27,72.75
83.71,83.71,63.17,57.08,72.79
81.32,81.32,72.38,66.40,78.14
76.64,76.64,75.30,75.08,77.84
73.96,73.96,73.13,72.19,76.95
75.05,75.05,69.81,71.60,74.90
77.22,77.22,66.23,76.73,71.59
77.09,77.09,65.46,77.94,70.07
79.49,79.49,66.06,77.41,68.80
78.23,78.23,66.93,76.56,70.03
77.38,77.38,65.05,76.36,72.34
76.38,76.38,62.47,77.24,72.38
71.98,71.98,59.38,75.29,73.14
71.01,71.01,56.78,78.03,71.72
68.81,68.81,58.65,79.13,71.07
68.87,68.87,64.02,76.73,69.37
72.58,72.58,73.69,70.28,71.19
67.93,67.93,88.05,68.97,66.92
70.36,70.36,87.16,63.02,67.15
75.46,75.46,86.92,48.96,62.60
76.91,76.91,85.91,51.13,65.31
77.16,77.16,88.75,51.47,63.72
76.88,76.88,85.74,49.48,66.77
75.63,75.63,84.82,52.36,68.18
74.50,74.50,84.01,53.33,70.89
74.48,74.48,77.29,49.88,72.79
76.34,76.34,78.67,47.80,73.34
77.98,77.98,76.71,49.76,71.71
79.55,79.55,75.71,50.35,74.03
75.59,75.59,61.00,52.36,74.83
76.26,76.26,64.85,53.77,75.00
76.77,76.77,74.39,60.48,81.00
78.72,78.72,72.69,70.20,79.15
76.80,76.80,69.04,69.54,77.65
76.20,76.20,66.57,64.04,77.21
77.52,77.52,63.13,68.79,77.17
77.73,77.73,59.77,65.41,77.04
78.97,78.97,57.61,61.77,75.15
76.77,76.77,58.68,74.71,78.56
77.73,77.73,58.30,76.01,79.47
74.69,74.69,57.15,73.56,76.91
72.25,72.25,55.04,73.40,75.17
69.59,69.59,55.85,74.32,75.38
65.83,65.83,60.85,74.41,74.85
65.26,65.26,70.68,73.48,73.37
65.34,65.34,83.72,67.84,71.71
65.28,65.28,89.14,67.69,65.64
72.53,72.53,84.83,53.48,67.07
73.96,73.96,86.15,57.83,66.59
70.93,70.93,88.26,61.59,66.20
65.55,65.55,87.75,63.86,67.04
63.37,63.37,85.58,63.55,68.03
62.59,62.59,86.93,64.88,72.50
66.64,66.64,80.02,71.08,76.92
63.63,63.63,78.21,74.83,76.94
62.04,62.04,75.78,72.03,75.49
62.10,62.10,75.59,75.61,74.22
62.20,62.20,63.70,77.11,73.07
60.89,60.89,62.69,76.10,73.75
64.02,64.02,72.21,66.98,74.04
68.82,68.82,74.62,74.70,73.19
71.53,71.53,72.20,76.68,75.72
73.66,73.66,69.43,75.08,72.96
77.30,77.30,67.17,71.99,72.32
75.27,75.27,63.72,73.50,71.04
75.66,75.66,66.12,74.33,70.24
81.68,81.68,70.49,69.56,70.56
81.62,81.62,85.88,59.16,68.63
77.57,77.57,88.37,50.13,65.77
74.72,74.72,85.77,50.39,66.69
76.88,76.88,85.99,55.34,67.04
80.32,80.32,86.25,60.82,66.33
79.83,79.83,88.41,60.99,66.18
79.01,79.01,85.01,61.23,66.41
76.33,76.33,87.07,53.94,68.68
81.09,81.09,87.05,57.32,67.35
81.14,81.14,85.14,59.86,67.59
77.84,77.84,87.30,63.87,67.95
74.33,74.33,85.79,66.09,67.35
72.98,72.98,85.55,67.08,68.94
76.17,76.17,87.18,68.37,70.91
77.90,77.90,82.23,72.77,74.09
79.01,79.01,80.35,75.95,74.17
79.31,79.31,76.00,75.91,73.53
74.55,74.55,77.04,75.00,73.69
67.45,67.45,72.50,71.37,76.44
64.96,64.96,63.34,74.39,74.27
63.37,63.37,60.08,75.10,72.07
60.38,60.38,75.90,73.54,73.33
60.61,60.61,75.20,74.67,75.10
60.71,60.71,70.91,75.11,74.95
60.02,60.02,68.00,74.35,75.32
61.00,61.00,63.68,74.11,73.06
61.20,61.20,61.96,74.74,72.30
61.30,61.30,60.45,73.11,73.47
62.80,62.80,62.38,71.04,76.17
63.17,63.17,63.47,74.60,77.49
64.92,64.92,67.22,74.35,75.83
69.74,69.74,68.93,73.14,74.94
67.58,67.58,64.76,73.46,73.03
63.10,63.10,63.88,72.75,71.30
58.48,58.48,69.96,71.21,69.34
58.03,58.03,82.58,68.42,69.12
62.67,62.67,87.45,65.93,68.32
62.49,62.49,87.84,63.15,68.87
68.56,68.56,86.63,58.09,68.36
76.65,76.65,85.92,57.03,68.71
80.00,80.00,85.98,56.02,68.55
82.68,82.68,87.84,63.48,69.84
79.47,79.47,84.43,71.14,72.53
76.66,76.66,82.33,72.38,76.37
77.38,77.38,76.92,75.33,78.10
79.61,79.61,76.17,75.63,76.93
78.97,78.97,76.72,75.41,77.42
79.80,79.80,69.70,74.32,73.38
75.55,75.55,59.93,72.81,73.01
75.71,75.71,68.21,75.15,77.36
76.72,76.72,75.17,75.76,78.49
75.47,75.47,73.35,72.05,78.49
78.62,78.62,69.70,75.56,75.03
80.03,80.03,66.51,74.35,75.00
78.82,78.82,66.06,75.82,72.24
80.62,80.62,65.54,74.74,72.02
80.65,80.65,68.02,75.92,72.85
79.74,79.74,65.96,75.49,76.37
79.03,79.03,61.53,74.27,75.70
76.14,76.14,60.30,73.78,76.94
78.78,78.78,54.85,74.15,75.63
75.50,75.50,54.87,74.77,73.88
79.93,79.93,63.48,71.68,72.05
75.94,75.94,71.21,71.41,71.85
75.25,75.25,86.73,73.28,69.31
73.28,73.28,87.84,63.85,67.79
76.82,76.82,85.97,57.53,67.65
76.47,76.47,85.06,61.43,68.02
74.86,74.86,85.28,63.15,66.86
74.19,74.19,87.76,63.01,68.61
69.39,69.39,85.19,58.44,70.95
71.20,71.20,82.66,42.40,73.29
72.07,72.07,78.97,39.64,72.27
74.30,74.30,77.58,35.48,72.58
72.39,72.39,80.03,32.36,71.28
69.90,69.90,75.69,40.18,72.61
71.65,71.65,67.65,47.29,73.43
74.68,74.68,63.02,53.25,72.96
78.18,78.18,73.43,57.56,77.23
74.85,74.85,75.39,70.35,76.07
70.53,70.53,75.23,64.45,76.84
73.46,73.46,73.45,71.26,78.01
75.43,75.43,69.13,70.39,75.33
80.38,80.38,69.12,71.97,75.39
80.99,80.99,65.69,72.28,74.43
79.39,79.39,64.09,70.63,75.29
74.31,74.31,71.44,71.92,77.14
71.24,71.24,69.23,72.89,77.38
68.56,68.56,64.49,72.16,77.16
73.20,73.20,61.70,72.08,74.56
73.31,73.31,67.61,71.74,75.56
70.64,70.64,71.70,70.43,72.20
70.23,70.23,80.07,69.67,73.25
70.42,70.42,87.94,62.74,70.20
72.05,72.05,85.85,51.06,66.19
72.74,72.74,86.35,51.10,66.84
71.82,71.82,85.54,59.65,68.44
73.89,73.89,87.67,61.16,69.88
73.81,73.81,87.74,62.66,66.81
73.90,73.90,83.66,67.21,66.44
77.45,77.45,83.53,71.69,69.35
75.90,75.90,72.22,74.72,70.20
78.01,78.01,74.93,72.21,69.46
74.88,74.88,68.89,73.79,67.65
77.26,77.26,68.62,73.56,68.80
74.86,74.86,65.18,73.38,69.32
74.54,74.54,72.92,73.50,72.57
71.02,71.02,85.28,69.84,77.18
73.08,73.08,83.99,66.44,75.24
79.68,79.68,84.53,70.01,74.86
79.65,79.65,82.00,71.80,73.52
74.31,74.31,79.63,73.09,70.97
80.46,80.46,77.13,74.01,72.37
78.01,78.01,75.01,73.73,72.39
78.75,78.75,74.47,72.27,73.32
76.65,76.65,74.84,73.71,72.89
72.25,72.25,72.31,72.04,72.78
66.91,66.91,68.69,72.91,73.66
64.99,64.99,67.62,75.54,73.28
69.21,69.21,70.24,74.09,72.94
72.74,72.74,68.66,74.41,71.18
76.86,76.86,86.90,68.46,72.21
69.45,69.45,87.86,55.35,68.20
66.64,66.64,86.44,43.39,66.89
64.25,64.25,86.37,49.58,68.83
64.12,64.12,85.77,53.39,68.51
64.72,64.72,89.07,57.76,69.30
64.70,64.70,84.48,65.03,69.89
59.98,59.98,86.42,71.00,73.00
60.58,60.58,81.22,74.36,74.56
60.03,60.03,76.84,74.09,72.64
62.38,62.38,74.33,74.79,72.56
61.04,61.04,75.88,75.42,74.24
61.58,61.58,69.10,75.81,74.64
58.94,58.94,65.23,76.42,73.95
63.83,63.83,73.20,76.88,76.68
62.97,62.97,75.79,76.87,77.78
62.11,62.11,72.44,76.76,75.10
60.76,60.76,69.29,76.72,72.93
61.23,61.23,66.80,76.92,75.19
59.98,59.98,63.78,76.93,72.39
61.56,61.56,62.91,76.88,75.27
60.35,60.35,60.93,75.06,73.79
58.13,58.13,59.72,72.53,77.07
64.05,64.05,59.23,69.43,76.00
69.95,69.95,55.06,53.87,75.77
74.07,74.07,54.57,56.96,72.08
74.33,74.33,58.11,48.17,68.37
73.37,73.37,66.01,48.25,68.80
73.92,73.92,76.73,44.83,69.15
76.14,76.14,86.37,41.02,69.33
75.95,75.95,85.26,29.48,68.65
76.07,76.07,86.77,37.92,69.26
75.11,75.11,86.18,50.58,69.88
73.93,73.93,88.56,54.35,68.55
74.05,74.05,86.00,56.63,71.21
74.81,74.81,84.43,55.06,73.85
80.24,80.24,84.23,66.44,75.11
75.90,75.90,78.47,74.17,76.28
75.50,75.50,76.55,72.86,74.87
79.25,79.25,74.58,71.81,73.36
78.07,78.07,69.20,74.80,71.54
77.19,77.19,62.50,73.15,72.87
78.08,78.08,66.32,72.89,74.23
79.17,79.17,75.34,66.34,79.09
76.15,76.15,73.75,67.05,79.33
76.02,76.02,72.00,74.68,78.32
76.00,76.00,69.09,74.92,75.95
75.94,75.94,64.67,70.98,75.73
75.86,75.86,61.72,72.86,74.18
79.99,79.99,60.72,67.92,73.18
78.86,78.86,62.20,69.03,77.35
77.71,77.71,57.91,74.98,79.04
78.90,78.90,53.78,76.54,77.30
77.53,77.53,51.75,75.75,74.02
76.28,76.28,55.05,77.47,73.14
73.98,73.98,61.41,78.65,72.04
80.86,80.86,68.20,76.01,71.09
80.78,80.78,81.70,70.93,70.52
72.42,72.42,87.46,64.21,68.45
72.58,72.58,85.02,59.25,65.79
74.39,74.39,86.16,65.11,67.75
70.04,70.04,87.65,67.76,67.85
65.55,65.55,86.51,70.27,65.48
63.81,63.81,85.20,70.53,66.57
65.13,65.13,86.23,70.51,72.50
66.37,66.37,79.35,57.50,73.38
64.71,64.71,80.88,54.04,74.50
69.85,69.85,77.89,43.46,74.42
72.43,72.43,79.92,46.31,73.58
66.80,66.80,69.92,52.69,73.96
62.36,62.36,65.43,55.99,74.39
65.14,65.14,71.60,67.19,79.13
63.74,63.74,73.88,69.47,78.48
63.68,63.68,71.57,72.68,76.84
61.90,61.90,68.54,71.99,77.60
65.20,65.20,64.82,71.48,73.09
64.68,64.68,62.16,74.72,74.11
61.31,61.31,61.04,74.93,73.15
65.06,65.06,58.97,72.84,74.39
69.80,69.80,63.76,69.23,76.28
69.41,69.41,67.44,70.94,77.77
69.02,69.02,67.07,74.56,75.62
77.13,77.13,63.66,75.61,75.73
81.16,81.16,61.15,75.43,73.42
80.81,80.81,62.87,73.69,71.92
79.92,79.92,73.53,74.03,72.06
78.97,78.97,87.77,66.88,69.04
74.52,74.52,86.76,65.06,67.22
70.90,70.90,85.36,61.16,67.62
71.40,71.40,87.07,65.62,69.38
71.96,71.96,86.73,65.49,69.88
73.32,73.32,85.75,68.34,68.59
74.57,74.57,86.83,71.16,69.18
73.37,73.37,81.91,71.32,74.76
71.75,71.75,79.59,73.11,73.62
70.29,70.29,76.50,74.21,72.00
73.99,73.99,78.20,73.73,71.72
76.15,76.15,72.26,75.53,71.21
74.17,74.17,60.44,73.36,72.29
73.49,73.49,63.70,74.40,72.44
78.38,78.38,73.88,73.42,74.96
78.24,78.24,73.04,74.51,76.76
76.67,76.67,69.63,73.85,74.61
74.94,74.94,68.65,72.42,75.10
70.99,70.99,64.00,74.35,74.14
68.15,68.15,63.53,75.35,74.10
66.31,66.31,66.69,71.92,73.40
68.15,68.15,77.62,73.88,73.25
67.39,67.39,88.51,66.16,68.97
71.92,71.92,87.27,54.13,65.27
71.34,71.34,87.08,52.79,63.53
74.49,74.49,86.02,50.88,63.07
76.63,76.63,88.59,57.10,61.60
75.79,75.79,87.81,57.49,61.81
76.15,76.15,85.05,47.09,65.13
73.51,73.51,87.40,38.07,65.08
74.18,74.18,86.77,49.09,66.32
76.28,76.28,86.60,54.73,64.26
75.71,75.71,85.27,57.51,65.14
74.49,74.49,86.81,59.25,63.28
74.90,74.90,88.00,62.19,65.75
75.39,75.39,83.77,62.81,68.21
75.47,75.47,82.35,67.75,73.47
76.20,76.20,77.52,69.79,73.34
75.73,75.73,76.27,71.66,72.17
74.69,74.69,76.65,72.65,72.80
76.24,76.24,69.79,72.99,73.67
77.85,77.85,59.83,71.59,74.25
78.01,78.01,67.65,71.63,70.49
76.93,76.93,76.18,72.85,72.09
76.20,76.20,73.36,73.09,71.22
77.12,77.12,70.37,74.54,70.43
77.10,77.10,67.50,74.79,69.95
78.62,78.62,64.95,74.34,68.83
74.95,74.95,61.08,72.78,69.18
72.81,72.81,58.67,75.26,69.55
75.24,75.24,61.65,71.46,76.32
74.03,74.03,67.68,71.01,75.52
70.64,70.64,73.07,74.53,74.06
66.28,66.28,71.36,72.75,70.58
65.89,65.89,65.13,74.96,67.88
59.74,59.74,65.54,73.67,66.07
56.92,56.92,72.13,71.68,63.26
62.26,62.26,86.46,69.05,67.01
67.50,67.50,87.51,65.08,64.63
73.96,73.96,86.40,61.44,63.58
76.53,76.53,86.15,60.52,62.79
77.48,77.48,85.45,61.70,65.31
78.18,78.18,87.58,62.03,65.99
79.68,79.68,85.81,67.13,69.39
80.11,80.11,82.74,73.50,73.80
78.91,78.91,80.65,75.60,76.46
76.56,76.56,76.55,74.98,74.54
76.79,76.79,78.95,75.86,75.17
76.88,76.88,73.07,75.83,74.00
78.49,78.49,66.11,75.27,72.18
79.14,79.14,60.41,75.12,72.58
80.83,80.83,73.53,73.30,77.79
78.02,78.02,75.44,74.44,76.36
76.90,76.90,71.18,74.79,74.75
75.30,75.30,69.39,74.29,72.24
74.33,74.33,65.62,75.77,69.91
75.04,75.04,65.60,74.18,69.51
73.65,73.65,66.81,74.61,70.54
76.44,76.44,65.78,74.13,72.59
78.20,78.20,64.76,76.01,73.09
77.79,77.79,62.15,73.29,72.99
76.45,76.45,58.50,73.79,72.09
77.14,77.14,56.44,76.09,71.22
75.79,75.79,57.64,74.57,69.82
74.07,74.07,66.95,72.41,69.82
77.42,77.42,77.54,69.70,70.48
77.89,77.89,88.22,68.42,68.14
76.54,76.54,86.67,62.26,66.98
75.87,75.87,86.43,59.60,65.63
78.15,78.15,84.87,62.37,65.73
76.56,76.56,86.82,65.70,63.92
74.70,74.70,87.21,64.24,66.45
71.59,71.59,83.43,52.45,72.68
73.10,73.10,83.96,46.25,76.31
71.21,71.21,76.09,28.86,75.63
69.85,69.85,80.24,34.52,76.25
68.96,68.96,77.73,35.00,75.47
67.96,67.96,74.50,40.21,73.50
67.88,67.88,62.54,54.40,73.24
68.73,68.73,67.00,53.90,75.82
66.54,66.54,76.26,68.21,78.77
61.54,61.54,73.40,76.59,77.20
58.36,58.36,70.14,74.98,74.39
63.00,63.00,68.24,76.78,75.57
64.54,64.54,64.06,75.17,74.09
64.41,64.41,61.71,75.99,73.95
66.11,66.11,59.06,73.29,73.12
70.93,70.93,60.43,73.23,81.27
60.95,60.95,59.33,73.17,80.39
61.73,61.73,55.02,75.52,79.28
59.03,59.03,51.48,75.93,74.13
59.42,59.42,54.52,75.55,76.36
61.35,61.35,62.92,73.13,71.02
65.43,65.43,72.81,72.36,70.46
63.03,63.03,85.91,66.33,70.71
65.17,65.17,86.47,56.88,68.53
67.11,67.11,86.08,52.41,66.60
72.30,72.30,86.43,58.23,67.21
74.78,74.78,86.62,62.94,69.61
75.02,75.02,89.34,64.88,66.73
75.29,75.29,85.04,67.19,70.24
75.61,75.61,84.85,70.29,74.22
75.86,75.86,79.04,73.68,77.30
73.96,73.96,74.26,73.50,77.74
72.91,72.91,74.19,76.53,74.92
75.96,75.96,72.22,74.40,72.08
79.43,79.43,66.30,75.46,70.27
80.61,80.61,65.32,73.18,73.13
78.82,78.82,77.63,69.94,76.12
77.96,77.96,82.68,71.39,75.83
77.32,77.32,81.90,71.38,76.01
76.05,76.05,80.56,74.71,74.17
75.92,75.92,79.76,73.84,71.94
76.24,76.24,78.77,74.96,71.77
76.10,76.10,76.23,70.28,70.87
75.37,75.37,73.63,70.64,72.26
75.90,75.90,74.88,73.60,74.20
76.94,76.94,74.48,75.53,72.68
77.22,77.22,71.79,74.96,71.91
75.57,75.57,67.96,73.44,70.49
76.18,76.18,69.69,76.00,67.93
75.71,75.71,67.90,70.46,65.93
74.28,74.28,77.63,73.41,68.92
73.19,73.19,87.20,66.26,70.85
70.16,70.16,86.74,50.80,69.53
71.12,71.12,85.91,54.35,68.30
73.41,73.41,86.46,59.77,69.16
74.84,74.84,88.15,58.02,66.97
73.77,73.77,85.81,63.56,68.57
75.09,75.09,85.42,68.40,69.64
71.45,71.45,84.61,71.58,73.60
67.57,67.57,77.78,72.87,75.40
62.49,62.49,77.15,72.55,72.84
55.37,55.37,73.55,73.48,73.66
56.34,56.34,73.43,74.73,73.60
57.77,57.77,64.23,75.35,74.21
54.68,54.68,62.96,71.06,74.48
53.14,53.14,76.73,72.23,78.06
56.03,56.03,74.50,64.86,77.22
55.91,55.91,70.15,48.05,73.71
56.79,56.79,69.03,40.88,73.01
56.96,56.96,66.01,39.37,73.53
56.01,56.01,62.45,47.63,71.90
53.29,53.29,59.86,54.23,73.32
53.25,53.25,57.46,66.78,77.62
51.24,51.24,52.50,73.85,79.35
53.80,53.80,47.54,74.68,76.40
63.92,63.92,49.80,74.47,74.77
71.43,71.43,54.49,73.98,73.21
75.15,75.15,59.93,73.45,70.87
75.56,75.56,68.97,72.02,69.62
73.85,73.85,83.57,71.89,68.10
71.99,71.99,87.40,70.25,68.00
74.25,74.25,85.16,67.16,70.58
73.39,73.39,85.99,67.82,70.83
71.57,71.57,88.14,69.36,70.65
69.91,69.91,87.09,68.51,69.91
62.98,62.98,84.92,65.63,69.89
61.66,61.66,85.16,61.70,72.39
68.86,68.86,79.33,63.77,76.04
72.36,72.36,79.08,61.50,74.74
75.79,75.79,76.81,58.82,75.29
73.77,73.77,77.87,57.47,74.24
75.57,75.57,66.45,56.58,73.77
78.38,78.38,62.60,57.18,72.49
78.20,78.20,71.78,65.40,75.32
76.31,76.31,75.08,75.47,78.96
74.20,74.20,72.60,76.17,76.96
73.91,73.91,69.67,77.74,75.53
73.39,73.39,66.24,70.55,74.42
72.42,72.42,64.33,75.50,72.28
72.72,72.72,66.41,77.46,70.69
77.09,77.09,65.57,76.61,72.01
74.95,74.95,62.86,74.05,75.53
76.80,76.80,61.07,76.53,75.44
75.11,75.11,58.42,77.72,74.93
77.66,77.66,55.35,78.43,73.45
77.69,77.69,57.92,77.43,74.59
78.53,78.53,63.40,75.05,72.96
79.92,79.92,70.45,71.68,73.09
79.83,79.83,87.71,68.84,67.94
78.14,78.14,87.27,62.72,69.63
78.86,78.86,84.47,48.01,69.25
75.97,75.97,87.39,45.66,67.69
67.59,67.59,86.42,43.93,64.56
63.79,63.79,86.23,49.75,65.05
61.01,61.01,87.68,53.79,67.22
64.90,64.90,82.88,50.18,72.40
61.21,61.21,79.85,51.08,75.79
71.77,71.77,77.24,48.01,75.08
72.46,72.46,78.77,44.69,75.07
72.69,72.69,74.21,52.97,70.93
69.92,69.92,64.13,54.81,69.72
64.19,64.19,65.78,48.74,70.81
60.40,60.40,74.86,63.52,81.67
57.12,57.12,73.95,65.88,80.27
57.07,57.07,71.25,65.80,78.86
58.09,58.09,70.49,66.08,77.66
57.38,57.38,67.63,64.92,75.73
56.38,56.38,63.31,64.42,77.03
58.34,58.34,59.07,63.63,74.06
72.64,72.64,56.11,70.39,75.43
76.64,76.64,52.76,75.43,74.01
74.36,74.36,51.65,72.39,76.04
77.72,77.72,53.38,73.28,72.40
77.47,77.47,54.67,72.73,72.89
77.07,77.07,61.26,74.63,73.09
74.46,74.46,67.80,72.50,72.27
76.21,76.21,82.92,68.28,71.52
74.58,74.58,88.01,69.13,66.30
71.27,71.27,87.55,55.84,66.71
73.39,73.39,85.37,54.96,67.25
73.29,73.29,85.67,59.02,66.94
71.17,71.17,86.70,63.28,68.19
68.56,68.56,88.66,63.99,68.56
71.79,71.79,84.50,66.23,73.14
75.89,75.89,81.90,69.96,75.90
72.33,72.33,77.06,74.65,76.38
72.17,72.17,76.36,75.04,74.22
76.64,76.64,77.13,74.42,73.37
77.17,77.17,64.34,77.17,71.08
75.88,75.88,59.32,75.69,70.92
78.10,78.10,68.25,69.30,71.43
77.90,77.90,74.65,71.76,74.87
77.53,77.53,72.47,74.83,74.49
78.27,78.27,69.84,74.41,72.49
78.67,78.67,66.70,74.53,71.31
78.01,78.01,62.84,73.47,66.81
77.32,77.32,64.05,73.30,67.64
77.38,77.38,68.36,66.13,68.84
77.43,77.43,87.52,65.97,67.65
69.21,69.21,87.50,54.56,63.04
73.32,73.32,86.77,46.70,62.65
74.19,74.19,86.78,52.73,63.54
76.30,76.30,87.04,57.78,62.39
74.89,74.89,89.09,61.09,60.81
76.62,76.62,84.51,59.65,62.31
75.96,75.96,87.60,55.21,64.23
75.48,75.48,87.47,59.20,65.05
73.94,73.94,87.18,58.32,64.56
77.93,77.93,86.01,60.35,64.83
77.96,77.96,85.37,64.46,64.20
73.45,73.45,88.13,64.83,65.30
72.73,72.73,85.36,66.03,65.57
71.36,71.36,82.84,74.92,71.54
71.48,71.48,81.51,76.24,72.93
75.58,75.58,76.78,77.25,73.68
77.01,77.01,78.39,77.29,75.80
74.72,74.72,72.92,74.46,76.53
72.25,72.25,67.15,74.21,74.30
72.81,72.81,60.96,73.87,71.52
72.28,72.28,74.88,74.51,72.56
73.72,73.72,76.30,74.03,70.84
74.90,74.90,71.97,74.85,70.58
76.23,76.23,69.05,75.61,69.07
76.28,76.28,65.57,75.59,69.70
73.31,73.31,61.41,74.30,66.81
71.07,71.07,58.23,73.29,67.81
67.93,67.93,60.09,70.36,74.37
66.06,66.06,61.90,71.34,76.67
65.81,65.81,64.29,70.15,74.40
71.49,71.49,69.03,73.35,73.61
67.99,67.99,64.17,73.49,73.36
62.76,62.76,62.69,71.61,72.28
59.50,59.50,69.53,69.86,68.33
63.07,63.07,81.10,69.43,68.64
60.97,60.97,87.20,63.47,67.07
65.08,65.08,86.05,60.28,68.36
74.92,74.92,87.06,63.42,67.06
71.48,71.48,85.55,63.28,65.67
74.55,74.55,86.68,61.91,65.61
71.38,71.38,87.61,64.30,66.34
73.16,73.16,84.21,71.37,70.01
76.61,76.61,83.85,75.78,71.27
75.82,75.82,76.81,75.09,74.53
77.81,77.81,78.62,72.48,73.26
77.24,77.24,74.33,76.18,71.64
72.70,72.70,72.67,74.95,70.58
70.99,70.99,61.61,73.96,71.79
74.84,74.84,65.43,75.67,74.00
72.91,72.91,75.51,73.74,77.08
72.80,72.80,74.81,71.33,77.27
76.40,76.40,69.42,74.39,75.40
77.38,77.38,68.07,75.54,75.64
77.95,77.95,66.04,72.62,71.83
76.61,76.61,66.78,76.50,69.02
77.78,77.78,68.39,74.94,69.07
76.88,76.88,66.95,74.42,69.40
75.62,75.62,62.68,72.95,71.48
78.25,78.25,60.16,74.29,72.56
79.72,79.72,56.41,73.80,72.71
77.88,77.88,55.78,72.93,70.57
67.47,67.47,61.21,74.38,70.42
72.87,72.87,69.59,76.47,68.41
77.44,77.44,86.83,71.55,66.57
78.02,78.02,87.16,65.70,65.29
77.73,77.73,85.81,61.72,64.70
78.41,78.41,85.61,60.86,66.88
78.99,78.99,85.46,62.44,66.97
76.68,76.68,88.29,61.15,66.64
74.65,74.65,84.01,55.88,67.44
75.93,75.93,85.67,41.37,71.87
74.32,74.32,77.31,42.31,73.75
72.97,72.97,79.45,43.12,73.41
70.98,70.98,77.97,39.82,74.05
68.83,68.83,76.82,44.34,75.03
63.80,63.80,71.48,50.25,74.19
60.22,60.22,64.90,55.77,74.24
60.71,60.71,72.29,65.05,78.74
61.64,61.64,74.26,69.78,79.27
60.79,60.79,71.58,73.56,77.71
60.88,60.88,67.89,74.03,75.14
60.89,60.89,66.52,74.18,74.53
61.61,61.61,62.27,73.32,73.90
59.93,59.93,59.45,71.43,72.63
60.17,60.17,61.66,74.74,76.86
64.46,64.46,68.73,71.45,80.20
61.51,61.51,64.48,74.81,79.64
60.70,60.70,56.68,75.03,77.10
62.89,62.89,52.73,74.81,75.82
65.84,65.84,59.76,72.03,74.06
65.83,65.83,68.16,74.11,69.81
66.12,66.12,77.55,70.65,67.00
64.34,64.34,87.39,62.12,67.32
72.03,72.03,86.31,57.65,66.09
75.44,75.44,86.66,58.49,66.21
74.98,74.98,85.94,62.49,67.87
71.35,71.35,89.05,64.50,65.59
71.81,71.81,86.18,68.07,66.73
72.70,72.70,85.14,68.81,67.12
74.06,74.06,84.25,71.48,74.43
73.98,73.98,74.64,72.30,74.21
75.03,75.03,76.19,74.64,72.95
73.69,73.69,72.90,72.80,71.64
72.97,72.97,71.22,75.87,69.34
73.90,73.90,67.29,73.61,69.62
74.61,74.61,69.61,75.32,69.08
74.26,74.26,83.71,69.88,75.59
73.14,73.14,84.18,68.30,75.55
72.05,72.05,81.57,69.86,73.87
70.33,70.33,81.83,72.95,73.45
69.07,69.07,81.50,75.51,72.15
70.75,70.75,78.74,76.23,70.13
71.08,71.08,74.76,71.75,71.03
73.45,73.45,73.13,71.30,71.87
72.91,72.91,74.24,73.57,70.98
75.50,75.50,73.02,72.36,71.91
76.88,76.88,70.02,73.27,71.73
75.77,75.77,69.80,73.34,72.81
76.36,76.36,68.74,75.38,73.63
74.58,74.58,69.50,73.40,70.50
74.33,74.33,83.75,72.11,70.63
72.50,72.50,88.30,59.95,69.48
69.94,69.94,85.29,50.42,68.95
71.41,71.41,86.53,55.03,67.43
67.71,67.71,87.50,61.22,69.51
66.62,66.62,86.32,62.89,67.94
66.21,66.21,84.87,66.54,69.84
59.44,59.44,86.49,70.83,73.00
57.82,57.82,80.39,73.66,75.16
51.90,51.90,78.37,74.46,75.31
51.65,51.65,73.39,75.21,75.21
54.94,54.94,77.55,75.47,74.07
53.25,53.25,71.08,76.48,74.47
54.84,54.84,65.75,76.90,73.88
55.41,55.41,72.51,77.60,75.86
56.24,56.24,76.31,77.41,75.90
58.28,58.28,73.07,77.32,75.10
57.18,57.18,70.29,77.23,73.47
55.42,55.42,66.59,77.32,73.77
55.45,55.45,63.94,76.62,72.50
57.67,57.67,61.62,76.44,73.46
58.48,58.48,59.47,76.81,74.52
57.98,57.98,55.93,71.82,76.19
51.76,51.76,51.15,67.53,75.96
58.49,58.49,50.09,56.68,75.36
62.62,62.62,54.17,58.16,73.54
66.18,66.18,59.76,50.33,70.61
67.85,67.85,67.81,50.42,70.03
71.07,71.07,76.24,50.62,68.22
76.08,76.08,86.74,49.17,69.35
75.11,75.11,86.92,36.47,67.91
75.55,75.55,85.12,41.49,68.93
78.52,78.52,87.28,52.41,68.33
76.50,76.50,86.38,53.31,68.16
63.20,63.20,86.29,57.02,69.58
70.75,70.75,87.25,53.94,70.46
76.40,76.40,82.01,63.82,74.60
80.10,80.10,78.94,68.11,75.53
73.86,73.86,75.33,70.91,75.15
75.60,75.60,75.62,72.42,75.13
75.37,75.37,68.59,75.21,73.50
74.43,74.43,64.42,73.25,73.87
76.07,76.07,67.67,72.89,74.37
74.36,74.36,77.63,69.85,75.01
73.03,73.03,75.78,71.43,73.80
71.11,71.11,70.47,70.32,74.83
70.02,70.02,67.82,72.69,76.04
70.51,70.51,64.68,74.83,74.12
69.98,69.98,62.38,71.86,73.26
73.00,73.00,59.49,72.28,73.59
77.45,77.45,62.40,68.27,75.60
75.01,75.01,60.38,72.73,79.58
76.85,76.85,53.91,74.74,77.48
80.35,80.35,49.90,76.25,76.03
81.34,81.34,44.96,76.95,74.64
78.38,78.38,47.18,77.40,73.87
79.87,79.87,52.75,78.15,75.29
77.13,77.13,55.41,78.79,77.01
81.67,81.67,56.51,76.28,74.39
78.75,78.75,52.96,74.87,73.00
70.56,70.56,49.63,78.08,74.02
67.52,67.52,47.97,79.33,71.81
69.07,69.07,47.15,78.38,71.54
66.21,66.21,49.43,77.42,72.54
66.28,66.28,50.58,77.22,72.15
66.76,66.76,48.19,75.11,72.45
67.66,67.66,44.79,69.24,70.34
68.95,68.95,44.96,60.09,71.39
69.11,69.11,48.71,56.18,69.56
72.52,72.52,54.98,52.53,71.03
71.52,71.52,59.42,58.50,71.63
68.13,68.13,61.66,67.17,73.48
66.85,66.85,62.91,76.73,78.58
68.83,68.83,62.99,74.18,76.82
66.05,66.05,62.77,73.12,73.03
68.44,68.44,60.71,76.99,74.66
68.73,68.73,58.94,78.34,73.49
68.58,68.58,56.75,77.02,73.22
70.92,70.92,53.71,75.50,73.01
71.99,71.99,54.32,76.85,74.95
72.44,72.44,52.48,75.33,72.86
71.58,71.58,51.59,78.06,72.38
71.32,71.32,53.47,78.47,72.14
70.07,70.07,51.19,76.88,71.91
70.04,70.04,55.27,77.21,71.52
69.83,69.83,55.77,75.94,70.71
73.47,73.47,53.18,75.14,66.73
69.81,69.81,51.35,62.63,66.02
69.58,69.58,49.72,48.63,65.79
68.36,68.36,48.18,41.38,66.54
69.72,69.72,44.77,38.96,67.89
67.69,67.69,42.65,27.63,68.11
68.42,68.42,45.21,32.35,67.74
67.26,67.26,51.16,34.84,68.34
69.54,69.54,51.67,23.42,67.50
67.06,67.06,53.96,33.85,68.83
66.30,66.30,55.62,45.74,68.81
67.12,67.12,59.36,53.09,67.96
67.76,67.76,58.07,42.74,67.30
72.47,72.47,52.19,41.39,65.82
74.45,74.45,54.84,33.47,62.91
76.29,76.29,55.03,36.72,63.61
77.70,77.70,52.95,32.47,64.20
76.91,76.91,53.96,34.81,65.94
75.25,75.25,56.79,29.31,62.98
76.50,76.50,53.34,34.60,65.18
78.20,78.20,59.93,37.54,64.57
76.40,76.40,61.89,37.45,64.31
72.04,72.04,63.83,37.19,64.67
73.08,73.08,61.90,41.75,68.45
72.13,72.13,61.17,32.05,65.00
72.42,72.42,65.27,39.92,65.83
73.95,73.95,63.32,40.45,68.37
71.88,71.88,60.52,46.94,67.25
66.16,66.16,62.29,56.93,72.07
67.06,67.06,72.44,68.24,78.13
63.33,63.33,75.82,68.62,75.52
61.50,61.50,74.38,69.08,77.82
62.53,62.53,72.78,68.31,78.18
60.48,60.48,66.36,72.34,75.88
60.16,60.16,70.99,69.34,75.93
60.98,60.98,67.59,72.18,74.16
59.41,59.41,64.08,74.51,74.40
61.81,61.81,63.19,75.37,73.25
62.12,62.12,63.38,77.83,73.57
62.70,62.70,63.59,74.82,73.08
64.04,64.04,63.26,81.07,76.61
61.94,61.94,61.74,77.57,72.94
63.06,63.06,63.14,81.35,74.07
65.92,65.92,61.98,79.82,72.48
61.43,61.43,62.74,81.76,72.86
63.56,63.56,60.25,78.78,74.57
62.90,62.90,60.33,81.78,74.58
62.81,62.81,61.23,80.98,72.15
63.84,63.84,60.34,80.73,71.78
61.67,61.67,59.76,82.47,71.70
61.58,61.58,58.60,79.20,72.42
65.26,65.26,56.86,84.54,73.04
66.73,66.73,58.66,79.51,73.01
65.65,65.65,59.24,82.68,72.48
63.47,63.47,57.90,80.95,72.35
61.41,61.41,56.91,82.94,72.90
62.71,62.71,54.97,80.13,70.42
70.78,70.78,50.14,80.61,69.27
78.89,78.89,49.93,72.50,66.27
79.54,79.54,47.93,60.30,68.42
75.83,75.83,44.86,60.96,68.06
77.15,77.15,44.77,59.48,70.29
74.05,74.05,45.35,60.91,68.23
78.05,78.05,45.40,63.44,70.57
80.28,80.28,44.95,64.86,69.06
81.68,81.68,43.99,65.70,69.52
78.83,78.83,42.34,68.30,66.87
77.27,77.27,39.40,69.91,67.34
80.49,80.49,41.35,70.62,68.47
78.24,78.24,42.06,72.81,68.47
77.25,77.25,41.93,73.58,67.91
75.22,75.22,43.79,72.47,67.19
76.46,76.46,45.15,71.52,64.08
76.80,76.80,44.62,71.30,68.56
79.18,79.18,44.25,72.48,65.90
72.73,72.73,42.93,73.78,69.01
76.27,76.27,38.59,73.71,66.15
70.73,70.73,36.99,74.63,68.50
68.48,68.48,38.53,73.25,69.72
69.57,69.57,40.52,74.46,71.65
71.23,71.23,38.93,78.19,71.45
68.54,68.54,37.83,79.59,74.35
67.58,67.58,36.48,83.48,74.48
66.75,66.75,35.15,83.27,73.14
66.44,66.44,34.57,78.90,76.00
67.36,67.36,35.40,79.98,73.35
68.71,68.71,35.57,76.82,72.71
69.10,69.10,35.88,73.11,70.25
66.77,66.77,34.45,66.80,67.33
68.90,68.90,35.36,71.68,69.75
70.10,70.10,39.22,66.70,65.97
65.69,65.69,39.86,73.27,66.90
69.82,69.82,39.90,71.93,68.09
69.35,69.35,40.77,69.52,65.90
71.01,71.01,40.13,75.84,67.59
71.81,71.81,38.99,74.65,70.89
70.13,70.13,35.99,76.51,66.24
71.20,71.20,36.30,77.99,71.43
68.80,68.80,36.88,80.91,69.70
70.60,70.60,36.61,79.46,68.12
71.28,71.28,34.41,83.97,74.56
74.19,74.19,35.26,78.62,65.51
73.91,73.91,35.79,84.23,69.78
69.85,69.85,35.51,82.99,71.38
68.00,68.00,37.82,79.79,66.14
69.19,69.19,36.93,84.43,70.99
68.02,68.02,38.28,81.12,69.83
69.25,69.25,39.20,81.92,67.32
70.71,70.71,37.96,82.10,70.94
70.58,70.58,38.57,82.74,69.01
72.77,72.77,37.27,79.58,66.82
68.28,68.28,37.42,84.28,75.70
67.02,67.02,37.88,78.38,67.19
68.75,68.75,37.58,82.93,73.33
69.96,69.96,38.20,82.19,75.79
68.81,68.81,38.44,74.10,68.11
69.38,69.38,37.08,76.66,70.73
68.70,68.70,35.23,69.52,69.01
69.73,69.73,34.48,67.26,66.25
72.49,72.49,35.21,70.55,70.30
73.33,73.33,32.89,71.19,67.11
76.08,76.08,32.14,68.53,67.02
76.28,76.28,30.29,74.46,70.19
75.03,75.03,31.20,70.70,65.73
76.80,76.80,30.73,76.37,70.68
73.23,73.23,31.23,78.50,73.49
72.69,72.69,30.80,76.27,70.23
74.65,74.65,31.37,81.87,73.53
72.37,72.37,32.27,79.17,69.80
70.16,70.16,30.36,83.25,66.23
70.72,70.72,28.50,82.04,68.29
68.95,68.95,27.73,83.99,70.90
64.33,64.33,28.20,80.62,68.19
63.32,63.32,29.91,84.13,75.21
63.96,63.96,29.14,79.34,67.79
66.25,66.25,28.80,82.31,71.65
67.63,67.63,31.84,83.94,73.90
66.87,66.87,32.96,78.49,63.19
65.82,65.82,29.72,84.24,72.56
64.71,64.71,28.96,80.71,69.18
62.50,62.50,30.61,81.91,67.34
63.08,63.08,26.86,81.63,72.75
63.99,63.99,29.43,82.13,69.23
66.90,66.90,29.25,78.02,68.38
78.33,78.33,23.40,76.98,73.50
81.70,81.70,22.08,70.96,73.10
77.04,77.04,24.69,66.29,70.53
76.29,76.29,24.62,72.14,68.86
72.46,72.46,25.22,64.44,64.35
72.44,72.44,24.47,71.52,64.34
73.70,73.70,24.76,69.73,62.65
75.40,75.40,24.87,72.90,58.42
77.55,77.55,25.68,72.89,62.15
80.94,80.94,25.28,76.23,61.79
76.23,76.23,25.92,76.54,62.92
79.26,79.26,27.17,79.33,60.09
77.60,77.60,28.38,78.89,57.93
78.80,78.80,25.42,80.03,58.84
76.13,76.13,23.59,79.57,62.97
75.78,75.78,21.70,79.31,62.68
78.21,78.21,20.83,79.87,66.96
77.75,77.75,22.70,79.54,64.17
76.35,76.35,23.27,80.29,65.02
79.96,79.96,26.87,80.05,64.48
77.29,77.29,30.72,81.12,64.52
79.18,79.18,32.60,79.14,65.00
82.88,82.88,32.40,80.92,63.07
79.91,79.91,33.57,79.13,62.71
72.95,72.95,31.21,80.97,63.14
75.18,75.18,27.46,79.09,62.54
75.98,75.98,24.96,81.43,61.59
69.80,69.80,26.09,78.55,64.29
71.78,71.78,23.50,77.22,66.51
77.42,77.42,22.47,71.05,63.35
76.91,76.91,25.20,71.21,62.82
77.50,77.50,24.70,66.38,63.22
77.59,77.59,26.81,70.81,66.66
78.81,78.81,28.82,67.72,65.20
76.26,76.26,28.56,72.29,63.72
79.61,79.61,29.71,70.03,65.10
80.88,80.88,29.31,76.14,64.26
79.89,79.89,28.87,72.65,66.01
77.85,77.85,29.57,80.49,64.48
75.66,75.66,28.37,75.73,62.75
77.31,77.31,25.34,82.90,63.80
76.35,76.35,27.36,78.02,63.86
74.92,74.92,21.69,82.71,68.64
72.70,72.70,18.75,78.83,67.09
71.78,71.78,15.24,81.42,70.15
70.99,70.99,16.01,80.12,67.02
70.65,70.65,18.47,80.92,67.50
69.56,69.56,21.91,80.25,65.83
70.34,70.34,24.06,81.07,66.02
70.56,70.56,28.49,79.80,66.77
68.90,68.90,29.81,80.25,66.60
66.86,66.86,29.18,86.60,68.51
66.50,66.50,28.73,82.65,67.33
67.67,67.67,25.52,85.57,67.16
67.83,67.83,21.82,84.98,66.79
67.94,67.94,18.70,83.03,65.73
72.41,72.41,19.51,85.36,70.79
75.27,75.27,19.83,73.79,68.72
78.96,78.96,24.68,73.49,67.65
82.46,82.46,22.99,74.99,67.47
79.70,79.70,22.50,72.87,69.58
78.13,78.13,23.37,74.87,70.31
82.06,82.06,22.42,73.40,65.34
79.26,79.26,24.43,74.48,66.00
78.85,78.85,23.76,75.90,69.04
77.52,77.52,22.29,79.94,69.04
77.28,77.28,20.71,79.75,69.39
77.24,77.24,22.34,82.64,68.16
78.84,78.84,23.39,82.97,68.29
78.45,78.45,24.79,82.80,67.96
81.59,81.59,21.25,86.51,69.38
82.17,82.17,21.20,82.99,69.99
81.33,81.33,19.40,82.43,71.19
78.73,78.73,20.08,86.30,71.04
76.96,76.96,20.08,81.81,71.42
80.21,80.21,19.42,84.88,72.56
80.39,80.39,17.11,83.00,71.26
73.55,73.55,15.19,81.39,71.65
74.30,74.30,14.05,85.90,73.53
73.43,73.43,14.42,81.67,69.82
65.48,65.48,11.84,84.22,69.39
61.72,61.72,13.96,85.67,68.67
65.71,65.71,15.96,83.53,68.19
67.27,67.27,18.01,84.96,69.59
64.33,64.33,21.25,84.28,69.26
66.19,66.19,21.41,80.29,72.81
69.36,69.36,22.57,69.72,71.39
71.12,71.12,23.53,70.85,70.65
70.62,70.62,23.16,72.77,68.97
71.32,71.32,23.30,71.58,66.94
73.48,73.48,21.42,74.56,67.77
76.36,76.36,20.93,72.24,66.74
76.04,76.04,19.65,77.63,68.46
77.04,77.04,19.62,75.76,71.43
76.97,76.97,18.90,77.23,68.17
75.93,75.93,18.10,82.60,70.20
75.37,75.37,18.61,80.88,68.00
71.82,71.82,18.07,85.54,65.65
70.25,70.25,19.94,83.85,68.16
69.49,69.49,19.98,79.08,69.60
76.08,76.08,15.44,79.11,70.67
81.70,81.70,19.79,80.53,69.28
80.47,80.47,22.13,76.86,69.98
78.46,78.46,20.41,79.15,68.38
79.48,79.48,22.27,78.95,66.88
82.20,82.20,25.98,78.61,69.35
78.54,78.54,26.92,80.98,69.45
76.05,76.05,27.52,80.96,70.81
78.20,78.20,29.16,79.78,67.61
77.99,77.99,27.67,77.74,67.02
73.58,73.58,28.89,79.75,68.36
76.52,76.52,30.13,80.39,67.69
74.95,74.95,31.67,80.88,69.85
78.04,78.04,29.38,74.01,72.56
77.07,77.07,25.68,70.42,73.14
75.49,75.49,22.93,70.58,76.32
74.34,74.34,20.86,67.96,74.03
73.33,73.33,20.09,70.97,72.70
77.58,77.58,20.94,71.29,72.72
77.38,77.38,21.37,73.31,72.90
71.80,71.80,20.51,71.38,73.66
72.34,72.34,20.70,75.17,72.73
70.15,70.15,24.72,74.87,73.08
70.20,70.20,26.44,79.29,72.12
71.46,71.46,28.46,80.08,70.15
72.40,72.40,29.82,82.20,69.39
68.78,68.78,27.21,80.63,73.11
68.02,68.02,25.40,82.68,71.53
64.46,64.46,24.84,81.41,73.50
68.37,68.37,21.19,82.77,72.35
69.41,69.41,20.57,83.71,72.37
66.28,66.28,18.96,80.82,71.35
63.91,63.91,19.37,84.89,71.64
65.56,65.56,18.32,80.10,71.38
67.32,67.32,18.36,83.92,71.04
66.82,66.82,18.95,82.35,72.22
64.03,64.03,18.16,83.61,72.12
65.98,65.98,20.04,81.27,73.05
66.52,66.52,20.80,83.40,70.50
68.95,68.95,22.92,81.76,67.75
64.42,64.42,23.92,83.12,73.00
72.33,72.33,18.94,83.14,70.03
76.69,76.69,17.88,76.14,72.10
76.95,76.95,21.49,69.16,74.54
75.74,75.74,21.62,63.74,75.69
71.91,71.91,21.63,62.20,74.23
69.93,69.93,23.14,63.47,71.42
68.53,68.53,21.11,63.95,72.46
68.59,68.59,19.64,63.20,72.38
73.53,73.53,15.87,65.67,75.97
77.35,77.35,15.12,67.15,76.70
81.30,81.30,13.67,68.24,74.89
78.66,78.66,15.88,70.46,73.77
77.51,77.51,19.25,72.57,71.40
79.01,79.01,17.24,74.39,72.36
79.59,79.59,21.08,74.23,73.14
80.15,80.15,25.79,74.72,73.26
78.55,78.55,22.89,76.35,75.64
82.14,82.14,18.68,75.38,74.55
72.63,72.63,16.80,75.38,74.18
74.79,74.79,20.28,75.25,71.49
75.67,75.67,19.34,74.65,71.69
78.68,78.68,19.64,72.70,72.67
78.38,78.38,17.68,74.97,73.49
77.29,77.29,12.93,77.95,74.89
79.15,79.15,11.57,79.26,74.81
77.87,77.87,9.46,82.70,75.29
77.84,77.84,11.36,85.20,74.90
76.35,76.35,14.40,82.29,76.71
71.28,71.28,15.47,82.49,76.15
75.39,75.39,16.59,80.25,75.98
74.94,74.94,17.64,81.51,75.47
72.85,72.85,18.21,66.46,74.15
72.66,72.66,20.63,73.12,75.95
71.00,71.00,23.04,74.18,76.74
69.64,69.64,23.02,67.64,74.22
69.08,69.08,18.45,74.88,76.42
67.50,67.50,16.16,70.87,72.20
72.15,72.15,14.98,72.34,74.49
76.44,76.44,17.53,78.17,73.86
81.26,81.26,18.47,76.55,72.57
81.57,81.57,18.35,77.94,70.30
78.62,78.62,14.45,83.84,71.80
75.16,75.16,14.71,78.41,67.77
74.39,74.39,14.45,84.66,70.28
74.21,74.21,13.35,82.06,75.52
73.10,73.10,12.68,82.17,77.63
74.56,74.56,15.32,83.42,76.94
73.41,73.41,16.52,80.85,76.26
71.21,71.21,24.53,81.50,75.43
73.29,73.29,31.09,83.76,76.40
75.19,75.19,31.44,81.05,74.33
76.61,76.61,31.11,81.20,75.15
78.24,78.24,31.46,85.50,76.83
78.60,78.60,32.20,77.42,71.02
76.23,76.23,29.80,84.26,71.99
77.68,77.68,27.03,82.18,72.26
78.64,78.64,24.20,80.97,73.14
78.93,78.93,23.69,83.72,70.78
83.35,83.35,24.53,77.67,72.95
83.93,83.93,25.22,72.46,73.31
81.60,81.60,24.91,75.97,73.30
80.62,80.62,26.02,67.25,73.16
81.13,81.13,28.04,72.48,70.50
80.91,80.91,31.05,76.12,69.78
80.42,80.42,32.95,64.28,69.15
82.44,82.44,31.04,75.27,70.47
81.57,81.57,30.01,74.62,70.78
81.20,81.20,26.24,75.08,71.20
81.90,81.90,24.67,79.75,70.60
81.99,81.99,26.31,78.89,69.76
78.71,78.71,23.81,81.07,69.97
78.68,78.68,26.85,82.05,70.01
80.15,80.15,28.64,82.03,72.96
81.93,81.93,29.46,80.86,71.20
81.06,81.06,29.10,85.75,72.12
80.47,80.47,27.12,79.20,69.44
82.37,82.37,23.81,85.00,70.85
82.49,82.49,24.91,82.63,71.04
82.86,82.86,26.20,82.10,72.58
82.09,82.09,26.35,84.01,71.43
81.02,81.02,27.71,81.68,70.93
77.99,77.99,29.56,80.50,72.97
77.50,77.50,30.22,84.27,70.48
78.89,78.89,29.90,81.91,70.05
77.49,77.49,31.23,81.28,71.19
73.37,73.37,33.34,86.25,68.62
75.18,75.18,34.68,79.25,74.22
80.80,80.80,35.68,81.57,73.76
80.65,80.65,40.98,68.77,75.04
78.61,78.61,38.59,76.51,74.55
75.58,75.58,35.08,73.49,72.62
73.33,73.33,33.03,69.28,74.33
74.58,74.58,32.73,72.39,71.08
75.28,75.28,31.71,68.82,72.64
75.24,75.24,32.54,71.76,73.67
74.29,74.29,30.50,73.59,72.56
75.07,75.07,29.89,75.24,72.97
77.60,77.60,27.22,78.56,73.30
79.05,79.05,26.29,78.01,72.55
77.02,77.02,26.85,80.77,72.77
77.40,77.40,29.00,77.83,73.36
76.98,76.98,26.15,82.00,74.01
76.21,76.21,21.27,77.02,69.58
76.68,76.68,21.62,83.72,69.52
74.88,74.88,20.58,76.39,67.79
73.37,73.37,22.70,84.15,67.29
75.18,75.18,21.69,77.51,67.75
76.26,76.26,21.75,83.92,68.68
78.54,78.54,20.80,78.69,72.13
77.59,77.59,13.10,82.14,68.37
76.67,76.67,17.26,79.75,68.93
76.38,76.38,26.39,81.35,69.06
77.40,77.40,43.52,79.73,68.56
75.08,75.08,33.68,80.48,67.74
76.26,76.26,21.27,80.00,68.90
80.39,80.39,15.67,77.51,70.50
80.51,80.51,19.65,71.50,73.03
80.97,80.97,25.24,71.65,75.13
81.68,81.68,29.83,66.61,73.82
80.64,80.64,33.00,69.54,73.93
79.50,79.50,31.18,66.66,73.01
76.70,76.70,30.58,70.40,73.81
72.50,72.50,29.44,70.04,73.13
72.01,72.01,28.54,71.47,72.12
74.08,74.08,27.01,73.77,74.63
75.56,75.56,22.80,75.81,74.12
75.25,75.25,19.64,78.28,73.59
74.73,74.73,22.07,78.43,72.43
75.71,75.71,20.52,80.41,70.77
75.58,75.58,19.63,79.19,71.95
77.86,77.86,17.94,82.03,71.72
78.75,78.75,15.63,78.53,66.34
77.27,77.27,16.03,82.01,68.86
75.78,75.78,23.40,78.72,70.50
75.77,75.77,23.40,83.11,69.12
75.57,75.57,23.96,78.92,69.79
74.36,74.36,19.23,84.18,70.63
77.32,77.32,13.17,76.34,71.58
78.65,78.65,10.98,84.57,72.57
78.39,78.39,10.80,83.84,71.69
77.40,77.40,15.26,83.47,70.59
75.79,75.79,23.79,83.84,70.62
77.30,77.30,24.66,83.24,71.57
75.96,75.96,27.03,86.24,71.72
75.86,75.86,27.49,78.94,70.83
73.68,73.68,29.37,67.16,72.08
72.42,72.42,29.00,76.20,71.83
70.69,70.69,28.11,71.68,72.64
70.63,70.63,28.16,75.44,72.67
72.47,72.47,28.23,73.36,69.67
72.17,72.17,28.70,73.25,69.93
71.88,71.88,25.79,77.53,70.86
71.27,71.27,21.65,76.42,71.19
72.39,72.39,17.63,79.64,69.44
75.29,75.29,17.77,83.37,70.19
74.04,74.04,20.73,82.49,70.35
73.41,73.41,22.94,85.26,68.66
73.13,73.13,22.41,83.45,70.47
72.82,72.82,22.83,83.04,73.79
74.01,74.01,26.17,85.78,74.60
71.99,71.99,32.67,84.09,73.26
73.01,73.01,33.71,84.25,71.28
72.31,72.31,31.79,84.39,71.11
71.65,71.65,31.31,84.57,70.61
72.37,72.37,33.79,83.96,72.44
74.43,74.43,33.38,86.49,71.93
74.64,74.64,27.48,83.95,73.36
77.53,77.53,27.12,83.75,71.36
76.18,76.18,27.90,86.34,69.34
75.16,75.16,29.96,83.17,73.02
72.57,72.57,29.84,87.30,72.86
76.52,76.52,26.88,84.19,70.22
76.82,76.82,25.21,79.89,70.62
77.95,77.95,27.59,81.55,68.28
77.16,77.16,28.73,72.08,69.97
77.58,77.58,28.67,71.61,69.50
77.11,77.11,28.01,67.36,71.29
75.82,75.82,27.33,64.09,69.36
73.60,73.60,27.65,64.52,69.30
75.30,75.30,27.38,65.74,69.51
76.19,76.19,26.71,67.42,69.41
73.67,73.67,27.14,69.10,68.30
76.26,76.26,25.56,72.98,68.74
74.43,74.43,26.71,73.81,69.36
75.42,75.42,26.20,74.28,67.87
76.50,76.50,24.53,74.75,68.37
75.19,75.19,24.88,76.01,67.81
74.94,74.94,24.98,77.52,70.97
74.29,74.29,24.19,76.65,69.23
74.53,74.53,26.50,77.24,72.47
76.63,76.63,25.44,79.09,71.33
79.07,79.07,24.71,76.53,70.96
78.32,78.32,23.03,79.13,71.97
72.75,72.75,27.69,78.73,70.43
72.10,72.10,30.59,80.60,70.19
76.47,76.47,30.84,80.29,70.53
76.79,76.79,31.94,79.75,70.31
76.99,76.99,42.05,77.96,70.87
74.46,74.46,53.30,80.35,66.78
72.27,72.27,65.15,78.88,65.03
73.19,73.19,77.27,78.24,62.08
75.85,75.85,87.33,71.55,56.55
80.03,80.03,86.35,62.65,58.57
80.30,80.30,85.75,55.80,57.99
78.48,78.48,85.67,56.87,60.34
75.48,75.48,88.69,51.01,60.04
75.71,75.71,86.12,40.86,60.76
78.94,78.94,86.06,39.34,60.23
78.08,78.08,83.49,35.89,64.15
77.96,77.96,78.41,36.64,65.31
75.03,75.03,78.09,30.81,66.02
72.85,72.85,76.66,23.37,64.14
72.84,72.84,75.57,22.75,65.75
71.16,71.16,56.55,20.98,61.46
69.95,69.95,42.18,16.69,61.72
71.68,71.68,48.18,23.57,61.54
72.80,72.80,37.49,26.90,61.83
75.91,75.91,42.76,32.91,64.33
77.00,77.00,36.34,32.80,61.84
76.96,76.96,33.33,18.04,61.57
75.43,75.43,32.64,25.07,61.42
71.02,71.02,30.12,27.04,61.95
65.08,65.08,30.50,25.38,61.50
67.08,67.08,30.85,30.07,61.73
68.42,68.42,35.11,27.17,57.74
72.82,72.82,40.97,25.21,60.45
74.41,74.41,41.66,23.10,55.66
76.01,76.01,52.71,12.84,53.35
77.73,77.73,57.57,7.71,54.01
81.20,81.20,81.81,6.34,54.94
77.87,77.87,88.70,0.09,53.01
75.94,75.94,86.13,-0.00,54.52
78.91,78.91,86.63,0.09,51.26
78.72,78.72,87.55,3.84,53.66
81.74,81.74,86.98,8.91,55.57
81.22,81.22,86.05,15.04,56.08
79.40,79.40,85.94,16.22,55.86
77.89,77.89,79.26,24.25,59.44
75.17,75.17,79.07,25.24,61.80
75.79,75.79,77.75,23.74,58.85
78.25,78.25,79.53,22.34,59.35
78.57,78.57,67.65,29.74,60.03
82.51,82.51,50.12,34.99,59.00
84.58,84.58,52.89,35.92,59.57
80.02,80.02,50.08,34.91,60.98
76.81,76.81,52.91,34.36,58.96
73.60,73.60,47.86,35.47,56.51
75.13,75.13,47.32,41.03,56.76
70.28,70.28,41.87,40.10,55.70
68.35,68.35,45.31,36.17,56.52
68.78,68.78,38.19,38.15,57.09
69.16,69.16,38.10,40.85,58.46
68.59,68.59,41.71,49.30,61.92
69.50,69.50,46.88,49.30,59.93
69.14,69.14,45.79,44.95,59.63
70.34,70.34,41.23,41.99,59.75
71.51,71.51,49.01,36.22,56.86
73.04,73.04,59.17,19.46,56.92
73.52,73.52,85.21,7.54,55.51
69.14,69.14,88.66,-0.00,54.56
70.76,70.76,87.68,0.30,56.92
73.97,73.97,86.30,5.97,52.39
67.87,67.87,86.30,14.71,53.02
70.29,70.29,87.48,15.31,53.62
74.92,74.92,87.32,18.42,55.71
69.46,69.46,83.25,26.30,55.05
69.14,69.14,80.70,23.76,55.84
71.63,71.63,77.79,23.25,55.08
71.48,71.48,80.33,27.76,56.37
72.63,72.63,75.05,30.49,59.97
73.02,73.02,64.66,32.03,62.51
73.99,73.99,45.92,37.90,61.20
72.34,72.34,44.08,39.34,62.38
70.38,70.38,46.38,39.94,61.24
70.84,70.84,43.45,38.74,60.53
73.60,73.60,42.22,34.71,59.96
75.73,75.73,42.15,33.02,57.76
76.17,76.17,42.30,36.77,61.32
71.66,71.66,40.55,37.74,61.97
73.70,73.70,40.00,35.22,61.19
72.04,72.04,41.01,44.20,63.28
76.31,76.31,38.93,32.32,62.03
74.37,74.37,40.13,34.41,62.13
73.81,73.81,42.93,36.64,62.78
73.14,73.14,46.18,36.29,61.93
72.44,72.44,51.31,29.86,59.09
70.44,70.44,66.60,18.89,59.15
67.76,67.76,82.84,16.81,60.50
71.21,71.21,85.09,9.87,61.29
74.28,74.28,86.85,17.34,60.72
73.64,73.64,85.52,19.42,60.22
73.91,73.91,88.25,15.25,56.15
77.92,77.92,86.89,17.90,55.30
77.22,77.22,84.36,22.52,55.95
76.58,76.58,84.75,29.75,55.96
78.01,78.01,76.82,38.71,57.06
79.64,79.64,80.23,39.43,58.17
79.08,79.08,77.12,32.34,56.84
79.41,79.41,75.47,34.53,61.17
78.16,78.16,55.39,39.62,61.88
79.05,79.05,43.90,44.18,60.23
77.43,77.43,48.51,40.65,62.89
77.88,77.88,49.81,41.80,60.22
76.06,76.06,39.26,46.58,59.16
78.53,78.53,46.00,46.36,60.61
77.11,77.11,42.85,42.03,60.16
77.88,77.88,43.51,45.12,57.90
75.99,75.99,45.79,46.79,58.53
74.20,74.20,44.37,44.35,58.13
73.13,73.13,41.93,39.03,58.71
70.74,70.74,45.20,45.25,58.09
67.78,67.78,43.03,40.95,59.37
64.77,64.77,45.44,41.97,57.23
67.12,67.12,48.59,40.74,55.78
66.17,66.17,53.90,32.80,52.67
76.33,76.33,75.14,16.78,54.07
81.36,81.36,82.44,14.74,54.81
85.62,85.62,83.83,19.27,54.46
86.88,86.88,84.93,22.96,54.92
79.70,79.70,86.89,30.68,56.55
73.68,73.68,87.15,28.50,56.50
72.25,72.25,84.82,29.78,55.56
72.33,72.33,86.71,34.65,56.19
73.77,73.77,79.04,35.58,55.65
74.14,74.14,79.72,38.17,56.55
73.43,73.43,77.04,41.48,58.13
74.55,74.55,77.75,40.76,56.96
77.08,77.08,67.38,41.43,56.75
70.86,70.86,53.52,42.81,58.41
72.39,72.39,49.36,46.35,61.56
72.54,72.54,46.26,42.57,63.94
78.20,78.20,46.40,44.37,61.81
78.01,78.01,36.64,50.25,59.45
82.92,82.92,40.69,45.39,61.44
77.93,77.93,39.98,45.27,64.85
77.43,77.43,29.08,44.69,63.55
79.13,79.13,37.79,49.19,61.41
81.93,81.93,34.12,39.18,63.40
78.90,78.90,41.63,45.77,63.06
80.23,80.23,39.30,44.40,62.41
80.18,80.18,42.57,43.39,62.52
76.40,76.40,43.77,38.05,59.45
78.27,78.27,47.33,37.02,58.23
73.41,73.41,61.61,26.46,56.05
71.69,71.69,82.76,21.51,57.16
79.40,79.40,85.83,10.60,56.71
82.71,82.71,86.62,17.19,58.43
83.70,83.70,85.70,20.67,58.71
80.76,80.76,88.36,29.21,54.32
76.40,76.40,85.82,27.22,53.66
78.02,78.02,85.10,27.18,58.39
79.84,79.84,84.26,27.09,60.62
80.43,80.43,77.97,27.15,61.71
81.95,81.95,78.68,27.73,62.29
79.88,79.88,76.92,31.30,61.42
78.10,78.10,75.61,29.06,59.16
79.87,79.87,55.53,36.81,57.72
80.39,80.39,50.19,38.57,57.70
78.53,78.53,41.96,35.34,59.17
77.88,77.88,45.10,38.12,57.65
78.63,78.63,44.61,43.95,60.64
77.62,77.62,41.71,40.39,58.35
79.42,79.42,39.65,38.04,59.91
77.87,77.87,40.47,37.55,59.17
79.06,79.06,34.63,44.47,60.07
74.90,74.90,42.98,44.39,61.17
70.02,70.02,41.00,44.06,59.55
65.67,65.67,41.14,42.72,59.33
66.74,66.74,37.78,40.23,62.28
64.66,64.66,44.54,41.02,62.67
63.39,63.39,48.02,39.29,61.27
61.24,61.24,52.88,26.43,58.38
63.00,63.00,81.83,8.85,54.93
69.59,69.59,89.20,0.53,63.64
75.15,75.15,86.10,6.05,62.74
76.56,76.56,86.43,10.53,61.85
75.86,75.86,87.97,12.83,61.99
75.53,75.53,87.81,11.28,59.50
76.75,76.75,85.00,16.50,60.52
75.65,75.65,86.57,25.73,59.15
75.07,75.07,78.32,20.53,61.68
76.72,76.72,80.06,26.97,62.12
76.77,76.77,77.45,31.78,62.67
75.59,75.59,78.28,34.28,61.19
75.62,75.62,65.04,34.80,59.72
76.03,76.03,43.83,37.97,61.53
78.07,78.07,42.86,36.80,61.02
78.85,78.85,48.91,36.93,62.27
79.39,79.39,40.89,39.29,63.29
79.08,79.08,42.54,39.35,66.90
78.67,78.67,40.38,39.04,67.15
78.52,78.52,35.45,42.46,64.22
79.62,79.62,27.23,38.01,65.27
77.56,77.56,27.47,44.00,65.35
78.26,78.26,15.93,43.80,65.19
79.59,79.59,27.27,46.21,64.35
80.22,80.22,27.99,40.21,63.72
77.67,77.67,36.51,35.23,64.73
72.38,72.38,53.05,37.08,59.92
72.10,72.10,56.40,27.43,60.57
69.11,69.11,66.96,6.19,58.21
68.28,68.28,88.07,1.55,63.52
69.76,69.76,87.58,-0.00,69.64
68.62,68.62,86.72,0.56,68.67
68.03,68.03,86.25,8.54,68.85
68.30,68.30,88.83,14.60,66.06
66.63,66.63,86.47,16.99,63.09
65.01,65.01,86.47,26.77,61.91
67.08,67.08,83.47,30.75,65.03
68.42,68.42,79.17,30.23,69.27
66.75,66.75,78.67,29.16,68.77
66.29,66.29,77.28,31.34,66.76
66.10,66.10,76.34,23.26,62.07
67.40,67.40,54.68,35.71,63.99
72.68,72.68,50.77,40.26,60.56
72.00,72.00,45.26,40.58,60.29
75.84,75.84,46.02,40.86,60.96
79.82,79.82,44.13,42.58,62.44
81.54,81.54,37.86,44.72,65.44
81.40,81.40,42.83,36.04,63.82
80.49,80.49,48.56,34.91,64.89
82.44,82.44,55.24,18.64,58.87
82.35,82.35,77.57,2.54,58.53
82.06,82.06,87.69,-0.00,59.05
77.40,77.40,87.94,-0.00,61.86
76.48,76.48,86.48,-0.00,61.62
79.46,79.46,85.59,-0.00,58.62
81.53,81.53,86.53,-0.00,57.62
79.03,79.03,88.29,-0.00,58.37
78.98,78.98,84.55,3.48,59.02
77.37,77.37,88.66,15.07,60.24
77.14,77.14,85.54,15.20,61.79
78.76,78.76,86.53,15.73,64.39
79.24,79.24,87.41,4.44,62.55
79.04,79.04,86.76,4.79,59.00
79.52,79.52,85.26,8.46,59.11
77.61,77.61,86.34,12.53,59.04
76.95,76.95,78.59,12.31,62.65
78.07,78.07,78.98,14.92,62.73
73.91,73.91,77.21,22.12,63.69
69.93,69.93,78.87,28.22,64.36
68.27,68.27,66.46,25.61,65.81
66.50,66.50,50.77,33.36,66.29
68.82,68.82,50.12,32.25,65.40
69.58,69.58,50.19,40.25,65.87
74.32,74.32,46.30,32.93,66.25
70.61,70.61,41.83,38.02,64.77
71.85,71.85,40.96,33.74,64.19
70.33,70.33,36.61,41.04,64.73
68.57,68.57,28.74,38.45,64.03
72.62,72.62,29.41,39.18,64.80
74.73,74.73,22.89,35.92,63.87
70.14,70.14,26.47,35.95,65.06
69.60,69.60,29.37,33.43,66.15
71.24,71.24,33.88,33.94,65.53
71.66,71.66,52.90,37.89,63.41
71.02,71.02,60.91,26.74,60.77
71.29,71.29,69.37,19.19,59.32
71.38,71.38,88.60,12.07,61.60
72.41,72.41,88.34,-0.00,62.32
74.86,74.86,85.41,1.17,65.30
76.53,76.53,87.38,8.57,66.86
74.06,74.06,86.70,3.51,63.12
73.55,73.55,86.40,9.73,60.15
77.84,77.84,87.04,14.06,62.81
79.51,79.51,81.99,24.50,65.61
78.02,78.02,79.68,23.87,70.91
78.37,78.37,77.09,27.30,72.26
80.86,80.86,78.93,22.66,73.52
78.48,78.48,74.14,29.26,72.09
78.70,78.70,59.87,31.34,70.45
73.28,73.28,47.03,34.80,72.48
75.00,75.00,45.88,34.53,68.90
76.71,76.71,45.50,36.13,67.71
75.34,75.34,42.64,38.55,67.55
74.37,74.37,38.91,39.36,69.44
71.66,71.66,39.58,38.99,67.95
69.81,69.81,38.92,43.05,65.77
75.61,75.61,33.59,40.86,68.00
71.99,71.99,37.62,47.14,66.18
77.26,77.26,35.03,41.35,65.31
81.09,81.09,32.45,39.93,65.40
79.44,79.44,34.12,39.79,67.37
76.37,76.37,45.55,37.63,68.49
78.65,78.65,54.04,31.92,66.31
80.88,80.88,57.41,24.52,63.75
81.09,81.09,78.80,5.62,65.99
77.30,77.30,87.87,-0.00,65.30
79.67,79.67,87.53,-0.00,61.61
82.10,82.10,86.58,0.26,64.89
82.00,82.00,85.75,3.49,65.50
79.06,79.06,86.88,11.31,62.40
75.38,75.38,87.86,19.02,61.16
76.72,76.72,84.36,24.26,67.75
72.91,72.91,81.76,26.93,68.59
68.84,68.84,76.91,17.40,68.06
74.58,74.58,78.08,19.05,69.24
77.10,77.10,79.29,29.88,71.74
79.40,79.40,69.01,29.10,72.38
79.97,79.97,50.23,32.47,72.19
78.70,78.70,47.94,34.75,71.77
77.89,77.89,45.80,34.11,71.13
76.04,76.04,48.61,29.35,70.02
72.34,72.34,49.32,37.89,67.44
69.22,69.22,43.75,39.59,65.16
67.46,67.46,38.43,39.16,66.81
70.42,70.42,33.66,38.15,64.01
76.89,76.89,25.63,43.01,67.99
78.19,78.19,29.13,42.39,71.11
77.63,77.63,15.24,39.87,71.25
78.23,78.23,24.02,42.66,65.16
74.46,74.46,35.29,37.33,67.11
76.81,76.81,45.79,34.84,66.45
79.26,79.26,56.36,29.62,64.96
82.30,82.30,62.38,21.83,63.69
79.66,79.66,86.93,14.35,63.89
76.75,76.75,88.29,0.00,59.12
79.33,79.33,86.95,0.38,61.57
77.91,77.91,85.43,5.56,60.60
79.86,79.86,85.91,7.65,57.89
79.32,79.32,87.80,17.36,59.43
84.40,84.40,85.52,22.00,62.28
84.95,84.95,82.33,27.08,64.71
83.82,83.82,79.39,34.30,61.52
80.34,80.34,77.18,30.29,61.76
79.08,79.08,79.49,29.16,62.28
82.79,82.79,74.68,35.76,61.26
82.75,82.75,63.43,34.01,62.09
82.38,82.38,41.63,39.74,64.26
79.42,79.42,44.78,39.50,63.50
78.57,78.57,43.15,40.21,66.34
79.65,79.65,41.01,35.04,63.69
80.01,80.01,39.52,44.57,65.78
81.80,81.80,36.44,45.78,64.60
81.20,81.20,33.53,43.68,62.32
79.99,79.99,32.73,46.22,62.92
79.17,79.17,25.15,48.60,67.35
76.62,76.62,27.02,47.30,65.91
76.77,76.77,27.09,45.96,65.33
75.21,75.21,26.85,49.03,64.67
74.57,74.57,43.24,50.82,64.44
77.91,77.91,54.11,43.80,66.32
77.11,77.11,59.44,39.74,66.61
75.47,75.47,76.49,22.86,64.79
72.20,72.20,88.32,19.04,67.83
73.77,73.77,87.05,10.24,62.99
71.88,71.88,86.74,16.66,63.37
74.28,74.28,85.49,14.79,66.27
75.87,75.87,87.90,27.80,62.89
75.79,75.79,87.88,30.35,64.62
79.30,79.30,83.76,28.29,64.24
80.18,80.18,83.27,31.72,64.43
78.45,78.45,76.36,30.15,63.35
72.15,72.15,80.01,32.95,65.81
72.61,72.61,76.75,32.58,64.87
70.05,70.05,74.10,35.41,64.53
72.72,72.72,51.95,41.07,64.81
73.58,73.58,48.75,48.27,64.01
74.05,74.05,40.34,46.02,64.25
71.95,71.95,42.86,43.09,61.73
73.70,73.70,40.24,47.96,63.40
74.98,74.98,36.47,49.40,63.63
74.37,74.37,36.36,45.90,60.51
73.83,73.83,33.90,47.33,61.49
71.71,71.71,32.79,48.37,62.73
70.85,70.85,32.68,49.07,70.63
71.33,71.33,36.55,44.60,67.28
72.15,72.15,42.20,46.01,66.46
70.98,70.98,43.84,43.19,64.49
71.21,71.21,42.80,40.78,62.21
71.38,71.38,56.20,37.60,61.40
74.68,74.68,60.03,26.58,60.69
70.40,70.40,87.07,10.50,62.23
78.76,78.76,87.74,-0.00,63.53
78.54,78.54,86.17,0.00,61.94
77.73,77.73,85.71,2.01,62.26
73.60,73.60,86.60,7.55,63.18
73.48,73.48,89.22,13.03,63.50
70.55,70.55,84.67,17.63,60.33
71.72,71.72,86.04,24.62,60.46
79.20,79.20,78.16,19.05,63.82
78.36,78.36,79.78,25.55,63.37
79.94,79.94,77.62,27.17,62.95
77.64,77.64,76.12,32.88,64.80
77.25,77.25,65.71,32.98,65.35
72.07,72.07,46.95,34.14,64.19
73.38,73.38,48.01,30.97,67.42
69.12,69.12,48.68,42.28,72.21
69.85,69.85,39.05,36.03,71.80
76.27,76.27,36.96,43.44,73.13
77.18,77.18,37.76,41.80,73.67
76.41,76.41,31.29,46.82,74.32
77.38,77.38,27.32,41.49,73.61
76.17,76.17,26.07,44.82,73.64
74.06,74.06,31.90,42.86,73.90
75.89,75.89,21.68,44.90,73.06
75.95,75.95,25.80,46.26,72.87
74.58,74.58,40.60,40.81,72.28
76.03,76.03,51.29,33.42,72.43
74.95,74.95,56.54,25.95,69.90
76.53,76.53,71.27,12.00,70.02
78.31,78.31,87.76,-0.00,62.00
74.26,74.26,87.18,0.00,60.16
74.86,74.86,86.62,0.01,63.70
74.99,74.99,85.84,0.14,63.40
76.54,76.54,88.72,6.25,65.23
71.76,71.76,86.11,14.67,62.39
69.71,69.71,85.66,17.38,64.32
69.31,69.31,84.43,21.92,66.58
71.87,71.87,78.51,24.97,63.86
72.77,72.77,78.46,26.07,64.42
72.20,72.20,77.01,21.53,63.50
73.52,73.52,75.85,26.35,61.93
75.00,75.00,54.81,31.23,61.41
82.33,82.33,48.83,33.01,62.21
75.69,75.69,42.56,34.57,68.66
70.12,70.12,42.57,38.32,67.52
65.36,65.36,42.36,35.77,68.47
66.13,66.13,35.08,38.38,71.38
66.53,66.53,32.98,37.50,72.17
67.17,67.17,30.06,37.45,71.23
68.31,68.31,24.87,37.69,70.31
68.08,68.08,16.79,39.65,70.81
70.83,70.83,22.13,35.49,72.64
72.77,72.77,26.26,36.06,73.31
75.05,75.05,30.35,34.54,71.04
76.47,76.47,41.32,35.36,70.08
76.89,76.89,52.43,33.01,70.82
74.15,74.15,58.05,17.78,69.25
73.30,73.30,82.18,9.74,64.39
70.53,70.53,89.16,0.35,64.44
70.73,70.73,85.78,-0.00,60.91
71.39,71.39,86.50,1.00,62.97
70.56,70.56,87.91,3.50,65.66
68.95,68.95,86.93,7.15,62.57
68.50,68.50,85.31,12.82,63.09
67.86,67.86,86.65,16.26,62.95
71.11,71.11,78.97,23.50,61.47
73.78,73.78,79.98,27.55,60.64
74.65,74.65,77.55,28.30,61.29
77.24,77.24,79.24,29.05,61.26
76.21,76.21,67.23,35.20,62.46
73.41,73.41,40.69,32.32,62.02
75.05,75.05,46.05,33.31,61.93
75.44,75.44,47.83,37.34,63.76
74.79,74.79,38.41,38.15,64.14
72.18,72.18,40.33,38.83,63.91
72.47,72.47,40.76,39.78,63.18
72.61,72.61,47.41,35.92,60.86
72.19,72.19,55.84,33.51,59.38
73.22,73.22,61.98,16.58,57.75
71.56,71.56,87.20,1.50,57.82
70.73,70.73,88.44,0.81,56.76
71.85,71.85,87.47,0.88,56.42
69.35,69.35,86.32,0.00,52.49
74.50,74.50,86.49,-0.00,56.00
73.11,73.11,88.66,-0.00,57.34
70.38,70.38,85.42,2.80,57.43
72.06,72.06,88.03,0.98,58.21
71.56,71.56,87.84,0.82,57.98
71.36,71.36,85.12,2.40,57.00
76.03,76.03,87.08,3.01,57.37
76.58,76.58,86.30,1.67,58.83
75.11,75.11,86.38,6.41,57.36
74.73,74.73,87.32,5.68,59.03
79.30,79.30,82.52,22.57,59.55
76.08,76.08,79.79,24.73,60.09
73.41,73.41,77.57,24.24,59.09
74.34,74.34,79.58,27.36,57.78
74.33,74.33,74.61,33.12,58.95
70.68,70.68,60.60,33.85,57.14
70.53,70.53,48.95,37.82,58.63
71.92,71.92,37.12,37.49,59.71
71.08,71.08,43.05,38.78,59.65
69.83,69.83,46.60,34.56,59.82
69.36,69.36,41.32,45.25,60.94
68.83,68.83,40.23,39.99,57.39
68.48,68.48,37.57,43.23,59.22
72.16,72.16,36.41,42.71,59.84
68.79,68.79,37.43,42.83,61.07
67.65,67.65,35.87,42.95,62.98
67.00,67.00,36.43,46.76,62.52
67.47,67.47,35.48,39.95,62.40
65.72,65.72,43.78,37.66,60.30
68.56,68.56,48.66,35.23,58.69
70.32,70.32,55.68,33.64,57.16
68.44,68.44,76.92,21.29,57.75
72.18,72.18,88.47,4.18,59.30
76.90,76.90,87.98,-0.00,56.66
78.00,78.00,86.57,0.81,57.65
79.00,79.00,85.60,2.63,58.73
81.83,81.83,86.73,11.67,56.64
79.33,79.33,87.89,27.67,56.99
75.25,75.25,83.82,37.30,57.96
77.58,77.58,83.26,39.00,58.71
77.08,77.08,77.38,32.32,57.99
81.58,81.58,79.87,32.76,59.14
79.48,79.48,77.49,37.20,58.82
76.16,76.16,71.29,32.34,60.85
75.26,75.26,49.83,40.50,59.35
75.53,75.53,49.67,39.82,58.51
76.61,76.61,42.48,39.39,58.69
75.20,75.20,47.98,42.92,56.75
77.74,77.74,41.02,44.21,56.61
75.89,75.89,40.74,39.79,56.96
73.10,73.10,34.66,40.56,58.31
73.43,73.43,35.70,45.09,55.77
71.94,71.94,34.08,37.98,57.19
71.13,71.13,28.10,43.19,64.44
69.29,69.29,36.77,43.92,61.40
69.31,69.31,37.42,41.81,60.57
67.12,67.12,38.15,41.02,61.30
68.75,68.75,38.02,39.71,59.83
69.11,69.11,44.60,37.15,63.33
71.04,71.04,52.53,21.36,61.14
70.24,70.24,84.50,5.81,64.39
69.43,69.43,87.39,4.11,61.24
66.94,66.94,87.72,6.66,60.88
69.09,69.09,86.17,4.70,61.14
70.46,70.46,86.42,9.77,61.29
66.52,66.52,89.41,13.96,58.83
67.04,67.04,85.21,12.84,59.09
68.69,68.69,85.23,21.82,58.49
70.34,70.34,79.78,30.71,58.10
70.20,70.20,79.51,28.19,58.05
71.05,71.05,78.16,35.21,58.05
71.64,71.64,76.25,38.81,56.95
72.10,72.10,66.54,44.79,57.88
70.98,70.98,40.10,44.06,58.95
71.09,71.09,48.49,45.00,58.88
69.72,69.72,48.64,45.79,59.70
69.84,69.84,43.69,46.71,59.85
72.24,72.24,38.80,47.31,60.48
69.67,69.67,41.04,45.98,60.85
68.95,68.95,44.93,43.72,60.44
69.36,69.36,31.65,42.67,59.45
69.16,69.16,37.65,43.86,62.15
67.78,67.78,39.10,43.66,62.88
70.46,70.46,37.12,38.61,62.63
70.75,70.75,36.42,43.01,58.94
71.23,71.23,40.27,39.35,59.54
69.23,69.23,41.84,36.17,60.40
67.38,67.38,46.11,37.32,62.26
70.46,70.46,62.30,26.83,59.69
69.97,69.97,81.51,10.88,62.80
68.89,68.89,85.39,3.98,64.55
67.38,67.38,86.44,7.11,63.29
69.04,69.04,86.67,12.18,63.70
72.03,72.03,88.63,20.42,61.90
71.30,71.30,86.09,11.09,64.26
76.89,76.89,86.70,17.86,65.90
73.43,73.43,83.47,15.82,66.70
74.31,74.31,79.56,20.45,64.35
73.90,73.90,77.66,15.84,62.76
74.92,74.92,77.45,19.75,64.58
73.88,73.88,76.29,18.29,62.01
73.47,73.47,59.81,14.29,63.16
73.59,73.59,48.98,13.86,64.33
74.52,74.52,77.20,10.64,64.24
73.18,73.18,79.74,13.44,63.92
71.61,71.61,78.01,19.09,63.80
67.53,67.53,76.88,21.31,62.95
65.82,65.82,76.02,17.40,64.43
65.46,65.46,75.09,29.17,65.52
65.38,65.38,73.57,25.89,65.37
67.23,67.23,72.22,27.47,60.70
67.60,67.60,70.30,25.22,61.06
67.57,67.57,69.77,26.57,61.18
64.91,64.91,69.20,30.44,62.71
64.74,64.74,66.66,30.43,62.14
64.51,64.51,63.86,33.32,61.09
64.12,64.12,63.19,33.87,61.00
65.78,65.78,72.48,28.24,58.95
71.42,71.42,82.08,15.70,61.91
78.10,78.10,85.05,12.49,64.39
81.42,81.42,86.08,9.08,62.48
75.88,75.88,86.51,9.47,61.92
74.73,74.73,86.36,9.08,58.61
69.49,69.49,86.62,12.66,56.41
72.59,72.59,86.25,18.64,55.08
74.50,74.50,80.20,32.89,55.31
78.06,78.06,79.73,38.19,56.93
81.45,81.45,77.63,34.50,59.33
79.64,79.64,79.50,32.20,57.13
77.06,77.06,68.25,31.87,58.30
76.55,76.55,45.77,41.00,58.07
73.56,73.56,49.00,38.02,56.60
77.39,77.39,48.53,39.91,56.12
78.57,78.57,46.82,40.38,56.43
75.40,75.40,40.12,44.02,57.00
75.22,75.22,43.33,43.38,57.36
75.25,75.25,34.50,44.06,59.05
77.39,77.39,35.33,42.01,59.93
79.85,79.85,43.61,47.23,58.08
77.75,77.75,40.57,45.85,62.04
79.89,79.89,33.75,41.14,61.34
80.78,80.78,34.20,45.33,60.71
77.49,77.49,38.88,45.57,58.83
73.78,73.78,45.80,38.58,59.18
72.65,72.65,44.81,37.34,58.61
66.10,66.10,56.47,30.63,58.98
67.14,67.14,81.92,21.99,61.99
73.97,73.97,86.03,14.05,63.36
74.82,74.82,86.05,14.72,61.88
75.71,75.71,87.59,17.49,62.89
76.25,76.25,86.59,25.05,64.71
75.41,75.41,86.09,39.14,63.23
77.97,77.97,87.42,41.08,62.46
78.78,78.78,82.63,39.36,62.99
77.36,77.36,79.70,41.41,62.74
80.83,80.83,77.50,42.57,63.56
84.04,84.04,78.95,39.50,64.34
80.95,80.95,75.27,43.47,61.79
75.30,75.30,58.54,40.15,61.94
77.01,77.01,43.80,45.64,59.96
74.50,74.50,44.46,42.08,60.10
72.92,72.92,48.00,46.01,62.28
71.86,71.86,42.06,43.36,63.04
69.25,69.25,38.24,49.36,62.02
67.81,67.81,38.46,46.44,62.72
67.01,67.01,36.88,45.83,64.42
67.55,67.55,37.04,46.65,62.76
68.65,68.65,37.98,49.15,64.89
68.13,68.13,41.68,45.67,68.51
66.61,66.61,35.38,48.62,67.54
68.03,68.03,38.19,45.26,66.96
64.46,64.46,43.41,36.55,63.87
62.58,62.58,46.47,37.80,63.68
62.59,62.59,53.31,30.88,62.63
69.76,69.76,77.08,22.33,61.51
79.14,79.14,87.85,10.95,60.72
76.97,76.97,87.71,4.49,58.21
77.28,77.28,86.89,2.30,59.91
78.94,78.94,86.58,5.54,62.70
77.84,77.84,86.71,5.57,62.92
77.22,77.22,87.00,12.73,62.17
70.93,70.93,85.16,15.59,61.57
73.68,73.68,80.03,26.22,62.78
76.00,76.00,78.86,31.87,63.33
78.35,78.35,77.80,31.18,64.91
76.18,76.18,79.55,30.54,64.39
78.68,78.68,67.72,33.83,62.45
82.58,82.58,51.41,38.10,63.27
77.66,77.66,48.33,42.06,60.95
81.02,81.02,47.01,43.15,62.11
78.03,78.03,41.52,37.66,63.19
78.01,78.01,43.79,45.31,64.42
74.86,74.86,42.43,48.44,63.25
74.02,74.02,31.54,46.02,63.65
73.61,73.61,32.00,44.24,62.48
74.05,74.05,26.56,45.39,63.07
73.10,73.10,27.75,47.36,60.93
73.93,73.93,24.50,44.89,61.73
72.04,72.04,28.38,46.11,61.36
67.77,67.77,38.98,45.75,61.20
67.32,67.32,45.00,42.11,59.92
68.20,68.20,52.13,36.09,59.66
66.52,66.52,62.97,33.25,58.90
68.55,68.55,88.64,16.26,57.47
72.53,72.53,88.26,3.58,62.16
73.25,73.25,86.02,1.08,60.19
73.51,73.51,87.06,8.36,58.17
76.11,76.11,86.69,15.31,59.32
76.58,76.58,86.45,22.50,56.83
78.16,78.16,87.59,26.30,58.26
79.41,79.41,82.36,29.48,59.12
79.91,79.91,79.45,33.71,61.22
78.32,78.32,77.46,34.48,61.64
74.64,74.64,79.53,34.29,60.93
75.09,75.09,74.46,33.99,59.37
72.43,72.43,59.41,35.44,59.23
70.59,70.59,45.54,39.30,61.29
70.71,70.71,47.52,41.46,63.55
79.04,79.04,43.43,38.63,63.30
83.54,83.54,45.28,41.59,64.98
84.21,84.21,35.56,39.31,65.45
82.07,82.07,43.50,39.02,65.83
81.66,81.66,54.05,35.04,65.95
80.51,80.51,62.25,23.45,62.22
78.52,78.52,76.39,11.49,61.89
78.88,78.88,88.34,10.63,61.80
77.09,77.09,86.72,13.22,60.04
76.78,76.78,86.66,11.24,59.76
77.46,77.46,85.57,2.40,60.00
77.79,77.79,88.28,1.48,59.10
78.19,78.19,86.75,4.14,60.22
76.94,76.94,85.38,3.40,61.05
73.52,73.52,87.32,9.25,59.72
73.37,73.37,87.94,10.94,60.85
73.71,73.71,86.77,10.42,59.56
75.90,75.90,85.64,2.70,59.44
75.64,75.64,86.85,5.37,60.33
75.82,75.82,87.94,7.65,62.13
73.59,73.59,84.23,7.82,64.68
73.78,73.78,82.45,19.38,64.57
72.23,72.23,76.92,22.94,62.27
71.03,71.03,78.74,21.96,64.95
69.21,69.21,78.90,25.54,65.62
68.29,68.29,70.06,27.51,64.23
68.31,68.31,52.28,28.38,63.23
65.95,65.95,50.27,33.75,62.96
70.37,70.37,47.17,33.15,63.18
72.14,72.14,47.39,34.97,66.25
76.36,76.36,41.09,39.12,65.89
77.14,77.14,44.09,41.02,64.90
74.70,74.70,37.35,36.50,62.19
64.40,64.40,38.86,39.00,63.54
65.88,65.88,38.11,41.33,65.79
67.42,67.42,34.62,41.43,67.09
68.61,68.61,38.26,42.32,67.95
68.59,68.59,37.09,41.08,66.10
66.64,66.64,38.22,37.20,62.73
67.37,67.37,48.29,36.94,63.77
68.16,68.16,57.31,29.84,61.40
65.73,65.73,64.68,26.77,59.86
72.19,72.19,87.11,10.25,63.14
75.46,75.46,88.27,0.06,63.09
73.19,73.19,86.98,0.25,63.06
72.98,72.98,85.75,11.25,62.53
72.28,72.28,86.26,27.42,62.97
71.34,71.34,88.54,33.53,62.14
67.99,67.99,85.89,29.19,61.14
70.17,70.17,83.00,28.78,65.01
74.40,74.40,80.10,30.52,65.59
76.08,76.08,78.11,30.12,66.08
79.34,79.34,79.87,35.71,67.23
79.62,79.62,74.76,37.63,65.66
78.58,78.58,62.92,36.90,64.80
79.11,79.11,47.23,37.48,62.91
79.66,79.66,42.74,39.78,64.10
76.91,76.91,48.84,33.38,62.80
80.86,80.86,44.54,42.27,63.01
77.30,77.30,43.03,33.60,65.00
77.76,77.76,39.97,45.75,67.40
78.50,78.50,38.78,31.60,65.53
77.46,77.46,36.00,44.24,66.22
78.38,78.38,35.63,37.88,65.36
77.56,77.56,34.44,43.66,66.07
79.67,79.67,31.84,35.77,66.04
78.22,78.22,33.82,40.75,64.75
78.39,78.39,40.37,39.18,63.99
75.67,75.67,51.23,27.89,62.64
77.81,77.81,59.42,21.18,60.75
75.04,75.04,74.21,6.21,61.10
74.29,74.29,88.47,-0.00,59.37
66.75,66.75,86.92,-0.00,61.23
63.77,63.77,86.99,-0.00,62.22
60.93,60.93,85.93,2.92,60.85
61.70,61.70,87.95,16.04,60.84
62.98,62.98,88.34,20.92,59.34
65.80,65.80,84.60,19.57,60.26
73.59,73.59,84.59,20.74,65.46
75.20,75.20,76.19,29.31,61.35
78.99,78.99,80.67,32.33,62.33
80.24,80.24,76.96,35.95,61.88
79.72,79.72,73.69,37.58,63.57
76.43,76.43,48.77,41.13,63.16
76.01,76.01,48.35,37.61,65.33
78.27,78.27,46.06,38.79,65.23
78.70,78.70,46.42,39.94,63.98
75.24,75.24,45.56,38.68,64.27
69.27,69.27,42.13,37.69,62.27
70.30,70.30,42.60,44.01,62.75
72.76,72.76,39.89,44.02,61.26
74.78,74.78,36.61,42.53,60.33
78.21,78.21,38.82,41.43,62.71
78.67,78.67,39.89,41.02,61.93
77.73,77.73,39.78,38.35,63.69
76.41,76.41,39.59,38.88,61.04
76.83,76.83,50.12,37.86,60.06
82.16,82.16,58.49,32.66,60.92
79.37,79.37,64.53,22.74,59.65
77.39,77.39,86.93,12.34,60.24
75.96,75.96,87.09,0.09,61.52
80.01,80.01,86.74,-0.00,59.24
84.01,84.01,85.56,6.40,60.10
82.55,82.55,86.32,22.35,60.69
79.02,79.02,88.87,32.90,62.07
85.17,85.17,84.24,39.82,63.72
84.95,84.95,85.21,40.48,64.78
79.89,79.89,78.39,34.63,64.98
77.39,77.39,79.37,38.77,65.30
82.61,82.61,77.61,37.39,63.89
84.86,84.86,76.52,38.23,63.51
79.97,79.97,65.22,30.95,65.36
77.09,77.09,60.72,22.11,64.67
83.13,83.13,79.95,12.34,66.93
82.27,82.27,85.31,24.79,66.99
79.07,79.07,85.39,29.18,69.59
76.23,76.23,82.95,29.93,70.45
78.31,78.31,82.14,19.34,68.11
78.87,78.87,80.50,28.32,65.63
77.43,77.43,78.82,31.87,64.70
77.55,77.55,76.95,31.07,64.82
79.63,79.63,75.40,32.19,65.68
80.23,80.23,73.64,33.33,63.03
79.14,79.14,73.36,37.43,66.03
72.85,72.85,70.28,38.82,67.97
74.19,74.19,67.37,35.97,65.91
77.15,77.15,65.79,26.66,64.13
76.94,76.94,74.24,23.47,65.90
76.91,76.91,88.10,19.52,65.78
73.56,73.56,87.00,20.75,66.13
76.11,76.11,86.78,21.55,66.68
79.60,79.60,86.11,15.36,64.52
79.25,79.25,88.72,16.20,64.04
77.84,77.84,85.92,20.00,64.32
71.69,71.69,85.27,17.88,64.24
66.61,66.61,83.87,16.45,63.25
68.54,68.54,79.16,22.52,65.44
70.10,70.10,78.75,23.36,65.69
76.35,76.35,76.87,28.09,68.52
77.14,77.14,75.78,32.89,66.12
74.27,74.27,54.94,31.55,64.01
73.93,73.93,53.51,42.55,60.36
76.07,76.07,62.22,40.45,62.35
77.92,77.92,61.17,41.23,65.79
74.96,74.96,58.49,43.72,65.02
71.88,71.88,56.23,48.53,66.29
71.44,71.44,53.50,49.12,63.77
69.64,69.64,49.21,45.23,65.05
74.45,74.45,45.08,49.46,65.86
77.29,77.29,40.93,47.25,67.27
74.82,74.82,35.28,47.28,67.09
74.30,74.30,36.00,43.20,66.71
75.05,75.05,37.11,47.86,65.32
79.03,79.03,46.53,45.84,64.59
76.94,76.94,57.82,41.80,65.59
75.66,75.66,63.21,39.52,61.64
76.03,76.03,83.71,20.67,60.88
76.55,76.55,88.64,3.64,60.62
74.86,74.86,85.27,0.15,61.00
76.28,76.28,85.79,3.27,60.31
76.35,76.35,87.50,13.50,61.94
77.29,77.29,86.95,19.81,62.06
72.05,72.05,85.48,24.01,59.51
69.78,69.78,86.51,31.82,61.75
68.77,68.77,78.91,26.05,63.55
70.65,70.65,79.76,31.48,63.44
73.46,73.46,77.12,33.73,65.03
74.80,74.80,79.02,29.56,64.36
75.98,75.98,66.35,40.45,65.14
73.36,73.36,42.45,35.56,64.54
74.99,74.99,44.25,38.48,65.85
75.63,75.63,47.05,37.21,66.07
75.71,75.71,44.39,38.60,67.87
75.07,75.07,42.06,39.10,68.29
73.99,73.99,46.31,41.12,67.66
74.85,74.85,41.90,33.38,68.15
76.02,76.02,41.05,40.60,66.09
76.73,76.73,37.20,38.35,68.31
77.94,77.94,37.15,39.00,68.73
77.15,77.15,40.90,39.80,67.07
77.72,77.72,42.34,36.86,67.58
74.03,74.03,45.59,37.23,66.67
74.68,74.68,54.74,32.06,66.86
74.07,74.07,60.34,27.44,65.55
74.63,74.63,70.87,12.25,62.82
72.46,72.46,88.13,3.06,62.76
70.99,70.99,88.16,4.12,62.96
68.56,68.56,84.97,4.83,61.64
71.52,71.52,87.28,8.36,61.39
71.94,71.94,86.97,15.92,62.38
68.67,68.67,86.63,18.53,60.26
69.04,69.04,87.20,26.15,60.92
67.91,67.91,82.36,22.22,61.83
68.22,68.22,79.72,29.00,62.23
71.20,71.20,77.69,32.04,63.37
72.62,72.62,79.14,30.60,64.40
72.99,72.99,74.84,28.44,62.84
71.52,71.52,60.52,34.63,64.78
71.28,71.28,48.11,38.81,64.51
70.55,70.55,48.75,35.14,65.24
67.80,67.80,44.15,38.20,64.02
69.11,69.11,43.59,37.61,63.86
68.93,68.93,39.35,40.03,65.08
67.35,67.35,43.61,40.87,62.89
68.35,68.35,38.50,39.29,64.12
67.01,67.01,34.96,41.28,66.14
68.71,68.71,34.69,40.13,66.50
70.07,70.07,28.19,38.84,68.45
72.19,72.19,26.66,41.31,66.12
71.53,71.53,33.21,44.67,64.09
70.31,70.31,42.45,39.65,64.53
71.23,71.23,56.80,35.07,63.04
72.77,72.77,61.34,28.51,64.52
73.40,73.40,79.13,27.17,63.89
72.31,72.31,87.89,20.74,63.07
71.39,71.39,87.86,7.86,63.50
73.34,73.34,86.40,0.05,62.77
72.02,72.02,85.52,6.04,62.94
72.85,72.85,87.03,12.42,62.37
70.23,70.23,87.94,13.69,61.16
70.58,70.58,84.22,22.80,61.46
72.91,72.91,82.05,31.22,62.91
72.76,72.76,77.21,34.46,62.39
72.95,72.95,78.39,33.25,62.33
73.48,73.48,78.96,39.35,62.86
73.79,73.79,69.46,41.30,61.27
72.32,72.32,51.84,40.72,62.97
72.53,72.53,48.55,40.75,63.82
76.26,76.26,40.06,37.08,63.56
78.29,78.29,43.15,39.45,63.71
79.56,79.56,34.59,39.45,61.87
78.11,78.11,39.90,36.52,62.00
76.94,76.94,48.05,31.07,61.44
77.41,77.41,53.28,27.49,60.26
77.04,77.04,60.65,13.31,62.65
73.42,73.42,86.53,3.09,59.96
71.01,71.01,88.12,-0.00,57.31
73.89,73.89,85.90,-0.00,58.62
73.78,73.78,85.85,-0.00,60.46
74.61,74.61,86.81,0.34,59.23
75.70,75.70,88.56,6.58,58.48
77.08,77.08,84.75,9.39,59.72
77.92,77.92,87.74,4.79,59.86
77.74,77.74,87.76,1.09,59.21
79.47,79.47,86.62,0.69,63.43
82.16,82.16,85.62,0.26,65.48
81.56,81.56,85.84,1.80,68.76
79.36,79.36,88.36,11.70,65.83
77.66,77.66,84.99,12.85,61.86
74.03,74.03,83.08,16.22,61.33
72.04,72.04,79.62,21.78,61.97
75.06,75.06,77.88,22.36,64.05
73.69,73.69,79.82,24.74,67.21
70.35,70.35,74.90,31.32,67.09
70.63,70.63,64.26,29.95,65.21
74.01,74.01,48.73,35.26,64.12
73.28,73.28,41.72,34.24,65.56
75.25,75.25,46.22,31.70,64.40
75.41,75.41,41.57,37.18,64.89
75.86,75.86,41.05,34.50,64.94
74.73,74.73,41.63,40.33,65.51
74.59,74.59,40.75,41.32,63.27
71.59,71.59,38.40,42.84,64.89
68.01,68.01,41.23,39.99,63.51
65.85,65.85,37.27,42.80,63.29
67.72,67.72,31.91,38.86,62.89
64.86,64.86,35.85,40.84,61.08
67.43,67.43,44.84,39.02,64.12
70.36,70.36,49.30,31.29,60.09
70.11,70.11,56.09,33.30,61.28
77.55,77.55,70.80,16.55,62.97
72.02,72.02,88.68,3.35,58.00
77.21,77.21,86.23,-0.00,60.39
73.51,73.51,86.76,1.39,58.60
78.07,78.07,85.47,10.87,59.24
82.63,82.63,88.60,14.43,58.46
80.74,80.74,86.56,16.55,57.83
73.86,73.86,84.00,22.33,57.47
75.26,75.26,84.37,35.34,59.40
75.65,75.65,76.75,34.16,61.12
76.80,76.80,80.65,35.81,60.43
76.74,76.74,76.91,34.76,60.98
78.51,78.51,75.14,34.06,59.05
78.87,78.87,47.51,34.06,59.46
81.72,81.72,49.94,39.79,57.66
77.67,77.67,47.23,40.79,58.74
73.81,73.81,49.09,39.57,58.16
79.13,79.13,45.15,40.25,59.02
73.40,73.40,40.24,38.08,59.43
69.51,69.51,41.14,39.71,58.38
70.09,70.09,40.66,38.68,61.42
70.14,70.14,36.49,37.83,62.43
68.38,68.38,36.35,41.58,61.98
67.21,67.21,40.76,44.33,62.56
66.72,66.72,35.87,40.93,61.92
68.95,68.95,36.02,43.39,62.61
66.95,66.95,40.94,37.88,61.94
66.48,66.48,49.11,37.77,63.13
68.54,68.54,52.11,24.76,62.14
68.11,68.11,80.81,12.77,63.57
67.08,67.08,88.97,4.95,59.20
67.72,67.72,86.40,5.06,58.63
68.16,68.16,86.62,7.14,58.07
70.74,70.74,88.33,13.42,58.57
73.16,73.16,87.42,23.04,60.61
74.73,74.73,85.08,22.31,59.55
68.88,68.88,86.95,18.03,56.79
72.14,72.14,79.16,19.30,59.28
73.89,73.89,80.08,21.19,58.67
72.83,72.83,77.50,19.87,60.50
72.42,72.42,79.13,26.17,59.35
72.50,72.50,66.03,27.66,61.22
70.24,70.24,52.27,36.29,60.33
71.34,71.34,48.84,37.44,62.46
71.36,71.36,42.99,29.88,64.06
75.61,75.61,45.84,37.75,61.61
77.94,77.94,42.45,42.18,62.57
75.02,75.02,41.72,36.84,65.20
75.82,75.82,39.54,43.46,64.67
78.63,78.63,35.97,45.52,62.94
73.33,73.33,38.54,42.05,63.54
71.94,71.94,43.23,45.52,63.72
73.82,73.82,39.86,43.67,65.94
72.77,72.77,38.97,42.36,65.05
72.55,72.55,42.88,44.93,64.40
73.78,73.78,46.43,46.21,61.41
70.12,70.12,46.94,39.22,61.73
67.78,67.78,59.71,28.64,61.10
67.33,67.33,80.84,10.77,60.77
71.70,71.70,84.96,5.67,64.33
73.83,73.83,86.45,23.53,65.24
77.15,77.15,86.67,36.01,61.84
77.99,77.99,86.07,30.85,60.37
75.17,75.17,86.29,28.51,61.70
75.39,75.39,87.49,37.73,62.05
77.43,77.43,83.03,37.51,61.36
80.25,80.25,80.73,28.16,63.71
81.12,81.12,77.13,32.84,64.35
79.19,79.19,79.65,34.62,66.05
79.47,79.47,74.36,29.50,65.34
77.87,77.87,63.71,24.09,63.27
78.55,78.55,45.14,21.46,64.77
77.11,77.11,77.26,17.72,65.13
77.35,77.35,78.57,14.11,66.32
77.49,77.49,79.36,18.60,67.32
77.78,77.78,77.76,21.01,66.76
77.66,77.66,76.54,23.87,66.20
74.97,74.97,75.10,26.32,64.91
70.21,70.21,74.41,32.12,64.05
69.03,69.03,72.93,29.22,62.55
70.00,70.00,71.18,28.86,63.38
67.92,67.92,69.33,32.20,62.04
69.97,69.97,67.82,32.77,63.28
67.39,67.39,66.81,30.28,61.35
66.86,66.86,65.53,29.92,59.66
68.08,68.08,64.66,27.34,57.56
75.97,75.97,68.81,17.22,57.46
79.56,79.56,81.45,10.82,59.61
79.60,79.60,85.06,3.82,60.50
81.47,81.47,85.92,11.22,60.03
79.02,79.02,84.84,15.51,60.58
73.01,73.01,86.37,14.66,59.46
73.35,73.35,88.47,14.96,60.90
74.63,74.63,84.38,17.54,61.13
72.32,72.32,83.76,26.13,60.83
74.75,74.75,77.07,29.93,60.06
78.55,78.55,79.37,30.52,59.62
79.02,79.02,78.13,41.24,60.34
75.38,75.38,72.24,43.07,60.12
74.38,74.38,52.41,42.39,59.16
70.25,70.25,49.62,42.78,59.43
71.48,71.48,43.07,42.97,60.34
73.41,73.41,40.64,42.32,62.75
76.35,76.35,37.66,43.74,61.99
78.99,78.99,37.02,45.49,62.88
78.73,78.73,34.68,43.95,61.30
80.92,80.92,34.15,44.50,58.82
78.66,78.66,39.57,42.81,62.63
80.62,80.62,39.47,47.90,62.28
77.91,77.91,37.04,43.64,61.99
80.10,80.10,28.89,39.54,60.91
81.13,81.13,41.51,44.49,64.36
74.56,74.56,40.84,41.08,65.13
70.67,70.67,44.22,36.39,65.29
66.23,66.23,53.48,21.18,58.96
66.37,66.37,79.70,16.58,57.60
72.68,72.68,85.58,8.60,59.94
79.03,79.03,87.66,14.30,60.73
78.59,78.59,85.96,11.82,64.97
76.17,76.17,85.89,10.71,62.09
77.80,77.80,88.13,12.16,60.65
80.39,80.39,86.01,14.98,61.28
78.05,78.05,83.10,18.68,62.93
80.70,80.70,80.45,26.19,61.11
79.78,79.78,77.60,28.83,62.74
76.72,76.72,80.30,36.71,60.89
77.84,77.84,74.72,37.26,62.27
81.57,81.57,64.62,30.53,59.84
82.10,82.10,43.77,37.07,60.41
78.81,78.81,44.00,36.27,63.08
75.46,75.46,48.54,37.54,59.35
78.46,78.46,44.81,36.34,61.47
79.85,79.85,43.88,40.64,63.66
84.11,84.11,40.45,37.01,62.69
78.05,78.05,39.92,41.32,63.00
77.75,77.75,44.38,40.34,63.87
78.70,78.70,38.66,38.86,64.89
70.46,70.46,42.29,38.72,65.89
67.33,67.33,39.85,41.25,67.24
66.24,66.24,37.60,35.14,66.29
63.57,63.57,44.26,40.47,67.07
63.68,63.68,44.12,34.95,66.70
62.65,62.65,50.20,28.96,65.42
62.11,62.11,71.58,22.04,64.96
66.43,66.43,88.78,8.96,62.92
72.87,72.87,87.68,1.28,63.02
73.82,73.82,87.15,3.46,63.66
74.55,74.55,85.52,9.20,62.25
74.47,74.47,86.96,12.26,61.38
75.95,75.95,88.35,15.57,62.72
75.67,75.67,84.01,20.61,61.97
73.82,73.82,83.72,30.20,61.37
74.97,74.97,76.46,26.92,63.99
77.04,77.04,80.09,28.98,66.27
75.96,75.96,77.90,33.39,64.79
78.02,78.02,71.64,35.28,64.70
78.53,78.53,47.96,36.98,63.46
75.43,75.43,51.12,36.40,62.87
80.33,80.33,43.18,37.72,62.13
78.05,78.05,48.03,44.36,62.02
77.13,77.13,43.31,44.71,60.99
76.78,76.78,43.84,40.57,61.96
77.95,77.95,36.01,44.26,66.20
79.22,79.22,35.13,45.33,64.68
80.19,80.19,34.90,41.18,64.10
80.45,80.45,36.81,43.52,63.37
79.95,79.95,38.09,43.31,65.22
80.98,80.98,37.61,36.71,63.68
80.32,80.32,37.01,39.98,63.68
70.90,70.90,48.34,42.55,62.73
70.18,70.18,52.21,38.03,61.19
69.82,69.82,61.32,29.71,59.55
69.48,69.48,87.60,23.90,61.85
68.76,68.76,88.64,11.26,65.27
67.68,67.68,87.43,2.66,66.94
67.07,67.07,86.01,8.35,66.49
68.57,68.57,86.55,16.12,65.49
69.04,69.04,88.96,15.53,65.43
67.70,67.70,85.49,18.01,63.41
64.07,64.07,83.48,28.41,65.73
65.99,65.99,80.24,30.68,64.52
67.53,67.53,77.90,30.97,68.46
65.95,65.95,79.93,30.72,67.24
63.87,63.87,74.96,31.64,69.91
64.54,64.54,62.39,32.07,65.55
69.21,69.21,47.99,32.07,64.75
71.10,71.10,40.95,35.60,65.84
74.95,74.95,48.20,37.68,66.48
78.66,78.66,37.89,36.51,65.84
80.52,80.52,43.47,37.48,66.09
80.04,80.04,44.31,36.18,60.73
78.36,78.36,48.16,38.15,61.85
75.70,75.70,52.58,36.08,61.66
78.94,78.94,69.64,21.42,62.85
77.00,77.00,87.75,15.22,59.52
74.29,74.29,87.10,1.54,61.24
75.12,75.12,86.32,1.45,60.09
76.04,76.04,85.92,1.60,61.10
77.03,77.03,88.67,0.34,62.42
79.34,79.34,86.01,1.04,60.38
81.10,81.10,86.87,7.39,58.11
79.59,79.59,86.79,3.18,60.07
77.82,77.82,86.52,2.15,61.42
77.00,77.00,86.45,4.29,61.60
76.88,76.88,85.06,10.40,61.72
77.30,77.30,87.89,17.56,60.77
78.84,78.84,87.29,22.24,60.81
74.71,74.71,83.65,24.46,61.63
73.69,73.69,84.04,23.69,62.58
76.13,76.13,76.11,23.63,64.64
73.72,73.72,80.53,21.19,64.50
72.49,72.49,76.71,25.15,63.60
73.24,73.24,74.45,26.41,64.23
69.84,69.84,50.04,26.71,65.07
69.65,69.65,52.07,22.35,64.57
68.70,68.70,47.58,29.70,65.23
69.25,69.25,41.98,27.40,66.35
68.62,68.62,45.98,33.38,64.45
71.84,71.84,41.55,31.79,65.54
70.38,70.38,42.51,40.26,67.01
70.48,70.48,35.70,31.94,65.70
68.92,68.92,39.32,39.82,64.95
68.15,68.15,35.31,34.33,64.31
65.51,65.51,38.09,36.74,64.48
65.60,65.60,36.57,35.92,65.65
66.29,66.29,39.49,38.01,64.30
65.49,65.49,47.54,38.42,63.53
67.82,67.82,57.14,32.13,63.46
70.90,70.90,60.58,22.70,62.90
70.29,70.29,86.45,10.07,62.50
70.64,70.64,87.74,12.55,66.43
71.15,71.15,86.83,11.91,67.33
70.63,70.63,85.74,3.86,65.63
70.85,70.85,86.62,9.78,62.93
69.85,69.85,89.05,11.45,64.02
74.19,74.19,84.74,16.02,67.57
76.98,76.98,86.05,23.65,67.33
74.58,74.58,78.31,28.30,67.44
74.72,74.72,79.50,23.49,65.03
77.17,77.17,78.04,28.62,65.07
74.42,74.42,76.53,28.44,64.70
75.41,75.41,67.01,30.30,66.20
75.57,75.57,48.46,30.25,68.20
75.12,75.12,45.35,30.03,67.09
71.48,71.48,45.70,35.56,68.17
68.68,68.68,44.19,36.71,67.30
68.70,68.70,44.94,37.62,67.54
69.26,69.26,44.70,36.56,65.61
66.59,66.59,42.94,38.62,63.11
69.19,69.19,43.66,36.18,62.71
70.57,70.57,42.45,39.02,64.27
72.04,72.04,42.18,40.41,65.97
71.44,71.44,40.59,38.79,64.29
72.43,72.43,40.12,38.57,64.46
74.05,74.05,46.80,34.45,62.58
75.39,75.39,51.45,36.58,59.34
73.16,73.16,58.06,26.53,59.50
76.05,76.05,72.96,9.99,60.60
75.81,75.81,88.22,5.39,58.16
74.29,74.29,87.09,-0.00,59.32
69.56,69.56,86.65,0.00,58.84
73.11,73.11,85.39,0.69,59.62
76.46,76.46,88.92,10.20,57.00
74.03,74.03,85.90,13.19,57.14
76.09,76.09,85.44,12.51,58.65
77.15,77.15,83.92,19.07,63.31
69.94,69.94,77.47,23.71,63.20
70.08,70.08,78.46,23.64,61.17
72.26,72.26,77.13,25.83,61.87
72.67,72.67,76.06,34.38,61.49
72.49,72.49,56.52,33.42,62.82
73.06,73.06,50.58,34.57,61.58
72.14,72.14,48.02,35.00,63.69
70.12,70.12,46.26,39.44,62.96
66.09,66.09,47.10,42.66,63.70
62.52,62.52,44.09,45.76,62.45
62.21,62.21,42.03,45.13,63.40
67.24,67.24,44.62,47.41,63.94
72.90,72.90,49.52,46.23,65.41
75.10,75.10,59.29,44.84,70.78
76.72,76.72,63.27,50.80,71.86
75.86,75.86,56.79,46.34,66.62
74.15,74.15,50.74,41.48,64.30
73.97,73.97,49.88,44.87,62.56
73.42,73.42,58.32,45.50,61.87
72.87,72.87,63.30,36.97,58.60
75.96,75.96,83.28,16.36,56.42
76.57,76.57,88.37,0.04,54.99
76.03,76.03,85.85,0.14,54.63
78.63,78.63,86.11,5.23,56.84
78.59,78.59,87.78,11.00,57.87
75.72,75.72,86.84,18.86,59.73
77.77,77.77,84.77,25.97,62.45
80.83,80.83,86.21,31.51,63.69
81.34,81.34,78.52,32.08,65.40
80.36,80.36,79.21,37.65,63.94
84.40,84.40,77.20,34.11,60.79
81.75,81.75,78.95,29.48,61.21
73.53,73.53,67.41,20.51,61.04
73.61,73.61,61.44,20.54,60.54
78.20,78.20,75.75,6.94,61.59
78.69,78.69,86.77,8.32,62.06
79.54,79.54,84.67,22.70,62.24
78.93,78.93,84.17,29.32,60.30
74.93,74.93,82.35,30.38,61.36
75.10,75.10,80.89,24.07,65.04
78.51,78.51,78.99,26.86,66.14
76.53,76.53,77.46,25.85,64.70
75.61,75.61,76.53,20.80,63.70
73.10,73.10,73.78,28.34,63.80
72.83,72.83,72.94,25.19,62.97
71.26,71.26,71.03,21.61,62.67
75.52,75.52,70.01,26.02,63.22
76.30,76.30,69.31,23.68,63.04
74.01,74.01,72.35,22.36,60.60
71.71,71.71,88.93,16.28,62.58
73.09,73.09,88.05,3.48,63.40
73.59,73.59,85.95,5.45,64.66
74.86,74.86,87.45,6.75,64.04
75.37,75.37,86.75,6.57,63.07
73.13,73.13,86.17,9.03,63.30
71.10,71.10,87.45,19.48,64.72
69.77,69.77,82.49,23.91,64.54
70.35,70.35,80.12,23.32,64.46
74.76,74.76,77.69,31.99,62.73
77.13,77.13,79.36,28.30,64.28
79.06,79.06,74.82,38.84,67.68
77.67,77.67,62.90,35.38,66.55
75.85,75.85,63.08,35.68,65.17
71.38,71.38,68.76,36.63,64.27
70.81,70.81,67.89,37.12,62.52
73.07,73.07,66.23,42.09,65.01
72.86,72.86,65.54,42.10,64.74
70.67,70.67,63.23,38.29,65.82
70.27,70.27,61.27,40.36,65.98
71.76,71.76,57.91,43.59,65.51
69.89,69.89,55.80,43.47,65.25
69.63,69.63,55.15,38.86,65.47
70.20,70.20,54.41,45.87,65.21
70.80,70.80,51.35,41.67,63.00
69.15,69.15,52.17,37.24,62.17
66.34,66.34,57.08,42.73,62.78
67.35,67.35,61.62,33.08,61.13
68.47,68.47,80.10,13.80,62.23
70.79,70.79,87.59,4.95,61.42
75.54,75.54,87.76,7.68,64.20
76.46,76.46,86.15,7.69,63.68
74.24,74.24,85.43,9.00,63.97
74.77,74.77,86.65,14.13,64.22
75.29,75.29,87.92,24.17,63.61
72.51,72.51,84.77,29.74,65.19
80.96,80.96,81.94,30.89,64.92
83.19,83.19,77.06,30.30,64.86
85.36,85.36,78.03,35.19,61.48
80.69,80.69,78.68,38.08,61.23
79.55,79.55,68.19,42.69,63.52
73.65,73.65,46.55,30.29,62.92
68.62,68.62,48.82,35.01,62.94
67.50,67.50,46.65,35.74,64.84
70.87,70.87,43.16,36.87,67.76
78.52,78.52,41.88,35.88,66.86
78.46,78.46,41.47,35.61,66.30
78.13,78.13,47.83,41.83,65.89
78.45,78.45,43.77,42.65,66.21
76.61,76.61,34.90,42.15,64.07
77.49,77.49,33.08,37.49,63.53
78.45,78.45,36.35,42.83,66.03
80.25,80.25,40.56,39.55,63.97
79.65,79.65,43.55,37.21,64.03
78.34,78.34,49.52,34.45,61.87
79.09,79.09,56.81,31.62,63.74
79.70,79.70,64.50,15.10,64.76
81.53,81.53,86.99,5.71,62.78
78.74,78.74,88.30,0.38,65.63
77.68,77.68,87.13,2.74,66.94
76.07,76.07,85.57,13.32,64.93
74.76,74.76,85.95,14.77,66.21
73.04,73.04,88.22,14.25,66.33
72.61,72.61,85.97,15.18,64.13
70.34,70.34,82.88,18.28,62.96
73.41,73.41,79.66,24.20,63.54
78.45,78.45,77.52,25.68,64.21
79.04,79.04,80.16,31.55,63.03
80.46,80.46,74.51,27.41,63.08
78.90,78.90,64.21,34.50,61.28
79.66,79.66,49.48,33.89,62.14
77.57,77.57,46.86,35.79,63.01
76.08,76.08,45.55,38.08,63.53
70.11,70.11,43.40,32.13,62.37
68.17,68.17,40.15,42.48,63.18
67.71,67.71,40.86,42.11,63.81
69.25,69.25,40.34,42.41,65.08
69.21,69.21,40.07,43.24,64.87
68.47,68.47,40.74,46.25,63.05
70.33,70.33,38.69,42.56,63.19
74.73,74.73,38.79,43.37,65.05
77.59,77.59,40.37,42.61,63.47
76.78,76.78,48.24,39.79,61.90
76.60,76.60,50.77,40.02,62.00
72.31,72.31,55.80,27.95,63.10
74.02,74.02,75.24,19.88,66.49
73.14,73.14,88.43,2.14,67.41
72.73,72.73,86.78,0.00,67.91
74.53,74.53,86.48,0.00,66.28
73.89,73.89,85.60,2.41,64.62
69.83,69.83,87.83,5.64,63.73
69.56,69.56,87.85,7.47,64.01
67.95,67.95,84.09,23.81,64.38
71.53,71.53,83.89,26.92,64.72
74.08,74.08,76.82,28.27,62.68
75.78,75.78,80.23,31.95,64.78
74.73,74.73,76.72,31.35,62.85
76.01,76.01,74.09,29.10,62.45
76.94,76.94,53.80,30.20,62.96
79.41,79.41,47.83,28.70,64.01
79.05,79.05,44.14,38.45,62.29
77.72,77.72,42.74,40.73,63.18
79.33,79.33,43.44,43.97,63.65
84.15,84.15,43.94,44.97,63.77
84.27,84.27,50.67,45.09,61.55
81.76,81.76,56.89,38.72,60.47
80.28,80.28,62.56,29.40,60.23
79.40,79.40,82.83,19.40,59.26
74.47,74.47,88.89,8.46,60.28
73.68,73.68,85.96,3.23,59.07
74.19,74.19,86.00,0.22,58.13
78.04,78.04,87.74,0.83,60.36
80.52,80.52,87.03,9.71,61.22
76.49,76.49,85.41,15.97,58.21
78.22,78.22,86.03,19.52,60.69
84.80,84.80,79.12,19.48,58.47
82.77,82.77,79.33,20.78,58.79
80.91,80.91,77.02,24.41,60.08
83.62,83.62,79.21,27.36,57.38
82.94,82.94,67.01,28.95,57.92
82.39,82.39,53.03,31.01,56.28
83.14,83.14,51.80,26.52,56.49
80.67,80.67,50.64,29.82,55.59
78.20,78.20,49.25,25.08,55.95
75.22,75.22,46.34,29.69,57.28
75.17,75.17,45.95,28.87,56.47
76.09,76.09,44.40,31.66,57.80
76.02,76.02,50.00,31.33,57.97
73.93,73.93,52.24,33.61,56.41
74.56,74.56,51.00,34.72,56.86
75.96,75.96,51.49,29.93,59.46
74.99,74.99,52.00,27.08,60.31
75.99,75.99,52.18,29.33,58.24
77.96,77.96,52.98,25.97,60.32
75.58,75.58,56.54,26.92,57.60
71.83,71.83,54.58,29.09,56.18
71.52,71.52,51.27,30.63,55.58
69.32,69.32,47.33,31.79,57.69
69.89,69.89,43.57,27.75,57.41
73.31,73.31,41.75,26.26,58.89
71.32,71.32,40.55,22.01,56.51
73.11,73.11,41.02,26.97,56.61
75.38,75.38,40.05,26.87,57.19
75.37,75.37,38.97,27.78,59.33
78.40,78.40,38.27,32.49,59.59
78.30,78.30,38.85,31.35,59.54
78.84,78.84,41.10,30.85,57.14
77.71,77.71,42.82,32.82,58.65
74.91,74.91,40.85,28.19,59.71
75.28,75.28,41.77,33.47,57.64
74.73,74.73,43.06,32.98,54.79
69.93,69.93,43.01,32.18,57.94
69.75,69.75,42.40,29.61,56.99
69.96,69.96,41.42,26.74,58.02
65.66,65.66,39.43,30.45,57.40
69.80,69.80,40.23,26.06,58.26
67.82,67.82,47.88,29.09,57.07
67.94,67.94,50.98,27.26,57.50
66.96,66.96,49.01,26.07,56.06
64.76,64.76,48.55,26.32,57.40
65.63,65.63,50.62,32.84,58.32
66.02,66.02,49.99,31.11,58.66
64.75,64.75,51.01,23.55,58.29
61.96,61.96,49.20,23.87,59.76
65.65,65.65,45.30,26.01,59.37
63.56,63.56,42.98,20.36,58.59
63.33,63.33,38.70,25.26,57.17
62.02,62.02,37.94,25.72,57.53
60.47,60.47,38.82,25.25,57.82
63.60,63.60,41.62,27.52,60.07
67.36,67.36,46.31,26.25,60.75
68.87,68.87,46.21,26.12,58.85
71.74,71.74,41.45,25.42,60.25
70.86,70.86,39.66,27.50,61.81
65.32,65.32,38.12,24.72,60.67
61.24,61.24,36.52,27.71,58.74
57.67,57.67,36.60,22.57,60.46
55.11,55.11,36.80,25.62,58.37
62.14,62.14,36.04,21.74,56.10
63.17,63.17,38.18,26.40,58.82
59.38,59.38,38.70,22.75,57.65
54.93,54.93,36.05,26.26,56.62
55.36,55.36,36.08,24.92,56.86
56.53,56.53,33.39,25.25,58.42
57.43,57.43,36.99,26.22,59.89
54.74,54.74,44.42,25.07,56.77
53.96,53.96,41.15,22.67,57.86
52.53,52.53,39.17,21.38,56.36
52.79,52.79,40.48,22.48,57.60
58.55,58.55,41.13,19.30,59.43
59.19,59.19,42.14,19.34,60.29
53.20,53.20,43.25,18.87,57.31
48.02,48.02,37.91,17.60,55.60
48.24,48.24,37.32,15.41,53.92
49.08,49.08,35.75,20.69,53.45
48.16,48.16,33.32,21.75,51.92
46.61,46.61,34.75,22.35,52.83
48.63,48.63,32.90,23.38,52.65
51.55,51.55,33.54,24.14,56.03
53.12,53.12,31.48,20.95,55.27
56.49,56.49,31.10,23.92,55.45
57.85,57.85,31.49,25.08,55.94
55.59,55.59,32.02,21.26,54.63
53.60,53.60,31.91,21.39,53.35
50.81,50.81,33.27,22.08,54.47
45.83,45.83,33.68,24.13,53.15
44.71,44.71,34.28,25.30,50.71
42.45,42.45,35.69,27.65,50.44
43.77,43.77,35.73,27.16,51.58
45.97,45.97,35.41,25.17,51.53
48.54,48.54,36.77,29.29,52.12
45.20,45.20,36.22,25.77,49.47
44.70,44.70,38.32,29.38,50.65
45.07,45.07,39.66,30.85,48.13
47.41,47.41,38.70,27.81,47.68
45.40,45.40,38.32,27.60,47.13
43.58,43.58,37.02,26.54,47.24
44.79,44.79,35.90,26.72,46.84
49.14,49.14,38.52,30.12,52.09
46.92,46.92,39.92,33.89,51.35
43.26,43.26,42.81,34.86,48.77
40.23,40.23,42.42,36.22,48.26
39.87,39.87,42.79,35.83,47.46
39.84,39.84,40.26,33.80,44.50
41.52,41.52,35.93,23.83,46.92
42.79,42.79,35.73,25.76,48.65
38.64,38.64,39.49,33.15,47.09
40.89,40.89,42.71,35.48,46.38
40.07,40.07,44.18,36.54,49.05
45.80,45.80,44.09,37.22,50.33
47.28,47.28,42.40,37.70,49.79
43.87,43.87,41.14,31.23,48.93
43.36,43.36,39.54,35.71,46.92
41.18,41.18,40.22,32.28,47.36
42.23,42.23,39.85,27.66,48.59
43.99,43.99,40.65,35.82,47.47
41.00,41.00,38.94,29.29,48.90
40.08,40.08,41.07,35.48,44.68
42.45,42.45,40.00,30.59,43.96
39.93,39.93,38.77,34.75,43.59
42.85,42.85,37.34,33.63,46.46
44.38,44.38,38.96,33.23,45.68
43.33,43.33,39.89,34.69,43.90
41.64,41.64,42.88,38.36,42.15
38.07,38.07,44.43,34.77,41.44
39.47,39.47,45.40,36.80,41.65
42.74,42.74,43.74,37.35,41.95
43.11,43.11,42.82,33.90,43.11
40.54,40.54,42.47,35.25,41.31
39.53,39.53,39.08,30.23,40.08
40.76,40.76,39.43,34.85,44.75
39.06,39.06,33.95,26.33,41.43
38.70,38.70,37.77,36.05,42.21
38.97,38.97,37.77,33.75,42.41
38.67,38.67,36.14,30.53,41.34
40.33,40.33,37.17,33.36,40.19
40.64,40.64,38.20,27.53,41.43
40.40,40.40,37.91,28.33,40.50
41.62,41.62,39.63,33.83,43.10
41.60,41.60,38.42,36.65,45.80
40.89,40.89,40.15,36.80,45.56
39.37,39.37,41.27,38.30,43.83
36.30,36.30,38.59,32.99,42.11
41.47,41.47,39.58,35.18,42.14
37.59,37.59,38.33,34.16,42.51
34.53,34.53,37.46,29.26,40.28
35.89,35.89,39.92,33.17,39.29
36.39,36.39,37.30,27.74,41.69
38.40,38.40,40.74,30.22,43.27
42.77,42.77,40.17,24.71,44.37
39.14,39.14,39.75,35.14,44.70
41.51,41.51,38.53,27.70,45.08
39.65,39.65,41.67,35.32,43.88
37.91,37.91,39.90,31.61,44.27
38.03,38.03,41.30,32.94,44.24
35.09,35.09,38.16,25.79,41.30
37.37,37.37,39.82,34.01,40.04
41.04,41.04,40.16,31.44,42.33
39.22,39.22,38.35,35.30,41.62
39.50,39.50,40.03,34.01,46.08
37.06,37.06,39.76,31.12,47.37
39.60,39.60,40.45,27.28,47.53
39.18,39.18,38.75,30.47,42.42
38.46,38.46,40.42,35.64,42.42
38.18,38.18,39.87,35.51,42.30
39.11,39.11,39.26,36.61,41.63
41.21,41.21,39.04,34.74,40.11
40.00,40.00,39.75,37.19,43.65
38.73,38.73,40.94,37.88,41.45
38.33,38.33,39.60,37.37,38.01
37.12,37.12,40.69,39.35,39.13
38.10,38.10,41.33,38.19,38.30
42.37,42.37,41.33,34.17,38.11
41.08,41.08,39.70,29.92,37.74
35.93,35.93,41.38,32.89,35.59
38.56,38.56,40.91,34.51,37.63
38.42,38.42,42.35,36.70,37.70
40.41,40.41,41.05,35.39,36.35
36.44,36.44,38.96,34.83,34.96
39.33,39.33,41.39,32.70,37.49
39.73,39.73,40.11,32.33,38.27
37.55,37.55,40.15,31.38,38.00
39.35,39.35,41.54,37.61,37.85
37.76,37.76,41.04,37.11,37.22
36.89,36.89,38.80,34.77,36.77
32.95,32.95,36.11,33.43,36.07
35.22,35.22,40.58,32.89,36.50
39.91,39.91,40.10,31.40,38.39
39.44,39.44,42.12,34.01,40.11
39.64,39.64,41.04,31.68,39.66
37.90,37.90,38.89,29.54,37.01
38.77,38.77,38.66,30.77,34.46
37.70,37.70,39.99,29.10,37.53
37.30,37.30,41.62,33.73,39.55
38.23,38.23,39.30,34.68,38.96
38.12,38.12,41.60,34.00,39.16
38.68,38.68,40.74,33.31,37.50
39.13,39.13,40.98,36.93,37.73
37.48,37.48,43.29,37.14,38.81
37.90,37.90,41.25,35.44,39.21
42.80,42.80,42.63,38.67,41.83
38.96,38.96,43.79,34.99,43.52
41.71,41.71,46.50,40.53,46.39
40.14,40.14,42.57,41.42,45.65
41.47,41.47,44.11,41.24,44.93
44.59,44.59,46.76,41.82,42.24
39.94,39.94,45.80,41.23,43.09
37.87,37.87,45.95,42.22,43.47
35.89,35.89,45.05,43.45,44.61
34.64,34.64,44.43,41.61,44.04
43.25,43.25,46.88,42.06,42.44
43.75,43.75,45.98,40.63,43.17
44.09,44.09,44.46,36.43,41.17
40.04,40.04,42.97,29.95,38.79
39.67,39.67,42.46,30.65,46.87
39.41,39.41,40.78,35.75,51.43
41.72,41.72,44.70,38.64,52.73
42.43,42.43,44.68,40.22,48.13
43.07,43.07,40.93,37.82,44.85
45.13,45.13,42.48,38.36,51.14
43.28,43.28,43.58,36.84,53.47
44.40,44.40,46.72,28.81,53.61
44.43,44.43,42.84,34.66,52.08
46.99,46.99,44.84,32.86,47.52
42.27,42.27,44.08,38.51,40.56
44.26,44.26,44.18,36.79,40.46
43.42,43.42,44.00,38.45,40.57
43.47,43.47,44.52,39.28,42.25
40.80,40.80,45.06,38.52,40.11
40.66,40.66,43.90,39.53,36.10
41.03,41.03,46.79,41.09,34.99
37.63,37.63,41.92,38.42,37.03
37.61,37.61,42.20,38.15,40.46
41.09,41.09,43.59,37.50,42.65
39.04,39.04,41.46,34.58,40.80
41.12,41.12,42.39,29.66,39.02
44.83,44.83,41.19,29.62,43.45
41.29,41.29,40.81,29.60,46.16
40.34,40.34,43.03,31.21,42.82
42.48,42.48,42.83,32.51,42.19
41.75,41.75,41.29,33.44,40.78
40.66,40.66,43.24,37.77,42.73
40.77,40.77,44.03,38.77,45.99
39.25,39.25,44.26,39.12,46.02
38.11,38.11,43.95,40.01,43.19
36.49,36.49,44.79,38.84,39.95
42.84,42.84,45.38,40.10,42.88
41.32,41.32,44.25,38.77,41.31
42.05,42.05,42.27,34.95,40.14
42.18,42.18,41.50,32.63,42.16
39.55,39.55,40.45,31.60,40.03
38.74,38.74,38.58,28.89,39.26
37.42,37.42,40.67,32.83,37.52
42.01,42.01,45.34,37.30,39.62
42.03,42.03,45.38,35.74,39.90
43.32,43.32,43.63,35.93,34.83
42.96,42.96,45.23,39.16,38.65
41.25,41.25,43.01,36.89,37.57
42.86,42.86,46.62,35.65,39.77
42.50,42.50,44.08,35.35,41.00
42.34,42.34,44.89,34.78,41.91
41.45,41.45,45.02,37.92,41.84
42.05,42.05,46.07,37.68,44.31
44.83,44.83,45.03,32.71,43.93
45.22,45.22,45.35,34.17,42.96
44.84,44.84,45.22,34.81,40.44
44.86,44.86,43.20,34.16,40.48
44.83,44.83,44.81,35.00,44.06
42.85,42.85,41.91,35.27,42.96
41.31,41.31,43.26,37.14,45.17
44.83,44.83,44.58,36.48,46.57
43.84,43.84,43.38,35.75,48.15
46.31,46.31,44.79,34.84,47.70
42.37,42.37,45.39,41.32,46.64
43.81,43.81,43.96,37.19,49.35
42.74,42.74,45.13,40.96,50.86
42.99,42.99,41.19,38.60,50.52
44.03,44.03,45.84,42.02,50.87
41.52,41.52,42.55,39.43,50.76
42.85,42.85,44.91,41.48,50.13
41.09,41.09,42.89,36.19,50.08
38.62,38.62,46.66,41.41,46.74
40.92,40.92,43.63,37.74,44.30
43.55,43.55,42.32,33.39,47.11
42.88,42.88,44.93,35.48,46.47
41.28,41.28,43.05,34.27,48.13
38.84,38.84,39.99,30.80,47.81
40.46,40.46,42.64,32.80,46.95
43.62,43.62,42.11,35.26,49.27
39.50,39.50,42.55,37.17,50.67
40.11,40.11,43.25,39.86,50.63
40.83,40.83,47.32,40.50,50.97
36.44,36.44,40.90,40.75,45.84
38.17,38.17,42.03,39.74,44.96
38.00,38.00,41.06,38.06,47.53
41.83,41.83,42.30,39.27,50.11
37.72,37.72,41.19,37.67,47.76
37.57,37.57,42.15,38.76,52.64
39.34,39.34,41.95,37.62,50.60
39.91,39.91,42.42,35.67,53.70
38.39,38.39,41.18,35.61,55.21
37.62,37.62,40.08,32.58,56.25
37.45,37.45,40.78,35.51,55.82
37.36,37.36,36.70,32.59,54.22
41.49,41.49,40.55,35.66,55.64
39.81,39.81,40.16,32.32,52.11
38.49,38.49,41.77,36.03,54.32
37.18,37.18,45.60,37.34,54.41
35.49,35.49,45.05,37.37,54.88
36.30,36.30,45.03,40.29,53.35
36.39,36.39,43.61,38.18,54.66
32.40,32.40,44.49,41.25,56.68
35.44,35.44,43.41,40.45,56.07
36.88,36.88,44.45,42.98,55.26
37.63,37.63,37.62,38.87,57.01
36.12,36.12,41.13,41.14,54.62
34.97,34.97,39.39,38.75,57.04
33.74,33.74,41.03,42.53,57.70
33.55,33.55,36.84,35.36,59.07
34.78,34.78,37.77,44.29,60.23
35.61,35.61,32.10,40.06,59.93
36.64,36.64,32.61,43.66,58.37
36.75,36.75,32.61,39.52,60.40
33.98,33.98,32.03,39.74,58.27
35.45,35.45,31.89,41.49,56.68
35.66,35.66,34.17,47.60,58.46
37.31,37.31,33.89,43.22,57.60
36.96,36.96,32.94,43.96,58.79
37.52,37.52,30.13,46.26,58.18
37.57,37.57,29.04,46.24,59.24
32.62,32.62,25.69,41.69,61.09
32.51,32.51,24.89,44.24,61.58
33.22,33.22,24.43,44.36,63.95
32.32,32.32,25.44,43.76,63.88
32.78,32.78,25.71,41.34,63.60
33.85,33.85,25.10,40.87,62.72
34.38,34.38,20.54,40.52,63.12
33.61,33.61,23.52,42.04,62.04
34.91,34.91,25.15,38.82,61.90
35.05,35.05,24.82,36.73,65.30
33.54,33.54,24.94,37.73,62.13
33.15,33.15,25.91,37.44,60.81
34.70,34.70,27.92,36.83,60.56
38.72,38.72,28.57,39.83,60.94
34.57,34.57,28.46,45.44,59.72
36.00,36.00,28.70,45.87,56.79
33.53,33.53,29.04,43.72,57.36
34.09,34.09,29.64,46.02,56.97
34.78,34.78,32.90,49.11,57.23
33.14,33.14,31.76,49.78,56.30
36.49,36.49,32.80,47.16,57.87
36.31,36.31,30.09,48.35,60.07
35.84,35.84,30.24,50.56,62.07
33.78,33.78,29.18,50.87,62.09
36.39,36.39,27.90,49.09,58.36
38.53,38.53,27.18,48.85,62.90
36.33,36.33,27.05,49.80,61.57
34.89,34.89,27.95,50.75,62.75
30.95,30.95,28.39,50.71,62.95
31.21,31.21,24.90,48.92,63.38
34.58,34.58,26.21,48.94,62.95
34.59,34.59,28.81,49.40,62.86
32.35,32.35,26.45,50.17,62.72
33.26,33.26,25.42,48.60,61.97
32.14,32.14,27.86,47.05,61.49
32.18,32.18,26.40,45.11,59.33
33.77,33.77,27.32,45.49,60.11
32.79,32.79,28.37,42.27,63.42
32.51,32.51,23.15,40.91,61.35
30.50,30.50,25.85,41.16,64.78
28.58,28.58,23.62,39.72,63.58
28.23,28.23,22.73,41.24,67.75
27.54,27.54,20.31,38.68,66.30
24.01,24.01,20.24,40.47,67.54
26.62,26.62,18.79,36.49,67.81
28.84,28.84,19.07,37.18,68.17
26.75,26.75,18.56,34.12,66.90
27.50,27.50,21.67,33.68,66.91
28.16,28.16,20.33,35.40,65.29
26.64,26.64,18.90,34.73,66.94
30.28,30.28,21.15,32.85,67.78
30.88,30.88,18.88,34.43,66.89
29.05,29.05,20.26,35.73,66.52
30.84,30.84,18.78,37.60,66.27
27.59,27.59,19.03,37.53,65.84
26.36,26.36,19.79,40.21,66.51
28.95,28.95,17.99,40.76,67.57
26.95,26.95,17.11,43.26,69.02
26.63,26.63,20.30,43.13,67.71
26.41,26.41,18.13,46.36,68.74
24.88,24.88,16.98,45.83,70.03
23.58,23.58,15.48,46.06,69.52
23.43,23.43,14.28,46.58,69.78
22.47,22.47,16.56,46.73,69.50
26.07,26.07,16.95,46.91,70.09
25.52,25.52,18.37,47.44,70.53
26.20,26.20,19.53,48.48,66.83
25.80,25.80,19.34,48.99,65.92
26.18,26.18,20.15,49.96,65.76
26.39,26.39,17.17,48.78,66.74
25.27,25.27,16.62,47.87,67.45
24.37,24.37,15.60,47.89,69.02
30.56,30.56,15.83,46.64,69.06
27.11,27.11,16.05,46.64,70.40
26.27,26.27,16.00,47.52,68.21
24.62,24.62,16.94,47.94,69.75
24.83,24.83,18.24,47.91,69.77
27.12,27.12,18.45,47.85,69.36
25.75,25.75,16.62,46.49,67.76
23.93,23.93,15.23,44.45,67.66
24.23,24.23,11.95,45.09,68.57
23.70,23.70,12.28,44.78,69.54
23.55,23.55,14.04,43.47,68.44
23.94,23.94,14.49,43.01,68.88
23.64,23.64,15.82,43.58,73.36
24.10,24.10,17.44,44.98,72.88
26.52,26.52,17.11,46.33,71.80
28.39,28.39,18.47,47.73,72.14
28.01,28.01,18.59,47.00,71.51
26.81,26.81,18.63,47.91,72.16
25.65,25.65,17.40,48.68,69.23
26.16,26.16,16.88,48.28,68.41
24.36,24.36,17.56,49.58,64.46
26.40,26.40,16.46,50.65,67.86
24.82,24.82,14.49,50.44,67.89
24.07,24.07,15.86,52.00,70.77
23.07,23.07,16.92,54.02,71.34
20.56,20.56,15.72,55.60,73.25
19.41,19.41,16.18,56.80,73.26
19.28,19.28,16.28,60.31,72.86
19.04,19.04,15.78,62.61,71.24
22.47,22.47,19.10,63.94,73.44
22.62,22.62,18.95,65.40,74.85
21.95,21.95,19.34,66.23,72.27
21.66,21.66,19.50,66.27,72.36
23.50,23.50,19.87,66.77,71.10
24.40,24.40,20.43,67.04,73.38
25.11,25.11,20.71,66.85,70.77
24.31,24.31,18.56,66.69,69.76
23.17,23.17,19.08,66.85,70.00
22.59,22.59,19.51,66.21,67.67
22.95,22.95,18.69,66.17,68.40
22.06,22.06,17.37,66.04,68.86
22.63,22.63,18.08,65.14,67.89
22.05,22.05,17.71,64.95,69.58
20.73,20.73,15.82,64.28,71.90
21.12,21.12,16.37,61.46,72.32
19.62,19.62,16.77,60.59,73.01
19.45,19.45,17.16,59.83,75.97
18.43,18.43,16.75,57.25,73.97
19.20,19.20,16.50,57.71,75.29
18.81,18.81,15.51,56.92,74.68
19.65,19.65,15.23,52.39,72.24
21.57,21.57,15.94,49.71,74.03
23.32,23.32,16.09,46.85,73.51
22.76,22.76,15.97,37.23,72.11
24.56,24.56,15.38,44.77,70.03
25.13,25.13,15.41,38.24,70.25
25.81,25.81,14.86,46.68,68.69
26.46,26.46,13.93,42.06,69.15
26.24,26.24,14.51,40.75,68.65
26.16,26.16,14.51,46.97,68.30
26.27,26.27,15.10,43.66,67.56
25.99,25.99,14.22,44.71,66.62
27.90,27.90,16.35,46.56,67.44
27.12,27.12,15.07,47.16,68.07
27.05,27.05,14.84,46.52,67.35
26.26,26.26,14.75,47.73,67.62
28.45,28.45,15.18,45.60,66.31
27.05,27.05,14.08,47.94,67.33
27.45,27.45,14.27,45.00,66.93
27.80,27.80,12.91,44.94,65.48
27.67,27.67,13.96,45.94,66.94
27.81,27.81,12.15,46.17,67.82
26.96,26.96,10.69,44.50,66.06
31.67,31.67,10.03,44.68,68.38
28.76,28.76,11.25,47.49,69.78
27.33,27.33,11.50,46.02,68.92
28.29,28.29,10.58,45.01,68.26
30.42,30.42,13.03,46.90,69.63
27.74,27.74,12.73,44.94,66.61
28.36,28.36,14.32,45.64,66.31
28.06,28.06,13.35,43.98,68.85
26.73,26.73,14.00,45.33,67.16
27.96,27.96,14.21,42.35,66.88
27.58,27.58,14.57,43.61,68.29
26.96,26.96,12.79,42.16,68.19
28.13,28.13,13.73,40.37,67.90
28.74,28.74,12.80,40.59,70.75
28.49,28.49,10.41,38.44,69.46
29.31,29.31,10.67,41.82,68.68
29.46,29.46,9.39,41.32,70.64
27.38,27.38,7.25,42.12,71.68
25.09,25.09,6.28,39.93,70.75
23.58,23.58,6.70,41.60,72.20
23.28,23.28,6.12,39.97,71.72
25.96,25.96,6.54,40.03,70.58
25.74,25.74,7.59,39.82,70.52
24.74,24.74,6.45,39.30,73.51
28.60,28.60,7.04,38.94,72.00
31.20,31.20,7.95,37.94,71.52
29.42,29.42,9.71,41.01,70.66
27.94,27.94,10.38,38.70,70.40
27.52,27.52,10.89,40.03,70.59
31.56,31.56,9.96,37.45,71.10
25.90,25.90,12.21,37.08,71.42
25.08,25.08,10.46,30.01,72.59
27.40,27.40,11.22,31.79,72.41
28.71,28.71,11.21,37.12,73.92
26.04,26.04,11.69,38.99,73.82
24.65,24.65,13.33,38.95,70.80
26.06,26.06,17.10,37.82,71.78
25.90,25.90,15.97,38.22,72.34
27.38,27.38,12.75,38.90,70.19
28.86,28.86,12.37,38.19,69.88
30.45,30.45,10.07,38.96,69.54
31.73,31.73,10.18,38.57,70.01
27.32,27.32,8.69,38.58,70.47
27.39,27.39,9.49,37.56,69.16
25.97,25.97,9.73,34.78,72.91
25.95,25.95,8.93,32.92,73.10
27.25,27.25,8.51,29.78,72.61
27.34,27.34,8.62,31.60,72.93
31.56,31.56,8.70,29.48,76.05
28.65,28.65,8.36,31.47,72.09
30.65,30.65,9.72,31.40,73.05
28.26,28.26,10.28,33.54,72.31
29.40,29.40,9.88,32.40,72.93
27.39,27.39,7.50,35.40,72.16
27.36,27.36,8.30,33.37,72.19
24.90,24.90,5.85,35.59,72.53
27.36,27.36,4.77,34.31,74.80
25.69,25.69,3.93,36.46,73.17
27.19,27.19,5.54,31.27,73.80
29.08,29.08,5.11,34.51,76.15
27.95,27.95,4.11,32.96,74.59
30.27,30.27,4.88,33.70,73.61
30.55,30.55,4.99,33.62,73.11
34.69,34.69,5.28,35.78,74.09
36.22,36.22,4.29,32.42,72.72
30.98,30.98,6.77,27.99,71.46
32.13,32.13,8.56,23.83,70.64
32.30,32.30,14.26,32.18,69.88
28.53,28.53,13.80,25.04,67.30
25.95,25.95,12.52,30.35,66.70
23.41,23.41,8.57,29.06,69.32
23.96,23.96,6.73,30.66,67.93
26.39,26.39,6.84,33.10,70.89
28.01,28.01,5.83,34.90,70.45
28.21,28.21,6.53,33.95,72.90
29.01,29.01,9.95,30.35,74.45
28.47,28.47,12.45,27.39,74.61
25.27,25.27,12.30,30.54,74.46
25.45,25.45,10.33,25.25,75.73
28.50,28.50,8.70,31.21,72.93
26.16,26.16,9.84,30.90,73.43
26.97,26.97,9.26,29.22,72.39
27.91,27.91,9.79,30.64,70.35
29.14,29.14,9.67,30.32,69.67
29.99,29.99,12.10,32.20,71.54
30.45,30.45,11.22,27.29,71.64
29.74,29.74,13.64,30.94,69.85
30.06,30.06,13.42,29.15,68.79
30.42,30.42,13.74,24.42,73.65
30.03,30.03,14.34,27.81,70.18
29.01,29.01,12.97,29.79,69.47
31.66,31.66,11.90,33.75,70.36
30.33,30.33,10.63,37.82,71.78
31.08,31.08,11.51,40.31,69.47
30.17,30.17,9.87,41.09,69.19
25.37,25.37,7.25,41.12,72.10
31.37,31.37,5.98,41.29,71.66
32.76,32.76,4.38,44.23,73.17
32.47,32.47,3.89,45.50,72.10
32.28,32.28,5.47,46.48,73.80
33.13,33.13,6.43,48.10,76.09
33.04,33.04,7.74,48.35,74.34
31.88,31.88,6.64,50.09,75.28
33.79,33.79,7.85,48.71,73.49
33.75,33.75,10.19,48.41,71.00
32.99,32.99,11.50,49.55,71.68
33.00,33.00,11.11,48.15,71.39
30.94,30.94,10.37,49.25,71.30
31.57,31.57,9.71,48.09,70.80
32.51,32.51,10.49,46.44,69.70
30.94,30.94,10.80,46.27,71.84
28.37,28.37,10.75,44.41,69.52
30.92,30.92,9.40,42.95,70.62
30.62,30.62,7.29,43.08,70.63
33.55,33.55,8.15,40.89,66.79
33.21,33.21,8.76,39.90,69.93
31.94,31.94,8.23,38.07,68.89
30.40,30.40,6.98,38.20,70.22
32.54,32.54,9.38,35.93,70.17
31.38,31.38,6.77,36.48,72.39
28.01,28.01,9.01,35.11,71.13
27.79,27.79,7.85,34.72,71.35
30.68,30.68,11.08,37.51,72.38
32.61,32.61,12.93,34.02,72.61
31.14,31.14,12.65,34.60,71.77
30.62,30.62,13.76,31.48,71.88
30.87,30.87,14.05,29.81,72.55
30.01,30.01,15.56,32.29,70.09
30.15,30.15,12.82,26.95,71.15
29.38,29.38,12.89,35.22,71.75
28.40,28.40,12.77,34.22,70.93
28.79,28.79,10.84,35.21,72.16
34.14,34.14,13.33,36.21,70.93
36.75,36.75,12.80,35.51,72.86
37.20,37.20,13.99,32.09,71.32
36.35,36.35,13.72,27.02,71.63
37.97,37.97,14.92,28.29,72.79
40.36,40.36,14.41,30.26,70.75
36.80,36.80,16.25,32.26,70.85
33.43,33.43,15.46,34.73,71.07
32.37,32.37,14.02,32.61,72.45
36.84,36.84,14.07,34.80,72.08
33.77,33.77,13.89,33.70,70.97
31.51,31.51,13.99,36.98,70.42
34.47,34.47,14.05,35.30,71.40
34.70,34.70,14.15,37.63,70.78
36.46,36.46,14.91,39.62,70.91
34.72,34.72,14.51,36.13,71.22
35.43,35.43,14.48,41.28,71.02
39.88,39.88,15.05,37.51,68.88
34.47,34.47,14.29,39.50,68.33
34.50,34.50,15.32,39.94,65.47
40.98,40.98,17.00,36.39,65.38
48.36,48.36,18.78,43.33,64.83
49.25,49.25,21.62,41.16,65.21
47.31,47.31,19.89,42.77,66.19
44.38,44.38,17.01,48.87,65.53
35.59,35.59,16.79,46.66,64.86
33.16,33.16,20.28,49.97,64.29
34.39,34.39,17.41,50.11,64.40
36.54,36.54,15.98,50.36,65.22
37.20,37.20,10.13,53.86,66.79
41.20,41.20,9.47,48.65,66.29
41.31,41.31,10.27,54.67,67.43
44.46,44.46,9.52,53.68,66.09
47.76,47.76,8.32,56.54,69.08
44.54,44.54,9.34,54.81,68.04
34.78,34.78,10.77,57.30,68.04
21.93,21.93,10.53,56.55,69.04
19.44,19.44,13.02,57.96,69.16
21.53,21.53,14.63,59.00,69.47
26.87,26.87,11.76,56.08,68.46
28.44,28.44,13.20,59.75,68.41
28.03,28.03,12.68,58.82,68.78
28.10,28.10,13.22,56.74,66.81
22.37,22.37,13.60,59.31,66.13
25.24,25.24,15.26,56.61,66.92
20.80,20.80,14.16,55.72,69.31
24.94,24.94,13.66,64.22,67.44
31.39,31.39,15.38,56.12,67.84
39.07,39.07,13.43,56.38,67.45
52.03,52.03,11.67,57.34,67.16
55.93,55.93,16.84,59.43,67.92
59.42,59.42,25.51,58.10,64.45
61.74,61.74,27.42,54.93,65.98
62.57,62.57,25.54,54.71,72.10
65.80,65.80,24.64,55.46,67.27
66.65,66.65,25.21,56.31,64.82
68.47,68.47,25.23,58.97,64.47
65.22,65.22,30.50,60.97,59.78
68.40,68.40,33.25,65.62,56.06
68.19,68.19,32.02,63.36,56.08
64.35,64.35,31.04,60.96,51.33
58.23,58.23,39.76,66.16,48.64
52.38,52.38,38.32,66.53,45.79
48.43,48.43,37.99,67.35,38.78
50.74,50.74,34.82,71.63,32.89
41.71,41.71,21.37,66.74,35.53
36.63,36.63,15.41,67.68,34.37
40.69,40.69,6.77,54.43,31.03
25.94,25.94,3.30,54.93,35.40
19.14,19.14,0.37,52.75,42.48
15.44,15.44,8.76,43.13,42.78
8.12,8.12,16.57,48.61,53.92
